year,province,mthincome_mthexp_totaldebt_pctexptoincome,soc_eco_class1,soc_eco_class2,value,unit,attribute,source
2566,กรุงเทพมหานคร,รายได้ทั้งสิ้นต่อเดือน,รวมทั้งสิ้น,รวมทั้งสิ้น,40051.00,บาท,,สำนักงานสถิติแห่งชาติ
2566,กรุงเทพมหานคร,รายได้ทั้งสิ้นต่อเดือน,ผู้ถือครองทำการเกษตร/เพาะเลี้ยง,ปลูกพืช/เลี้ยงสัตว์/เพาะเลี้ยง_ส่วนใหญ่เป็นเจ้าของที่ดิน,29549.00,บาท,,สำนักงานสถิติแห่งชาติ
2566,กรุงเทพมหานคร,รายได้ทั้งสิ้นต่อเดือน,ผู้ถือครองทำการเกษตร/เพาะเลี้ยง,ปลูกพืช/เลี้ยงสัตว์/เพาะเลี้ยง_ส่วนใหญ่เช่าที่ดิน/ทำฟรี,.00,บาท,"ศูนย์ยกกำลังดับเบิลยู หมายถึง ข้อมูลจากการสำรวจตัวอย่างมีค่าเป็น 0",สำนักงานสถิติแห่งชาติ
2566,กรุงเทพมหานคร,รายได้ทั้งสิ้นต่อเดือน,ผู้ถือครองทำการเกษตร/เพาะเลี้ยง,ประมงป่าไม้ล่าสัตว์หาของป่าบริการทางการเกษตร,.00,บาท,"ศูนย์ยกกำลังดับเบิลยู หมายถึง ข้อมูลจากการสำรวจตัวอย่างมีค่าเป็น 0",สำนักงานสถิติแห่งชาติ
2566,กรุงเทพมหานคร,รายได้ทั้งสิ้นต่อเดือน,ผู้ประกอบธุรกิจของตนเองที่ไม่ใช่การเกษตร,ผู้ประกอบธุรกิจของตนเองที่ไม่ใช่การเกษตร,48801.00,บาท,,สำนักงานสถิติแห่งชาติ
2566,กรุงเทพมหานคร,รายได้ทั้งสิ้นต่อเดือน,ลูกจ้าง,ผู้จัดการนักวิชาการและผู้ปฏิบัติงานวิชาชีพ,62571.00,บาท,,สำนักงานสถิติแห่งชาติ
2566,กรุงเทพมหานคร,รายได้ทั้งสิ้นต่อเดือน,ลูกจ้าง,คนงานเกษตรป่าไม้และประมง,17533.00,บาท,,สำนักงานสถิติแห่งชาติ
2566,กรุงเทพมหานคร,รายได้ทั้งสิ้นต่อเดือน,ลูกจ้าง,คนงานด้านการขนส่งและงานพื้นฐาน,22938.00,บาท,,สำนักงานสถิติแห่งชาติ
2566,กรุงเทพมหานคร,รายได้ทั้งสิ้นต่อเดือน,ลูกจ้าง,เสมียนพนักงานขายและให้บริการ,29580.00,บาท,,สำนักงานสถิติแห่งชาติ
2566,กรุงเทพมหานคร,รายได้ทั้งสิ้นต่อเดือน,ลูกจ้าง,ผู้ปฏิบัติงานในกระบวนการผลิตก่อสร้างและเหมืองแร่,27353.00,บาท,,สำนักงานสถิติแห่งชาติ
2566,กรุงเทพมหานคร,รายได้ทั้งสิ้นต่อเดือน,ผู้ไม่ได้ปฏิบัติงานเชิงเศรษฐกิจ,ผู้ไม่ได้ปฏิบัติงานเชิงเศรษฐกิจ,27245.00,บาท,,สำนักงานสถิติแห่งชาติ
2566,กรุงเทพมหานคร,ค่าใช้จ่ายทั้งสิ้นต่อเดือน,รวมทั้งสิ้น,รวมทั้งสิ้น,32736.00,บาท,,สำนักงานสถิติแห่งชาติ
2566,กรุงเทพมหานคร,ค่าใช้จ่ายทั้งสิ้นต่อเดือน,ผู้ถือครองทำการเกษตร/เพาะเลี้ยง,ปลูกพืช/เลี้ยงสัตว์/เพาะเลี้ยง_ส่วนใหญ่เป็นเจ้าของที่ดิน,28170.00,บาท,,สำนักงานสถิติแห่งชาติ
2566,กรุงเทพมหานคร,ค่าใช้จ่ายทั้งสิ้นต่อเดือน,ผู้ถือครองทำการเกษตร/เพาะเลี้ยง,ปลูกพืช/เลี้ยงสัตว์/เพาะเลี้ยง_ส่วนใหญ่เช่าที่ดิน/ทำฟรี,.00,บาท,"ศูนย์ยกกำลังดับเบิลยู หมายถึง ข้อมูลจากการสำรวจตัวอย่างมีค่าเป็น 0",สำนักงานสถิติแห่งชาติ
2566,กรุงเทพมหานคร,ค่าใช้จ่ายทั้งสิ้นต่อเดือน,ผู้ถือครองทำการเกษตร/เพาะเลี้ยง,ประมงป่าไม้ล่าสัตว์หาของป่าบริการทางการเกษตร,.00,บาท,"ศูนย์ยกกำลังดับเบิลยู หมายถึง ข้อมูลจากการสำรวจตัวอย่างมีค่าเป็น 0",สำนักงานสถิติแห่งชาติ
2566,กรุงเทพมหานคร,ค่าใช้จ่ายทั้งสิ้นต่อเดือน,ผู้ประกอบธุรกิจของตนเองที่ไม่ใช่การเกษตร,ผู้ประกอบธุรกิจของตนเองที่ไม่ใช่การเกษตร,36235.00,บาท,,สำนักงานสถิติแห่งชาติ
2566,กรุงเทพมหานคร,ค่าใช้จ่ายทั้งสิ้นต่อเดือน,ลูกจ้าง,ผู้จัดการนักวิชาการและผู้ปฏิบัติงานวิชาชีพ,49758.00,บาท,,สำนักงานสถิติแห่งชาติ
2566,กรุงเทพมหานคร,ค่าใช้จ่ายทั้งสิ้นต่อเดือน,ลูกจ้าง,คนงานเกษตรป่าไม้และประมง,16193.00,บาท,,สำนักงานสถิติแห่งชาติ
2566,กรุงเทพมหานคร,ค่าใช้จ่ายทั้งสิ้นต่อเดือน,ลูกจ้าง,คนงานด้านการขนส่งและงานพื้นฐาน,22392.00,บาท,,สำนักงานสถิติแห่งชาติ
2566,กรุงเทพมหานคร,ค่าใช้จ่ายทั้งสิ้นต่อเดือน,ลูกจ้าง,เสมียนพนักงานขายและให้บริการ,25577.00,บาท,,สำนักงานสถิติแห่งชาติ
2566,กรุงเทพมหานคร,ค่าใช้จ่ายทั้งสิ้นต่อเดือน,ลูกจ้าง,ผู้ปฏิบัติงานในกระบวนการผลิตก่อสร้างและเหมืองแร่,24759.00,บาท,,สำนักงานสถิติแห่งชาติ
2566,กรุงเทพมหานคร,ค่าใช้จ่ายทั้งสิ้นต่อเดือน,ผู้ไม่ได้ปฏิบัติงานเชิงเศรษฐกิจ,ผู้ไม่ได้ปฏิบัติงานเชิงเศรษฐกิจ,24492.00,บาท,,สำนักงานสถิติแห่งชาติ
2566,กรุงเทพมหานคร,หนี้สินเฉลี่ยต่อครัวเรือนทั้งสิ้น,รวมทั้งสิ้น,รวมทั้งสิ้น,161050.00,บาท,,สำนักงานสถิติแห่งชาติ
2566,กรุงเทพมหานคร,หนี้สินเฉลี่ยต่อครัวเรือนทั้งสิ้น,ผู้ประกอบธุรกิจของตนเองที่ไม่ใช่การเกษตร,ผู้ประกอบธุรกิจของตนเองที่ไม่ใช่การเกษตร,206130.00,บาท,,สำนักงานสถิติแห่งชาติ
2566,กรุงเทพมหานคร,หนี้สินเฉลี่ยต่อครัวเรือนทั้งสิ้น,ลูกจ้าง,ผู้จัดการนักวิชาการและผู้ปฏิบัติงานวิชาชีพ,341510.00,บาท,,สำนักงานสถิติแห่งชาติ
2566,กรุงเทพมหานคร,หนี้สินเฉลี่ยต่อครัวเรือนทั้งสิ้น,ลูกจ้าง,คนงานเกษตรป่าไม้และประมง,19290.00,บาท,,สำนักงานสถิติแห่งชาติ
2566,กรุงเทพมหานคร,หนี้สินเฉลี่ยต่อครัวเรือนทั้งสิ้น,ผู้ถือครองทำการเกษตร/เพาะเลี้ยง,ปลูกพืช/เลี้ยงสัตว์/เพาะเลี้ยง_ส่วนใหญ่เป็นเจ้าของที่ดิน,.00,บาท,"ศูนย์ยกกำลังดับเบิลยู หมายถึง ข้อมูลจากการสำรวจตัวอย่างมีค่าเป็น 0",สำนักงานสถิติแห่งชาติ
2566,กรุงเทพมหานคร,หนี้สินเฉลี่ยต่อครัวเรือนทั้งสิ้น,ผู้ถือครองทำการเกษตร/เพาะเลี้ยง,ปลูกพืช/เลี้ยงสัตว์/เพาะเลี้ยง_ส่วนใหญ่เช่าที่ดิน/ทำฟรี,.00,บาท,"ศูนย์ยกกำลังดับเบิลยู หมายถึง ข้อมูลจากการสำรวจตัวอย่างมีค่าเป็น 0",สำนักงานสถิติแห่งชาติ
2566,กรุงเทพมหานคร,หนี้สินเฉลี่ยต่อครัวเรือนทั้งสิ้น,ผู้ถือครองทำการเกษตร/เพาะเลี้ยง,ประมงป่าไม้ล่าสัตว์หาของป่าบริการทางการเกษตร,.00,บาท,"ศูนย์ยกกำลังดับเบิลยู หมายถึง ข้อมูลจากการสำรวจตัวอย่างมีค่าเป็น 0",สำนักงานสถิติแห่งชาติ
2566,กรุงเทพมหานคร,หนี้สินเฉลี่ยต่อครัวเรือนทั้งสิ้น,ลูกจ้าง,คนงานด้านการขนส่งและงานพื้นฐาน,53168.00,บาท,,สำนักงานสถิติแห่งชาติ
2566,กรุงเทพมหานคร,หนี้สินเฉลี่ยต่อครัวเรือนทั้งสิ้น,ลูกจ้าง,เสมียนพนักงานขายและให้บริการ,101097.00,บาท,,สำนักงานสถิติแห่งชาติ
2566,กรุงเทพมหานคร,หนี้สินเฉลี่ยต่อครัวเรือนทั้งสิ้น,ลูกจ้าง,ผู้ปฏิบัติงานในกระบวนการผลิตก่อสร้างและเหมืองแร่,69616.00,บาท,,สำนักงานสถิติแห่งชาติ
2566,กรุงเทพมหานคร,หนี้สินเฉลี่ยต่อครัวเรือนทั้งสิ้น,ผู้ไม่ได้ปฏิบัติงานเชิงเศรษฐกิจ,ผู้ไม่ได้ปฏิบัติงานเชิงเศรษฐกิจ,34832.00,บาท,,สำนักงานสถิติแห่งชาติ
2566,กรุงเทพมหานคร,ร้อยละของค่าใช้จ่ายต่อรายได้,รวมทั้งสิ้น,รวมทั้งสิ้น,81.74,ร้อยละ,,สำนักงานสถิติแห่งชาติ
2566,กรุงเทพมหานคร,ร้อยละของค่าใช้จ่ายต่อรายได้,ผู้ถือครองทำการเกษตร/เพาะเลี้ยง,ปลูกพืช/เลี้ยงสัตว์/เพาะเลี้ยง_ส่วนใหญ่เป็นเจ้าของที่ดิน,95.33,ร้อยละ,,สำนักงานสถิติแห่งชาติ
2566,กรุงเทพมหานคร,ร้อยละของค่าใช้จ่ายต่อรายได้,ผู้ถือครองทำการเกษตร/เพาะเลี้ยง,ปลูกพืช/เลี้ยงสัตว์/เพาะเลี้ยง_ส่วนใหญ่เช่าที่ดิน/ทำฟรี,.00,ร้อยละ,"ศูนย์จุดศูนย์ศูนย์ยกกำลังดับเบิลยู หมายถึง ข้อมูลจากการสำรวจตัวอย่างมีค่าเป็น 0",สำนักงานสถิติแห่งชาติ
2566,กรุงเทพมหานคร,ร้อยละของค่าใช้จ่ายต่อรายได้,ผู้ถือครองทำการเกษตร/เพาะเลี้ยง,ประมงป่าไม้ล่าสัตว์หาของป่าบริการทางการเกษตร,.00,ร้อยละ,"ศูนย์จุดศูนย์ศูนย์ยกกำลังดับเบิลยู หมายถึง ข้อมูลจากการสำรวจตัวอย่างมีค่าเป็น 0",สำนักงานสถิติแห่งชาติ
2566,กรุงเทพมหานคร,ร้อยละของค่าใช้จ่ายต่อรายได้,ผู้ประกอบธุรกิจของตนเองที่ไม่ใช่การเกษตร,ผู้ประกอบธุรกิจของตนเองที่ไม่ใช่การเกษตร,74.25,ร้อยละ,,สำนักงานสถิติแห่งชาติ
2566,กรุงเทพมหานคร,ร้อยละของค่าใช้จ่ายต่อรายได้,ลูกจ้าง,ผู้จัดการนักวิชาการและผู้ปฏิบัติงานวิชาชีพ,79.52,ร้อยละ,,สำนักงานสถิติแห่งชาติ
2566,กรุงเทพมหานคร,ร้อยละของค่าใช้จ่ายต่อรายได้,ลูกจ้าง,คนงานเกษตรป่าไม้และประมง,92.35,ร้อยละ,,สำนักงานสถิติแห่งชาติ
2566,กรุงเทพมหานคร,ร้อยละของค่าใช้จ่ายต่อรายได้,ลูกจ้าง,คนงานด้านการขนส่งและงานพื้นฐาน,97.62,ร้อยละ,,สำนักงานสถิติแห่งชาติ
2566,กรุงเทพมหานคร,ร้อยละของค่าใช้จ่ายต่อรายได้,ลูกจ้าง,เสมียนพนักงานขายและให้บริการ,86.47,ร้อยละ,,สำนักงานสถิติแห่งชาติ
2566,กรุงเทพมหานคร,ร้อยละของค่าใช้จ่ายต่อรายได้,ลูกจ้าง,ผู้ปฏิบัติงานในกระบวนการผลิตก่อสร้างและเหมืองแร่,90.51,ร้อยละ,,สำนักงานสถิติแห่งชาติ
2566,กรุงเทพมหานคร,ร้อยละของค่าใช้จ่ายต่อรายได้,ผู้ไม่ได้ปฏิบัติงานเชิงเศรษฐกิจ,ผู้ไม่ได้ปฏิบัติงานเชิงเศรษฐกิจ,89.89,ร้อยละ,,สำนักงานสถิติแห่งชาติ
2566,สมุทรปราการ,รายได้ทั้งสิ้นต่อเดือน,รวมทั้งสิ้น,รวมทั้งสิ้น,32263.00,บาท,,สำนักงานสถิติแห่งชาติ
2566,สมุทรปราการ,รายได้ทั้งสิ้นต่อเดือน,ผู้ถือครองทำการเกษตร/เพาะเลี้ยง,ปลูกพืช/เลี้ยงสัตว์/เพาะเลี้ยง_ส่วนใหญ่เป็นเจ้าของที่ดิน,27218.00,บาท,,สำนักงานสถิติแห่งชาติ
2566,สมุทรปราการ,รายได้ทั้งสิ้นต่อเดือน,ผู้ถือครองทำการเกษตร/เพาะเลี้ยง,ปลูกพืช/เลี้ยงสัตว์/เพาะเลี้ยง_ส่วนใหญ่เช่าที่ดิน/ทำฟรี,19828.00,บาท,,สำนักงานสถิติแห่งชาติ
2566,สมุทรปราการ,หนี้สินเฉลี่ยต่อครัวเรือนทั้งสิ้น,ลูกจ้าง,คนงานด้านการขนส่งและงานพื้นฐาน,48221.00,บาท,,สำนักงานสถิติแห่งชาติ
2566,สมุทรปราการ,หนี้สินเฉลี่ยต่อครัวเรือนทั้งสิ้น,ลูกจ้าง,เสมียนพนักงานขายและให้บริการ,139443.00,บาท,,สำนักงานสถิติแห่งชาติ
2566,สมุทรปราการ,หนี้สินเฉลี่ยต่อครัวเรือนทั้งสิ้น,ลูกจ้าง,ผู้ปฏิบัติงานในกระบวนการผลิตก่อสร้างและเหมืองแร่,235856.00,บาท,,สำนักงานสถิติแห่งชาติ
2566,สมุทรปราการ,รายได้ทั้งสิ้นต่อเดือน,ผู้ถือครองทำการเกษตร/เพาะเลี้ยง,ประมงป่าไม้ล่าสัตว์หาของป่าบริการทางการเกษตร,.00,บาท,"ศูนย์ยกกำลังดับเบิลยู หมายถึง ข้อมูลจากการสำรวจตัวอย่างมีค่าเป็น 0",สำนักงานสถิติแห่งชาติ
2566,สมุทรปราการ,รายได้ทั้งสิ้นต่อเดือน,ผู้ประกอบธุรกิจของตนเองที่ไม่ใช่การเกษตร,ผู้ประกอบธุรกิจของตนเองที่ไม่ใช่การเกษตร,29761.00,บาท,,สำนักงานสถิติแห่งชาติ
2566,สมุทรปราการ,รายได้ทั้งสิ้นต่อเดือน,ลูกจ้าง,ผู้จัดการนักวิชาการและผู้ปฏิบัติงานวิชาชีพ,48197.00,บาท,,สำนักงานสถิติแห่งชาติ
2566,สมุทรปราการ,รายได้ทั้งสิ้นต่อเดือน,ลูกจ้าง,คนงานเกษตรป่าไม้และประมง,.00,บาท,"ศูนย์ยกกำลังดับเบิลยู หมายถึง ข้อมูลจากการสำรวจตัวอย่างมีค่าเป็น 0",สำนักงานสถิติแห่งชาติ
2566,สมุทรปราการ,รายได้ทั้งสิ้นต่อเดือน,ลูกจ้าง,คนงานด้านการขนส่งและงานพื้นฐาน,24833.00,บาท,,สำนักงานสถิติแห่งชาติ
2566,สมุทรปราการ,รายได้ทั้งสิ้นต่อเดือน,ลูกจ้าง,เสมียนพนักงานขายและให้บริการ,33273.00,บาท,,สำนักงานสถิติแห่งชาติ
2566,สมุทรปราการ,รายได้ทั้งสิ้นต่อเดือน,ลูกจ้าง,ผู้ปฏิบัติงานในกระบวนการผลิตก่อสร้างและเหมืองแร่,30091.00,บาท,,สำนักงานสถิติแห่งชาติ
2566,สมุทรปราการ,รายได้ทั้งสิ้นต่อเดือน,ผู้ไม่ได้ปฏิบัติงานเชิงเศรษฐกิจ,ผู้ไม่ได้ปฏิบัติงานเชิงเศรษฐกิจ,21292.00,บาท,,สำนักงานสถิติแห่งชาติ
2566,สมุทรปราการ,ค่าใช้จ่ายทั้งสิ้นต่อเดือน,รวมทั้งสิ้น,รวมทั้งสิ้น,27355.00,บาท,,สำนักงานสถิติแห่งชาติ
2566,สมุทรปราการ,ค่าใช้จ่ายทั้งสิ้นต่อเดือน,ผู้ถือครองทำการเกษตร/เพาะเลี้ยง,ปลูกพืช/เลี้ยงสัตว์/เพาะเลี้ยง_ส่วนใหญ่เป็นเจ้าของที่ดิน,20915.00,บาท,,สำนักงานสถิติแห่งชาติ
2566,สมุทรปราการ,ค่าใช้จ่ายทั้งสิ้นต่อเดือน,ผู้ถือครองทำการเกษตร/เพาะเลี้ยง,ปลูกพืช/เลี้ยงสัตว์/เพาะเลี้ยง_ส่วนใหญ่เช่าที่ดิน/ทำฟรี,18521.00,บาท,,สำนักงานสถิติแห่งชาติ
2566,สมุทรปราการ,ค่าใช้จ่ายทั้งสิ้นต่อเดือน,ผู้ถือครองทำการเกษตร/เพาะเลี้ยง,ประมงป่าไม้ล่าสัตว์หาของป่าบริการทางการเกษตร,.00,บาท,"ศูนย์ยกกำลังดับเบิลยู หมายถึง ข้อมูลจากการสำรวจตัวอย่างมีค่าเป็น 0",สำนักงานสถิติแห่งชาติ
2566,สมุทรปราการ,ค่าใช้จ่ายทั้งสิ้นต่อเดือน,ผู้ประกอบธุรกิจของตนเองที่ไม่ใช่การเกษตร,ผู้ประกอบธุรกิจของตนเองที่ไม่ใช่การเกษตร,27704.00,บาท,,สำนักงานสถิติแห่งชาติ
2566,สมุทรปราการ,ค่าใช้จ่ายทั้งสิ้นต่อเดือน,ลูกจ้าง,ผู้จัดการนักวิชาการและผู้ปฏิบัติงานวิชาชีพ,37948.00,บาท,,สำนักงานสถิติแห่งชาติ
2566,สมุทรปราการ,ค่าใช้จ่ายทั้งสิ้นต่อเดือน,ลูกจ้าง,คนงานเกษตรป่าไม้และประมง,.00,บาท,"ศูนย์ยกกำลังดับเบิลยู หมายถึง ข้อมูลจากการสำรวจตัวอย่างมีค่าเป็น 0",สำนักงานสถิติแห่งชาติ
2566,สมุทรปราการ,ค่าใช้จ่ายทั้งสิ้นต่อเดือน,ลูกจ้าง,คนงานด้านการขนส่งและงานพื้นฐาน,22243.00,บาท,,สำนักงานสถิติแห่งชาติ
2566,สมุทรปราการ,ค่าใช้จ่ายทั้งสิ้นต่อเดือน,ลูกจ้าง,เสมียนพนักงานขายและให้บริการ,27765.00,บาท,,สำนักงานสถิติแห่งชาติ
2566,สมุทรปราการ,ค่าใช้จ่ายทั้งสิ้นต่อเดือน,ลูกจ้าง,ผู้ปฏิบัติงานในกระบวนการผลิตก่อสร้างและเหมืองแร่,25349.00,บาท,,สำนักงานสถิติแห่งชาติ
2566,สมุทรปราการ,ค่าใช้จ่ายทั้งสิ้นต่อเดือน,ผู้ไม่ได้ปฏิบัติงานเชิงเศรษฐกิจ,ผู้ไม่ได้ปฏิบัติงานเชิงเศรษฐกิจ,19493.00,บาท,,สำนักงานสถิติแห่งชาติ
2566,สมุทรปราการ,หนี้สินเฉลี่ยต่อครัวเรือนทั้งสิ้น,รวมทั้งสิ้น,รวมทั้งสิ้น,211962.00,บาท,,สำนักงานสถิติแห่งชาติ
2566,สมุทรปราการ,หนี้สินเฉลี่ยต่อครัวเรือนทั้งสิ้น,ผู้ถือครองทำการเกษตร/เพาะเลี้ยง,ปลูกพืช/เลี้ยงสัตว์/เพาะเลี้ยง_ส่วนใหญ่เป็นเจ้าของที่ดิน,.00,บาท,"ศูนย์ยกกำลังดับเบิลยู หมายถึง ข้อมูลจากการสำรวจตัวอย่างมีค่าเป็น 0",สำนักงานสถิติแห่งชาติ
2566,สมุทรปราการ,หนี้สินเฉลี่ยต่อครัวเรือนทั้งสิ้น,ผู้ถือครองทำการเกษตร/เพาะเลี้ยง,ปลูกพืช/เลี้ยงสัตว์/เพาะเลี้ยง_ส่วนใหญ่เช่าที่ดิน/ทำฟรี,300000.00,บาท,,สำนักงานสถิติแห่งชาติ
2566,สมุทรปราการ,หนี้สินเฉลี่ยต่อครัวเรือนทั้งสิ้น,ผู้ประกอบธุรกิจของตนเองที่ไม่ใช่การเกษตร,ผู้ประกอบธุรกิจของตนเองที่ไม่ใช่การเกษตร,248480.00,บาท,,สำนักงานสถิติแห่งชาติ
2566,สมุทรปราการ,หนี้สินเฉลี่ยต่อครัวเรือนทั้งสิ้น,ลูกจ้าง,ผู้จัดการนักวิชาการและผู้ปฏิบัติงานวิชาชีพ,371535.00,บาท,,สำนักงานสถิติแห่งชาติ
2566,สมุทรปราการ,หนี้สินเฉลี่ยต่อครัวเรือนทั้งสิ้น,ลูกจ้าง,คนงานเกษตรป่าไม้และประมง,.00,บาท,"ศูนย์ยกกำลังดับเบิลยู หมายถึง ข้อมูลจากการสำรวจตัวอย่างมีค่าเป็น 0",สำนักงานสถิติแห่งชาติ
2566,สมุทรปราการ,หนี้สินเฉลี่ยต่อครัวเรือนทั้งสิ้น,ผู้ถือครองทำการเกษตร/เพาะเลี้ยง,ประมงป่าไม้ล่าสัตว์หาของป่าบริการทางการเกษตร,.00,บาท,"ศูนย์ยกกำลังดับเบิลยู หมายถึง ข้อมูลจากการสำรวจตัวอย่างมีค่าเป็น 0",สำนักงานสถิติแห่งชาติ
2566,สมุทรปราการ,หนี้สินเฉลี่ยต่อครัวเรือนทั้งสิ้น,ผู้ไม่ได้ปฏิบัติงานเชิงเศรษฐกิจ,ผู้ไม่ได้ปฏิบัติงานเชิงเศรษฐกิจ,20092.00,บาท,,สำนักงานสถิติแห่งชาติ
2566,สมุทรปราการ,ร้อยละของค่าใช้จ่ายต่อรายได้,รวมทั้งสิ้น,รวมทั้งสิ้น,84.79,ร้อยละ,,สำนักงานสถิติแห่งชาติ
2566,สมุทรปราการ,ร้อยละของค่าใช้จ่ายต่อรายได้,ผู้ถือครองทำการเกษตร/เพาะเลี้ยง,ปลูกพืช/เลี้ยงสัตว์/เพาะเลี้ยง_ส่วนใหญ่เป็นเจ้าของที่ดิน,76.84,ร้อยละ,,สำนักงานสถิติแห่งชาติ
2566,สมุทรปราการ,ร้อยละของค่าใช้จ่ายต่อรายได้,ผู้ถือครองทำการเกษตร/เพาะเลี้ยง,ปลูกพืช/เลี้ยงสัตว์/เพาะเลี้ยง_ส่วนใหญ่เช่าที่ดิน/ทำฟรี,93.41,ร้อยละ,,สำนักงานสถิติแห่งชาติ
2566,สมุทรปราการ,ร้อยละของค่าใช้จ่ายต่อรายได้,ผู้ถือครองทำการเกษตร/เพาะเลี้ยง,ประมงป่าไม้ล่าสัตว์หาของป่าบริการทางการเกษตร,.00,ร้อยละ,"ศูนย์จุดศูนย์ศูนย์ยกกำลังดับเบิลยู หมายถึง ข้อมูลจากการสำรวจตัวอย่างมีค่าเป็น 0",สำนักงานสถิติแห่งชาติ
2566,สมุทรปราการ,ร้อยละของค่าใช้จ่ายต่อรายได้,ผู้ประกอบธุรกิจของตนเองที่ไม่ใช่การเกษตร,ผู้ประกอบธุรกิจของตนเองที่ไม่ใช่การเกษตร,93.09,ร้อยละ,,สำนักงานสถิติแห่งชาติ
2566,สมุทรปราการ,ร้อยละของค่าใช้จ่ายต่อรายได้,ลูกจ้าง,ผู้จัดการนักวิชาการและผู้ปฏิบัติงานวิชาชีพ,78.73,ร้อยละ,,สำนักงานสถิติแห่งชาติ
2566,สมุทรปราการ,ร้อยละของค่าใช้จ่ายต่อรายได้,ลูกจ้าง,คนงานเกษตรป่าไม้และประมง,.00,ร้อยละ,"ศูนย์จุดศูนย์ศูนย์ยกกำลังดับเบิลยู หมายถึง ข้อมูลจากการสำรวจตัวอย่างมีค่าเป็น 0",สำนักงานสถิติแห่งชาติ
2566,สมุทรปราการ,ร้อยละของค่าใช้จ่ายต่อรายได้,ลูกจ้าง,คนงานด้านการขนส่งและงานพื้นฐาน,89.57,ร้อยละ,,สำนักงานสถิติแห่งชาติ
2566,สมุทรปราการ,ร้อยละของค่าใช้จ่ายต่อรายได้,ลูกจ้าง,เสมียนพนักงานขายและให้บริการ,83.45,ร้อยละ,,สำนักงานสถิติแห่งชาติ
2566,สมุทรปราการ,ร้อยละของค่าใช้จ่ายต่อรายได้,ลูกจ้าง,ผู้ปฏิบัติงานในกระบวนการผลิตก่อสร้างและเหมืองแร่,84.24,ร้อยละ,,สำนักงานสถิติแห่งชาติ
2566,สมุทรปราการ,ร้อยละของค่าใช้จ่ายต่อรายได้,ผู้ไม่ได้ปฏิบัติงานเชิงเศรษฐกิจ,ผู้ไม่ได้ปฏิบัติงานเชิงเศรษฐกิจ,91.55,ร้อยละ,,สำนักงานสถิติแห่งชาติ
2566,นนทบุรี,รายได้ทั้งสิ้นต่อเดือน,รวมทั้งสิ้น,รวมทั้งสิ้น,36767.00,บาท,,สำนักงานสถิติแห่งชาติ
2566,นนทบุรี,รายได้ทั้งสิ้นต่อเดือน,ผู้ถือครองทำการเกษตร/เพาะเลี้ยง,ปลูกพืช/เลี้ยงสัตว์/เพาะเลี้ยง_ส่วนใหญ่เป็นเจ้าของที่ดิน,.00,บาท,"ศูนย์ยกกำลังดับเบิลยู หมายถึง ข้อมูลจากการสำรวจตัวอย่างมีค่าเป็น 0",สำนักงานสถิติแห่งชาติ
2566,นนทบุรี,รายได้ทั้งสิ้นต่อเดือน,ผู้ถือครองทำการเกษตร/เพาะเลี้ยง,ปลูกพืช/เลี้ยงสัตว์/เพาะเลี้ยง_ส่วนใหญ่เช่าที่ดิน/ทำฟรี,21900.00,บาท,,สำนักงานสถิติแห่งชาติ
2566,นนทบุรี,รายได้ทั้งสิ้นต่อเดือน,ผู้ถือครองทำการเกษตร/เพาะเลี้ยง,ประมงป่าไม้ล่าสัตว์หาของป่าบริการทางการเกษตร,.00,บาท,"ศูนย์ยกกำลังดับเบิลยู หมายถึง ข้อมูลจากการสำรวจตัวอย่างมีค่าเป็น 0",สำนักงานสถิติแห่งชาติ
2566,นนทบุรี,รายได้ทั้งสิ้นต่อเดือน,ผู้ประกอบธุรกิจของตนเองที่ไม่ใช่การเกษตร,ผู้ประกอบธุรกิจของตนเองที่ไม่ใช่การเกษตร,40798.00,บาท,,สำนักงานสถิติแห่งชาติ
2566,นนทบุรี,รายได้ทั้งสิ้นต่อเดือน,ลูกจ้าง,ผู้จัดการนักวิชาการและผู้ปฏิบัติงานวิชาชีพ,53767.00,บาท,,สำนักงานสถิติแห่งชาติ
2566,นนทบุรี,รายได้ทั้งสิ้นต่อเดือน,ลูกจ้าง,คนงานเกษตรป่าไม้และประมง,9788.00,บาท,,สำนักงานสถิติแห่งชาติ
2566,นนทบุรี,รายได้ทั้งสิ้นต่อเดือน,ลูกจ้าง,คนงานด้านการขนส่งและงานพื้นฐาน,19682.00,บาท,,สำนักงานสถิติแห่งชาติ
2566,นนทบุรี,รายได้ทั้งสิ้นต่อเดือน,ลูกจ้าง,เสมียนพนักงานขายและให้บริการ,28119.00,บาท,,สำนักงานสถิติแห่งชาติ
2566,นนทบุรี,รายได้ทั้งสิ้นต่อเดือน,ลูกจ้าง,ผู้ปฏิบัติงานในกระบวนการผลิตก่อสร้างและเหมืองแร่,24348.00,บาท,,สำนักงานสถิติแห่งชาติ
2566,นนทบุรี,รายได้ทั้งสิ้นต่อเดือน,ผู้ไม่ได้ปฏิบัติงานเชิงเศรษฐกิจ,ผู้ไม่ได้ปฏิบัติงานเชิงเศรษฐกิจ,29486.00,บาท,,สำนักงานสถิติแห่งชาติ
2566,นนทบุรี,ค่าใช้จ่ายทั้งสิ้นต่อเดือน,รวมทั้งสิ้น,รวมทั้งสิ้น,31331.00,บาท,,สำนักงานสถิติแห่งชาติ
2566,นนทบุรี,ค่าใช้จ่ายทั้งสิ้นต่อเดือน,ผู้ถือครองทำการเกษตร/เพาะเลี้ยง,ปลูกพืช/เลี้ยงสัตว์/เพาะเลี้ยง_ส่วนใหญ่เป็นเจ้าของที่ดิน,.00,บาท,"ศูนย์ยกกำลังดับเบิลยู หมายถึง ข้อมูลจากการสำรวจตัวอย่างมีค่าเป็น 0",สำนักงานสถิติแห่งชาติ
2566,นนทบุรี,ค่าใช้จ่ายทั้งสิ้นต่อเดือน,ผู้ถือครองทำการเกษตร/เพาะเลี้ยง,ปลูกพืช/เลี้ยงสัตว์/เพาะเลี้ยง_ส่วนใหญ่เช่าที่ดิน/ทำฟรี,24582.00,บาท,,สำนักงานสถิติแห่งชาติ
2566,นนทบุรี,ค่าใช้จ่ายทั้งสิ้นต่อเดือน,ผู้ถือครองทำการเกษตร/เพาะเลี้ยง,ประมงป่าไม้ล่าสัตว์หาของป่าบริการทางการเกษตร,.00,บาท,"ศูนย์ยกกำลังดับเบิลยู หมายถึง ข้อมูลจากการสำรวจตัวอย่างมีค่าเป็น 0",สำนักงานสถิติแห่งชาติ
2566,นนทบุรี,ค่าใช้จ่ายทั้งสิ้นต่อเดือน,ผู้ประกอบธุรกิจของตนเองที่ไม่ใช่การเกษตร,ผู้ประกอบธุรกิจของตนเองที่ไม่ใช่การเกษตร,32947.00,บาท,,สำนักงานสถิติแห่งชาติ
2566,นนทบุรี,ค่าใช้จ่ายทั้งสิ้นต่อเดือน,ลูกจ้าง,ผู้จัดการนักวิชาการและผู้ปฏิบัติงานวิชาชีพ,45046.00,บาท,,สำนักงานสถิติแห่งชาติ
2566,นนทบุรี,ค่าใช้จ่ายทั้งสิ้นต่อเดือน,ลูกจ้าง,คนงานเกษตรป่าไม้และประมง,8652.00,บาท,,สำนักงานสถิติแห่งชาติ
2566,นนทบุรี,ค่าใช้จ่ายทั้งสิ้นต่อเดือน,ลูกจ้าง,คนงานด้านการขนส่งและงานพื้นฐาน,17364.00,บาท,,สำนักงานสถิติแห่งชาติ
2566,นนทบุรี,ค่าใช้จ่ายทั้งสิ้นต่อเดือน,ลูกจ้าง,เสมียนพนักงานขายและให้บริการ,25056.00,บาท,,สำนักงานสถิติแห่งชาติ
2566,นนทบุรี,ค่าใช้จ่ายทั้งสิ้นต่อเดือน,ลูกจ้าง,ผู้ปฏิบัติงานในกระบวนการผลิตก่อสร้างและเหมืองแร่,21635.00,บาท,,สำนักงานสถิติแห่งชาติ
2566,นนทบุรี,ค่าใช้จ่ายทั้งสิ้นต่อเดือน,ผู้ไม่ได้ปฏิบัติงานเชิงเศรษฐกิจ,ผู้ไม่ได้ปฏิบัติงานเชิงเศรษฐกิจ,25343.00,บาท,,สำนักงานสถิติแห่งชาติ
2566,นนทบุรี,หนี้สินเฉลี่ยต่อครัวเรือนทั้งสิ้น,รวมทั้งสิ้น,รวมทั้งสิ้น,267543.00,บาท,,สำนักงานสถิติแห่งชาติ
2566,นนทบุรี,หนี้สินเฉลี่ยต่อครัวเรือนทั้งสิ้น,ผู้ถือครองทำการเกษตร/เพาะเลี้ยง,ปลูกพืช/เลี้ยงสัตว์/เพาะเลี้ยง_ส่วนใหญ่เป็นเจ้าของที่ดิน,.00,บาท,"ศูนย์ยกกำลังดับเบิลยู หมายถึง ข้อมูลจากการสำรวจตัวอย่างมีค่าเป็น 0",สำนักงานสถิติแห่งชาติ
2566,นนทบุรี,หนี้สินเฉลี่ยต่อครัวเรือนทั้งสิ้น,ผู้ถือครองทำการเกษตร/เพาะเลี้ยง,ปลูกพืช/เลี้ยงสัตว์/เพาะเลี้ยง_ส่วนใหญ่เช่าที่ดิน/ทำฟรี,80000.00,บาท,,สำนักงานสถิติแห่งชาติ
2566,นนทบุรี,หนี้สินเฉลี่ยต่อครัวเรือนทั้งสิ้น,ผู้ถือครองทำการเกษตร/เพาะเลี้ยง,ประมงป่าไม้ล่าสัตว์หาของป่าบริการทางการเกษตร,.00,บาท,"ศูนย์ยกกำลังดับเบิลยู หมายถึง ข้อมูลจากการสำรวจตัวอย่างมีค่าเป็น 0",สำนักงานสถิติแห่งชาติ
2566,นนทบุรี,หนี้สินเฉลี่ยต่อครัวเรือนทั้งสิ้น,ผู้ประกอบธุรกิจของตนเองที่ไม่ใช่การเกษตร,ผู้ประกอบธุรกิจของตนเองที่ไม่ใช่การเกษตร,326689.00,บาท,,สำนักงานสถิติแห่งชาติ
2566,นนทบุรี,หนี้สินเฉลี่ยต่อครัวเรือนทั้งสิ้น,ลูกจ้าง,ผู้จัดการนักวิชาการและผู้ปฏิบัติงานวิชาชีพ,634844.00,บาท,,สำนักงานสถิติแห่งชาติ
2566,นนทบุรี,หนี้สินเฉลี่ยต่อครัวเรือนทั้งสิ้น,ลูกจ้าง,คนงานเกษตรป่าไม้และประมง,.00,บาท,"ศูนย์ยกกำลังดับเบิลยู หมายถึง ข้อมูลจากการสำรวจตัวอย่างมีค่าเป็น 0",สำนักงานสถิติแห่งชาติ
2566,นนทบุรี,หนี้สินเฉลี่ยต่อครัวเรือนทั้งสิ้น,ลูกจ้าง,คนงานด้านการขนส่งและงานพื้นฐาน,72705.00,บาท,,สำนักงานสถิติแห่งชาติ
2566,นนทบุรี,หนี้สินเฉลี่ยต่อครัวเรือนทั้งสิ้น,ลูกจ้าง,เสมียนพนักงานขายและให้บริการ,94136.00,บาท,,สำนักงานสถิติแห่งชาติ
2566,นนทบุรี,หนี้สินเฉลี่ยต่อครัวเรือนทั้งสิ้น,ลูกจ้าง,ผู้ปฏิบัติงานในกระบวนการผลิตก่อสร้างและเหมืองแร่,74114.00,บาท,,สำนักงานสถิติแห่งชาติ
2566,นนทบุรี,หนี้สินเฉลี่ยต่อครัวเรือนทั้งสิ้น,ผู้ไม่ได้ปฏิบัติงานเชิงเศรษฐกิจ,ผู้ไม่ได้ปฏิบัติงานเชิงเศรษฐกิจ,25598.00,บาท,,สำนักงานสถิติแห่งชาติ
2566,นนทบุรี,ร้อยละของค่าใช้จ่ายต่อรายได้,รวมทั้งสิ้น,รวมทั้งสิ้น,85.21,ร้อยละ,,สำนักงานสถิติแห่งชาติ
2566,นนทบุรี,ร้อยละของค่าใช้จ่ายต่อรายได้,ผู้ถือครองทำการเกษตร/เพาะเลี้ยง,ปลูกพืช/เลี้ยงสัตว์/เพาะเลี้ยง_ส่วนใหญ่เช่าที่ดิน/ทำฟรี,112.25,ร้อยละ,,สำนักงานสถิติแห่งชาติ
2566,นนทบุรี,ร้อยละของค่าใช้จ่ายต่อรายได้,ผู้ประกอบธุรกิจของตนเองที่ไม่ใช่การเกษตร,ผู้ประกอบธุรกิจของตนเองที่ไม่ใช่การเกษตร,80.76,ร้อยละ,,สำนักงานสถิติแห่งชาติ
2566,นนทบุรี,ร้อยละของค่าใช้จ่ายต่อรายได้,ลูกจ้าง,ผู้จัดการนักวิชาการและผู้ปฏิบัติงานวิชาชีพ,83.78,ร้อยละ,,สำนักงานสถิติแห่งชาติ
2566,นนทบุรี,ร้อยละของค่าใช้จ่ายต่อรายได้,ผู้ถือครองทำการเกษตร/เพาะเลี้ยง,ปลูกพืช/เลี้ยงสัตว์/เพาะเลี้ยง_ส่วนใหญ่เป็นเจ้าของที่ดิน,.00,ร้อยละ,"ศูนย์จุดศูนย์ศูนย์ยกกำลังดับเบิลยู หมายถึง ข้อมูลจากการสำรวจตัวอย่างมีค่าเป็น 0",สำนักงานสถิติแห่งชาติ
2566,นนทบุรี,ร้อยละของค่าใช้จ่ายต่อรายได้,ผู้ถือครองทำการเกษตร/เพาะเลี้ยง,ประมงป่าไม้ล่าสัตว์หาของป่าบริการทางการเกษตร,.00,ร้อยละ,"ศูนย์จุดศูนย์ศูนย์ยกกำลังดับเบิลยู หมายถึง ข้อมูลจากการสำรวจตัวอย่างมีค่าเป็น 0",สำนักงานสถิติแห่งชาติ
2566,นนทบุรี,ร้อยละของค่าใช้จ่ายต่อรายได้,ลูกจ้าง,คนงานเกษตรป่าไม้และประมง,88.40,ร้อยละ,,สำนักงานสถิติแห่งชาติ
2566,นนทบุรี,ร้อยละของค่าใช้จ่ายต่อรายได้,ลูกจ้าง,คนงานด้านการขนส่งและงานพื้นฐาน,88.23,ร้อยละ,,สำนักงานสถิติแห่งชาติ
2566,นนทบุรี,ร้อยละของค่าใช้จ่ายต่อรายได้,ลูกจ้าง,เสมียนพนักงานขายและให้บริการ,89.11,ร้อยละ,,สำนักงานสถิติแห่งชาติ
2566,นนทบุรี,ร้อยละของค่าใช้จ่ายต่อรายได้,ลูกจ้าง,ผู้ปฏิบัติงานในกระบวนการผลิตก่อสร้างและเหมืองแร่,88.85,ร้อยละ,,สำนักงานสถิติแห่งชาติ
2566,นนทบุรี,ร้อยละของค่าใช้จ่ายต่อรายได้,ผู้ไม่ได้ปฏิบัติงานเชิงเศรษฐกิจ,ผู้ไม่ได้ปฏิบัติงานเชิงเศรษฐกิจ,85.95,ร้อยละ,,สำนักงานสถิติแห่งชาติ
2566,ปทุมธานี,รายได้ทั้งสิ้นต่อเดือน,รวมทั้งสิ้น,รวมทั้งสิ้น,45729.00,บาท,,สำนักงานสถิติแห่งชาติ
2566,ปทุมธานี,รายได้ทั้งสิ้นต่อเดือน,ผู้ถือครองทำการเกษตร/เพาะเลี้ยง,ปลูกพืช/เลี้ยงสัตว์/เพาะเลี้ยง_ส่วนใหญ่เป็นเจ้าของที่ดิน,31922.00,บาท,,สำนักงานสถิติแห่งชาติ
2566,ปทุมธานี,รายได้ทั้งสิ้นต่อเดือน,ผู้ถือครองทำการเกษตร/เพาะเลี้ยง,ปลูกพืช/เลี้ยงสัตว์/เพาะเลี้ยง_ส่วนใหญ่เช่าที่ดิน/ทำฟรี,39950.00,บาท,,สำนักงานสถิติแห่งชาติ
2566,ปทุมธานี,รายได้ทั้งสิ้นต่อเดือน,ผู้ถือครองทำการเกษตร/เพาะเลี้ยง,ประมงป่าไม้ล่าสัตว์หาของป่าบริการทางการเกษตร,29037.00,บาท,,สำนักงานสถิติแห่งชาติ
2566,ปทุมธานี,รายได้ทั้งสิ้นต่อเดือน,ผู้ประกอบธุรกิจของตนเองที่ไม่ใช่การเกษตร,ผู้ประกอบธุรกิจของตนเองที่ไม่ใช่การเกษตร,53713.00,บาท,,สำนักงานสถิติแห่งชาติ
2566,ปทุมธานี,รายได้ทั้งสิ้นต่อเดือน,ลูกจ้าง,ผู้จัดการนักวิชาการและผู้ปฏิบัติงานวิชาชีพ,68238.00,บาท,,สำนักงานสถิติแห่งชาติ
2566,ปทุมธานี,รายได้ทั้งสิ้นต่อเดือน,ลูกจ้าง,คนงานเกษตรป่าไม้และประมง,21773.00,บาท,,สำนักงานสถิติแห่งชาติ
2566,ปทุมธานี,รายได้ทั้งสิ้นต่อเดือน,ลูกจ้าง,คนงานด้านการขนส่งและงานพื้นฐาน,27289.00,บาท,,สำนักงานสถิติแห่งชาติ
2566,ปทุมธานี,รายได้ทั้งสิ้นต่อเดือน,ลูกจ้าง,เสมียนพนักงานขายและให้บริการ,36503.00,บาท,,สำนักงานสถิติแห่งชาติ
2566,ปทุมธานี,รายได้ทั้งสิ้นต่อเดือน,ลูกจ้าง,ผู้ปฏิบัติงานในกระบวนการผลิตก่อสร้างและเหมืองแร่,33433.00,บาท,,สำนักงานสถิติแห่งชาติ
2566,ปทุมธานี,รายได้ทั้งสิ้นต่อเดือน,ผู้ไม่ได้ปฏิบัติงานเชิงเศรษฐกิจ,ผู้ไม่ได้ปฏิบัติงานเชิงเศรษฐกิจ,35770.00,บาท,,สำนักงานสถิติแห่งชาติ
2566,ปทุมธานี,ค่าใช้จ่ายทั้งสิ้นต่อเดือน,รวมทั้งสิ้น,รวมทั้งสิ้น,36003.00,บาท,,สำนักงานสถิติแห่งชาติ
2566,ปทุมธานี,ค่าใช้จ่ายทั้งสิ้นต่อเดือน,ผู้ถือครองทำการเกษตร/เพาะเลี้ยง,ปลูกพืช/เลี้ยงสัตว์/เพาะเลี้ยง_ส่วนใหญ่เป็นเจ้าของที่ดิน,24238.00,บาท,,สำนักงานสถิติแห่งชาติ
2566,ปทุมธานี,ค่าใช้จ่ายทั้งสิ้นต่อเดือน,ผู้ถือครองทำการเกษตร/เพาะเลี้ยง,ปลูกพืช/เลี้ยงสัตว์/เพาะเลี้ยง_ส่วนใหญ่เช่าที่ดิน/ทำฟรี,30714.00,บาท,,สำนักงานสถิติแห่งชาติ
2566,ปทุมธานี,ค่าใช้จ่ายทั้งสิ้นต่อเดือน,ผู้ถือครองทำการเกษตร/เพาะเลี้ยง,ประมงป่าไม้ล่าสัตว์หาของป่าบริการทางการเกษตร,39614.00,บาท,,สำนักงานสถิติแห่งชาติ
2566,ปทุมธานี,ค่าใช้จ่ายทั้งสิ้นต่อเดือน,ผู้ประกอบธุรกิจของตนเองที่ไม่ใช่การเกษตร,ผู้ประกอบธุรกิจของตนเองที่ไม่ใช่การเกษตร,42021.00,บาท,,สำนักงานสถิติแห่งชาติ
2566,ปทุมธานี,ค่าใช้จ่ายทั้งสิ้นต่อเดือน,ลูกจ้าง,ผู้จัดการนักวิชาการและผู้ปฏิบัติงานวิชาชีพ,52043.00,บาท,,สำนักงานสถิติแห่งชาติ
2566,ปทุมธานี,ค่าใช้จ่ายทั้งสิ้นต่อเดือน,ลูกจ้าง,คนงานเกษตรป่าไม้และประมง,13029.00,บาท,,สำนักงานสถิติแห่งชาติ
2566,ปทุมธานี,ค่าใช้จ่ายทั้งสิ้นต่อเดือน,ลูกจ้าง,คนงานด้านการขนส่งและงานพื้นฐาน,26596.00,บาท,,สำนักงานสถิติแห่งชาติ
2566,ปทุมธานี,ค่าใช้จ่ายทั้งสิ้นต่อเดือน,ลูกจ้าง,เสมียนพนักงานขายและให้บริการ,30792.00,บาท,,สำนักงานสถิติแห่งชาติ
2566,ปทุมธานี,ค่าใช้จ่ายทั้งสิ้นต่อเดือน,ลูกจ้าง,ผู้ปฏิบัติงานในกระบวนการผลิตก่อสร้างและเหมืองแร่,27612.00,บาท,,สำนักงานสถิติแห่งชาติ
2566,ปทุมธานี,ค่าใช้จ่ายทั้งสิ้นต่อเดือน,ผู้ไม่ได้ปฏิบัติงานเชิงเศรษฐกิจ,ผู้ไม่ได้ปฏิบัติงานเชิงเศรษฐกิจ,24660.00,บาท,,สำนักงานสถิติแห่งชาติ
2566,ปทุมธานี,หนี้สินเฉลี่ยต่อครัวเรือนทั้งสิ้น,รวมทั้งสิ้น,รวมทั้งสิ้น,362493.00,บาท,,สำนักงานสถิติแห่งชาติ
2566,ปทุมธานี,หนี้สินเฉลี่ยต่อครัวเรือนทั้งสิ้น,ผู้ถือครองทำการเกษตร/เพาะเลี้ยง,ปลูกพืช/เลี้ยงสัตว์/เพาะเลี้ยง_ส่วนใหญ่เป็นเจ้าของที่ดิน,.00,บาท,"ศูนย์ยกกำลังดับเบิลยู หมายถึง ข้อมูลจากการสำรวจตัวอย่างมีค่าเป็น 0",สำนักงานสถิติแห่งชาติ
2566,ปทุมธานี,หนี้สินเฉลี่ยต่อครัวเรือนทั้งสิ้น,ผู้ถือครองทำการเกษตร/เพาะเลี้ยง,ปลูกพืช/เลี้ยงสัตว์/เพาะเลี้ยง_ส่วนใหญ่เช่าที่ดิน/ทำฟรี,531684.00,บาท,,สำนักงานสถิติแห่งชาติ
2566,ปทุมธานี,หนี้สินเฉลี่ยต่อครัวเรือนทั้งสิ้น,ผู้ถือครองทำการเกษตร/เพาะเลี้ยง,ประมงป่าไม้ล่าสัตว์หาของป่าบริการทางการเกษตร,880000.00,บาท,,สำนักงานสถิติแห่งชาติ
2566,ปทุมธานี,หนี้สินเฉลี่ยต่อครัวเรือนทั้งสิ้น,ผู้ประกอบธุรกิจของตนเองที่ไม่ใช่การเกษตร,ผู้ประกอบธุรกิจของตนเองที่ไม่ใช่การเกษตร,554757.00,บาท,,สำนักงานสถิติแห่งชาติ
2566,ปทุมธานี,หนี้สินเฉลี่ยต่อครัวเรือนทั้งสิ้น,ลูกจ้าง,ผู้จัดการนักวิชาการและผู้ปฏิบัติงานวิชาชีพ,508949.00,บาท,,สำนักงานสถิติแห่งชาติ
2566,ปทุมธานี,หนี้สินเฉลี่ยต่อครัวเรือนทั้งสิ้น,ลูกจ้าง,คนงานเกษตรป่าไม้และประมง,20000.00,บาท,,สำนักงานสถิติแห่งชาติ
2566,ปทุมธานี,หนี้สินเฉลี่ยต่อครัวเรือนทั้งสิ้น,ลูกจ้าง,คนงานด้านการขนส่งและงานพื้นฐาน,218841.00,บาท,,สำนักงานสถิติแห่งชาติ
2566,ปทุมธานี,หนี้สินเฉลี่ยต่อครัวเรือนทั้งสิ้น,ลูกจ้าง,เสมียนพนักงานขายและให้บริการ,379687.00,บาท,,สำนักงานสถิติแห่งชาติ
2566,ปทุมธานี,หนี้สินเฉลี่ยต่อครัวเรือนทั้งสิ้น,ลูกจ้าง,ผู้ปฏิบัติงานในกระบวนการผลิตก่อสร้างและเหมืองแร่,164036.00,บาท,,สำนักงานสถิติแห่งชาติ
2566,ปทุมธานี,หนี้สินเฉลี่ยต่อครัวเรือนทั้งสิ้น,ผู้ไม่ได้ปฏิบัติงานเชิงเศรษฐกิจ,ผู้ไม่ได้ปฏิบัติงานเชิงเศรษฐกิจ,62476.00,บาท,,สำนักงานสถิติแห่งชาติ
2566,ปทุมธานี,ร้อยละของค่าใช้จ่ายต่อรายได้,รวมทั้งสิ้น,รวมทั้งสิ้น,78.73,ร้อยละ,,สำนักงานสถิติแห่งชาติ
2566,ปทุมธานี,ร้อยละของค่าใช้จ่ายต่อรายได้,ผู้ถือครองทำการเกษตร/เพาะเลี้ยง,ปลูกพืช/เลี้ยงสัตว์/เพาะเลี้ยง_ส่วนใหญ่เป็นเจ้าของที่ดิน,75.93,ร้อยละ,,สำนักงานสถิติแห่งชาติ
2566,ปทุมธานี,ร้อยละของค่าใช้จ่ายต่อรายได้,ผู้ถือครองทำการเกษตร/เพาะเลี้ยง,ปลูกพืช/เลี้ยงสัตว์/เพาะเลี้ยง_ส่วนใหญ่เช่าที่ดิน/ทำฟรี,76.88,ร้อยละ,,สำนักงานสถิติแห่งชาติ
2566,ปทุมธานี,ร้อยละของค่าใช้จ่ายต่อรายได้,ผู้ถือครองทำการเกษตร/เพาะเลี้ยง,ประมงป่าไม้ล่าสัตว์หาของป่าบริการทางการเกษตร,136.43,ร้อยละ,,สำนักงานสถิติแห่งชาติ
2566,ปทุมธานี,ร้อยละของค่าใช้จ่ายต่อรายได้,ผู้ประกอบธุรกิจของตนเองที่ไม่ใช่การเกษตร,ผู้ประกอบธุรกิจของตนเองที่ไม่ใช่การเกษตร,78.23,ร้อยละ,,สำนักงานสถิติแห่งชาติ
2566,ปทุมธานี,ร้อยละของค่าใช้จ่ายต่อรายได้,ลูกจ้าง,ผู้จัดการนักวิชาการและผู้ปฏิบัติงานวิชาชีพ,76.27,ร้อยละ,,สำนักงานสถิติแห่งชาติ
2566,ปทุมธานี,ร้อยละของค่าใช้จ่ายต่อรายได้,ลูกจ้าง,คนงานเกษตรป่าไม้และประมง,59.84,ร้อยละ,,สำนักงานสถิติแห่งชาติ
2566,ปทุมธานี,ร้อยละของค่าใช้จ่ายต่อรายได้,ลูกจ้าง,คนงานด้านการขนส่งและงานพื้นฐาน,97.46,ร้อยละ,,สำนักงานสถิติแห่งชาติ
2566,ปทุมธานี,ร้อยละของค่าใช้จ่ายต่อรายได้,ลูกจ้าง,เสมียนพนักงานขายและให้บริการ,84.35,ร้อยละ,,สำนักงานสถิติแห่งชาติ
2566,ปทุมธานี,ร้อยละของค่าใช้จ่ายต่อรายได้,ลูกจ้าง,ผู้ปฏิบัติงานในกระบวนการผลิตก่อสร้างและเหมืองแร่,82.59,ร้อยละ,,สำนักงานสถิติแห่งชาติ
2566,ปทุมธานี,ร้อยละของค่าใช้จ่ายต่อรายได้,ผู้ไม่ได้ปฏิบัติงานเชิงเศรษฐกิจ,ผู้ไม่ได้ปฏิบัติงานเชิงเศรษฐกิจ,68.94,ร้อยละ,,สำนักงานสถิติแห่งชาติ
2566,พระนครศรีอยุธยา,รายได้ทั้งสิ้นต่อเดือน,รวมทั้งสิ้น,รวมทั้งสิ้น,33919.00,บาท,,สำนักงานสถิติแห่งชาติ
2566,พระนครศรีอยุธยา,รายได้ทั้งสิ้นต่อเดือน,ผู้ถือครองทำการเกษตร/เพาะเลี้ยง,ปลูกพืช/เลี้ยงสัตว์/เพาะเลี้ยง_ส่วนใหญ่เป็นเจ้าของที่ดิน,31295.00,บาท,,สำนักงานสถิติแห่งชาติ
2566,พระนครศรีอยุธยา,รายได้ทั้งสิ้นต่อเดือน,ผู้ถือครองทำการเกษตร/เพาะเลี้ยง,ปลูกพืช/เลี้ยงสัตว์/เพาะเลี้ยง_ส่วนใหญ่เช่าที่ดิน/ทำฟรี,30028.00,บาท,,สำนักงานสถิติแห่งชาติ
2566,พระนครศรีอยุธยา,รายได้ทั้งสิ้นต่อเดือน,ผู้ถือครองทำการเกษตร/เพาะเลี้ยง,ประมงป่าไม้ล่าสัตว์หาของป่าบริการทางการเกษตร,67162.00,บาท,,สำนักงานสถิติแห่งชาติ
2566,พระนครศรีอยุธยา,รายได้ทั้งสิ้นต่อเดือน,ผู้ประกอบธุรกิจของตนเองที่ไม่ใช่การเกษตร,ผู้ประกอบธุรกิจของตนเองที่ไม่ใช่การเกษตร,43181.00,บาท,,สำนักงานสถิติแห่งชาติ
2566,พระนครศรีอยุธยา,รายได้ทั้งสิ้นต่อเดือน,ลูกจ้าง,ผู้จัดการนักวิชาการและผู้ปฏิบัติงานวิชาชีพ,47425.00,บาท,,สำนักงานสถิติแห่งชาติ
2566,พระนครศรีอยุธยา,รายได้ทั้งสิ้นต่อเดือน,ลูกจ้าง,คนงานเกษตรป่าไม้และประมง,13451.00,บาท,,สำนักงานสถิติแห่งชาติ
2566,พระนครศรีอยุธยา,รายได้ทั้งสิ้นต่อเดือน,ลูกจ้าง,คนงานด้านการขนส่งและงานพื้นฐาน,23958.00,บาท,,สำนักงานสถิติแห่งชาติ
2566,พระนครศรีอยุธยา,รายได้ทั้งสิ้นต่อเดือน,ลูกจ้าง,เสมียนพนักงานขายและให้บริการ,28436.00,บาท,,สำนักงานสถิติแห่งชาติ
2566,พระนครศรีอยุธยา,รายได้ทั้งสิ้นต่อเดือน,ลูกจ้าง,ผู้ปฏิบัติงานในกระบวนการผลิตก่อสร้างและเหมืองแร่,35135.00,บาท,,สำนักงานสถิติแห่งชาติ
2566,พระนครศรีอยุธยา,รายได้ทั้งสิ้นต่อเดือน,ผู้ไม่ได้ปฏิบัติงานเชิงเศรษฐกิจ,ผู้ไม่ได้ปฏิบัติงานเชิงเศรษฐกิจ,17587.00,บาท,,สำนักงานสถิติแห่งชาติ
2566,พระนครศรีอยุธยา,ค่าใช้จ่ายทั้งสิ้นต่อเดือน,รวมทั้งสิ้น,รวมทั้งสิ้น,26743.00,บาท,,สำนักงานสถิติแห่งชาติ
2566,พระนครศรีอยุธยา,ค่าใช้จ่ายทั้งสิ้นต่อเดือน,ผู้ถือครองทำการเกษตร/เพาะเลี้ยง,ปลูกพืช/เลี้ยงสัตว์/เพาะเลี้ยง_ส่วนใหญ่เป็นเจ้าของที่ดิน,24541.00,บาท,,สำนักงานสถิติแห่งชาติ
2566,พระนครศรีอยุธยา,ค่าใช้จ่ายทั้งสิ้นต่อเดือน,ผู้ถือครองทำการเกษตร/เพาะเลี้ยง,ปลูกพืช/เลี้ยงสัตว์/เพาะเลี้ยง_ส่วนใหญ่เช่าที่ดิน/ทำฟรี,20719.00,บาท,,สำนักงานสถิติแห่งชาติ
2566,พระนครศรีอยุธยา,ค่าใช้จ่ายทั้งสิ้นต่อเดือน,ผู้ถือครองทำการเกษตร/เพาะเลี้ยง,ประมงป่าไม้ล่าสัตว์หาของป่าบริการทางการเกษตร,21566.00,บาท,,สำนักงานสถิติแห่งชาติ
2566,พระนครศรีอยุธยา,ค่าใช้จ่ายทั้งสิ้นต่อเดือน,ผู้ประกอบธุรกิจของตนเองที่ไม่ใช่การเกษตร,ผู้ประกอบธุรกิจของตนเองที่ไม่ใช่การเกษตร,30448.00,บาท,,สำนักงานสถิติแห่งชาติ
2566,พระนครศรีอยุธยา,ค่าใช้จ่ายทั้งสิ้นต่อเดือน,ลูกจ้าง,ผู้จัดการนักวิชาการและผู้ปฏิบัติงานวิชาชีพ,36751.00,บาท,,สำนักงานสถิติแห่งชาติ
2566,พระนครศรีอยุธยา,ค่าใช้จ่ายทั้งสิ้นต่อเดือน,ลูกจ้าง,คนงานเกษตรป่าไม้และประมง,10970.00,บาท,,สำนักงานสถิติแห่งชาติ
2566,พระนครศรีอยุธยา,ค่าใช้จ่ายทั้งสิ้นต่อเดือน,ลูกจ้าง,คนงานด้านการขนส่งและงานพื้นฐาน,18360.00,บาท,,สำนักงานสถิติแห่งชาติ
2566,พระนครศรีอยุธยา,ค่าใช้จ่ายทั้งสิ้นต่อเดือน,ลูกจ้าง,เสมียนพนักงานขายและให้บริการ,24519.00,บาท,,สำนักงานสถิติแห่งชาติ
2566,พระนครศรีอยุธยา,ค่าใช้จ่ายทั้งสิ้นต่อเดือน,ลูกจ้าง,ผู้ปฏิบัติงานในกระบวนการผลิตก่อสร้างและเหมืองแร่,28661.00,บาท,,สำนักงานสถิติแห่งชาติ
2566,พระนครศรีอยุธยา,ค่าใช้จ่ายทั้งสิ้นต่อเดือน,ผู้ไม่ได้ปฏิบัติงานเชิงเศรษฐกิจ,ผู้ไม่ได้ปฏิบัติงานเชิงเศรษฐกิจ,15644.00,บาท,,สำนักงานสถิติแห่งชาติ
2566,พระนครศรีอยุธยา,หนี้สินเฉลี่ยต่อครัวเรือนทั้งสิ้น,รวมทั้งสิ้น,รวมทั้งสิ้น,231845.00,บาท,,สำนักงานสถิติแห่งชาติ
2566,พระนครศรีอยุธยา,หนี้สินเฉลี่ยต่อครัวเรือนทั้งสิ้น,ผู้ถือครองทำการเกษตร/เพาะเลี้ยง,ปลูกพืช/เลี้ยงสัตว์/เพาะเลี้ยง_ส่วนใหญ่เป็นเจ้าของที่ดิน,49420.00,บาท,,สำนักงานสถิติแห่งชาติ
2566,พระนครศรีอยุธยา,หนี้สินเฉลี่ยต่อครัวเรือนทั้งสิ้น,ผู้ถือครองทำการเกษตร/เพาะเลี้ยง,ปลูกพืช/เลี้ยงสัตว์/เพาะเลี้ยง_ส่วนใหญ่เช่าที่ดิน/ทำฟรี,217763.00,บาท,,สำนักงานสถิติแห่งชาติ
2566,พระนครศรีอยุธยา,หนี้สินเฉลี่ยต่อครัวเรือนทั้งสิ้น,ผู้ถือครองทำการเกษตร/เพาะเลี้ยง,ประมงป่าไม้ล่าสัตว์หาของป่าบริการทางการเกษตร,17500.00,บาท,,สำนักงานสถิติแห่งชาติ
2566,พระนครศรีอยุธยา,หนี้สินเฉลี่ยต่อครัวเรือนทั้งสิ้น,ผู้ประกอบธุรกิจของตนเองที่ไม่ใช่การเกษตร,ผู้ประกอบธุรกิจของตนเองที่ไม่ใช่การเกษตร,244660.00,บาท,,สำนักงานสถิติแห่งชาติ
2566,พระนครศรีอยุธยา,หนี้สินเฉลี่ยต่อครัวเรือนทั้งสิ้น,ลูกจ้าง,ผู้จัดการนักวิชาการและผู้ปฏิบัติงานวิชาชีพ,462329.00,บาท,,สำนักงานสถิติแห่งชาติ
2566,พระนครศรีอยุธยา,หนี้สินเฉลี่ยต่อครัวเรือนทั้งสิ้น,ลูกจ้าง,คนงานเกษตรป่าไม้และประมง,.00,บาท,"ศูนย์ยกกำลังดับเบิลยู หมายถึง ข้อมูลจากการสำรวจตัวอย่างมีค่าเป็น 0",สำนักงานสถิติแห่งชาติ
2566,พระนครศรีอยุธยา,หนี้สินเฉลี่ยต่อครัวเรือนทั้งสิ้น,ลูกจ้าง,คนงานด้านการขนส่งและงานพื้นฐาน,13671.00,บาท,,สำนักงานสถิติแห่งชาติ
2566,พระนครศรีอยุธยา,หนี้สินเฉลี่ยต่อครัวเรือนทั้งสิ้น,ลูกจ้าง,เสมียนพนักงานขายและให้บริการ,190775.00,บาท,,สำนักงานสถิติแห่งชาติ
2566,พระนครศรีอยุธยา,หนี้สินเฉลี่ยต่อครัวเรือนทั้งสิ้น,ลูกจ้าง,ผู้ปฏิบัติงานในกระบวนการผลิตก่อสร้างและเหมืองแร่,271996.00,บาท,,สำนักงานสถิติแห่งชาติ
2566,พระนครศรีอยุธยา,หนี้สินเฉลี่ยต่อครัวเรือนทั้งสิ้น,ผู้ไม่ได้ปฏิบัติงานเชิงเศรษฐกิจ,ผู้ไม่ได้ปฏิบัติงานเชิงเศรษฐกิจ,58684.00,บาท,,สำนักงานสถิติแห่งชาติ
2566,พระนครศรีอยุธยา,ร้อยละของค่าใช้จ่ายต่อรายได้,รวมทั้งสิ้น,รวมทั้งสิ้น,78.84,ร้อยละ,,สำนักงานสถิติแห่งชาติ
2566,พระนครศรีอยุธยา,ร้อยละของค่าใช้จ่ายต่อรายได้,ผู้ถือครองทำการเกษตร/เพาะเลี้ยง,ปลูกพืช/เลี้ยงสัตว์/เพาะเลี้ยง_ส่วนใหญ่เป็นเจ้าของที่ดิน,78.42,ร้อยละ,,สำนักงานสถิติแห่งชาติ
2566,พระนครศรีอยุธยา,ร้อยละของค่าใช้จ่ายต่อรายได้,ผู้ถือครองทำการเกษตร/เพาะเลี้ยง,ปลูกพืช/เลี้ยงสัตว์/เพาะเลี้ยง_ส่วนใหญ่เช่าที่ดิน/ทำฟรี,69.00,ร้อยละ,,สำนักงานสถิติแห่งชาติ
2566,พระนครศรีอยุธยา,ร้อยละของค่าใช้จ่ายต่อรายได้,ผู้ถือครองทำการเกษตร/เพาะเลี้ยง,ประมงป่าไม้ล่าสัตว์หาของป่าบริการทางการเกษตร,32.11,ร้อยละ,,สำนักงานสถิติแห่งชาติ
2566,พระนครศรีอยุธยา,ร้อยละของค่าใช้จ่ายต่อรายได้,ผู้ประกอบธุรกิจของตนเองที่ไม่ใช่การเกษตร,ผู้ประกอบธุรกิจของตนเองที่ไม่ใช่การเกษตร,70.51,ร้อยละ,,สำนักงานสถิติแห่งชาติ
2566,พระนครศรีอยุธยา,ร้อยละของค่าใช้จ่ายต่อรายได้,ลูกจ้าง,ผู้จัดการนักวิชาการและผู้ปฏิบัติงานวิชาชีพ,77.49,ร้อยละ,,สำนักงานสถิติแห่งชาติ
2566,พระนครศรีอยุธยา,ร้อยละของค่าใช้จ่ายต่อรายได้,ลูกจ้าง,คนงานเกษตรป่าไม้และประมง,81.55,ร้อยละ,,สำนักงานสถิติแห่งชาติ
2566,พระนครศรีอยุธยา,ร้อยละของค่าใช้จ่ายต่อรายได้,ลูกจ้าง,คนงานด้านการขนส่งและงานพื้นฐาน,76.64,ร้อยละ,,สำนักงานสถิติแห่งชาติ
2566,พระนครศรีอยุธยา,ร้อยละของค่าใช้จ่ายต่อรายได้,ลูกจ้าง,เสมียนพนักงานขายและให้บริการ,86.22,ร้อยละ,,สำนักงานสถิติแห่งชาติ
2566,พระนครศรีอยุธยา,ร้อยละของค่าใช้จ่ายต่อรายได้,ลูกจ้าง,ผู้ปฏิบัติงานในกระบวนการผลิตก่อสร้างและเหมืองแร่,81.57,ร้อยละ,,สำนักงานสถิติแห่งชาติ
2566,พระนครศรีอยุธยา,ร้อยละของค่าใช้จ่ายต่อรายได้,ผู้ไม่ได้ปฏิบัติงานเชิงเศรษฐกิจ,ผู้ไม่ได้ปฏิบัติงานเชิงเศรษฐกิจ,88.95,ร้อยละ,,สำนักงานสถิติแห่งชาติ
2566,อ่างทอง,รายได้ทั้งสิ้นต่อเดือน,รวมทั้งสิ้น,รวมทั้งสิ้น,27923.00,บาท,,สำนักงานสถิติแห่งชาติ
2566,อ่างทอง,รายได้ทั้งสิ้นต่อเดือน,ผู้ถือครองทำการเกษตร/เพาะเลี้ยง,ปลูกพืช/เลี้ยงสัตว์/เพาะเลี้ยง_ส่วนใหญ่เป็นเจ้าของที่ดิน,48791.00,บาท,,สำนักงานสถิติแห่งชาติ
2566,อ่างทอง,รายได้ทั้งสิ้นต่อเดือน,ผู้ถือครองทำการเกษตร/เพาะเลี้ยง,ปลูกพืช/เลี้ยงสัตว์/เพาะเลี้ยง_ส่วนใหญ่เช่าที่ดิน/ทำฟรี,31749.00,บาท,,สำนักงานสถิติแห่งชาติ
2566,อ่างทอง,รายได้ทั้งสิ้นต่อเดือน,ผู้ถือครองทำการเกษตร/เพาะเลี้ยง,ประมงป่าไม้ล่าสัตว์หาของป่าบริการทางการเกษตร,14884.00,บาท,,สำนักงานสถิติแห่งชาติ
2566,อ่างทอง,รายได้ทั้งสิ้นต่อเดือน,ผู้ประกอบธุรกิจของตนเองที่ไม่ใช่การเกษตร,ผู้ประกอบธุรกิจของตนเองที่ไม่ใช่การเกษตร,30714.00,บาท,,สำนักงานสถิติแห่งชาติ
2566,อ่างทอง,รายได้ทั้งสิ้นต่อเดือน,ลูกจ้าง,ผู้จัดการนักวิชาการและผู้ปฏิบัติงานวิชาชีพ,44830.00,บาท,,สำนักงานสถิติแห่งชาติ
2566,อ่างทอง,รายได้ทั้งสิ้นต่อเดือน,ลูกจ้าง,คนงานเกษตรป่าไม้และประมง,12287.00,บาท,,สำนักงานสถิติแห่งชาติ
2566,อ่างทอง,รายได้ทั้งสิ้นต่อเดือน,ลูกจ้าง,คนงานด้านการขนส่งและงานพื้นฐาน,17156.00,บาท,,สำนักงานสถิติแห่งชาติ
2566,อ่างทอง,รายได้ทั้งสิ้นต่อเดือน,ลูกจ้าง,เสมียนพนักงานขายและให้บริการ,22968.00,บาท,,สำนักงานสถิติแห่งชาติ
2566,อ่างทอง,รายได้ทั้งสิ้นต่อเดือน,ลูกจ้าง,ผู้ปฏิบัติงานในกระบวนการผลิตก่อสร้างและเหมืองแร่,28223.00,บาท,,สำนักงานสถิติแห่งชาติ
2566,อ่างทอง,รายได้ทั้งสิ้นต่อเดือน,ผู้ไม่ได้ปฏิบัติงานเชิงเศรษฐกิจ,ผู้ไม่ได้ปฏิบัติงานเชิงเศรษฐกิจ,21278.00,บาท,,สำนักงานสถิติแห่งชาติ
2566,อ่างทอง,ค่าใช้จ่ายทั้งสิ้นต่อเดือน,รวมทั้งสิ้น,รวมทั้งสิ้น,18710.00,บาท,,สำนักงานสถิติแห่งชาติ
2566,อ่างทอง,ค่าใช้จ่ายทั้งสิ้นต่อเดือน,ผู้ถือครองทำการเกษตร/เพาะเลี้ยง,ปลูกพืช/เลี้ยงสัตว์/เพาะเลี้ยง_ส่วนใหญ่เป็นเจ้าของที่ดิน,21740.00,บาท,,สำนักงานสถิติแห่งชาติ
2566,อ่างทอง,ค่าใช้จ่ายทั้งสิ้นต่อเดือน,ผู้ถือครองทำการเกษตร/เพาะเลี้ยง,ปลูกพืช/เลี้ยงสัตว์/เพาะเลี้ยง_ส่วนใหญ่เช่าที่ดิน/ทำฟรี,18795.00,บาท,,สำนักงานสถิติแห่งชาติ
2566,อ่างทอง,ค่าใช้จ่ายทั้งสิ้นต่อเดือน,ผู้ถือครองทำการเกษตร/เพาะเลี้ยง,ประมงป่าไม้ล่าสัตว์หาของป่าบริการทางการเกษตร,12513.00,บาท,,สำนักงานสถิติแห่งชาติ
2566,อ่างทอง,ค่าใช้จ่ายทั้งสิ้นต่อเดือน,ผู้ประกอบธุรกิจของตนเองที่ไม่ใช่การเกษตร,ผู้ประกอบธุรกิจของตนเองที่ไม่ใช่การเกษตร,20852.00,บาท,,สำนักงานสถิติแห่งชาติ
2566,อ่างทอง,ค่าใช้จ่ายทั้งสิ้นต่อเดือน,ลูกจ้าง,ผู้จัดการนักวิชาการและผู้ปฏิบัติงานวิชาชีพ,28437.00,บาท,,สำนักงานสถิติแห่งชาติ
2566,อ่างทอง,ค่าใช้จ่ายทั้งสิ้นต่อเดือน,ลูกจ้าง,คนงานเกษตรป่าไม้และประมง,9143.00,บาท,,สำนักงานสถิติแห่งชาติ
2566,อ่างทอง,ค่าใช้จ่ายทั้งสิ้นต่อเดือน,ลูกจ้าง,คนงานด้านการขนส่งและงานพื้นฐาน,14664.00,บาท,,สำนักงานสถิติแห่งชาติ
2566,อ่างทอง,ค่าใช้จ่ายทั้งสิ้นต่อเดือน,ลูกจ้าง,เสมียนพนักงานขายและให้บริการ,16605.00,บาท,,สำนักงานสถิติแห่งชาติ
2566,อ่างทอง,ค่าใช้จ่ายทั้งสิ้นต่อเดือน,ลูกจ้าง,ผู้ปฏิบัติงานในกระบวนการผลิตก่อสร้างและเหมืองแร่,20707.00,บาท,,สำนักงานสถิติแห่งชาติ
2566,อ่างทอง,ค่าใช้จ่ายทั้งสิ้นต่อเดือน,ผู้ไม่ได้ปฏิบัติงานเชิงเศรษฐกิจ,ผู้ไม่ได้ปฏิบัติงานเชิงเศรษฐกิจ,14723.00,บาท,,สำนักงานสถิติแห่งชาติ
2566,อ่างทอง,หนี้สินเฉลี่ยต่อครัวเรือนทั้งสิ้น,รวมทั้งสิ้น,รวมทั้งสิ้น,144232.00,บาท,,สำนักงานสถิติแห่งชาติ
2566,อ่างทอง,หนี้สินเฉลี่ยต่อครัวเรือนทั้งสิ้น,ผู้ถือครองทำการเกษตร/เพาะเลี้ยง,ปลูกพืช/เลี้ยงสัตว์/เพาะเลี้ยง_ส่วนใหญ่เป็นเจ้าของที่ดิน,161935.00,บาท,,สำนักงานสถิติแห่งชาติ
2566,อ่างทอง,หนี้สินเฉลี่ยต่อครัวเรือนทั้งสิ้น,ผู้ถือครองทำการเกษตร/เพาะเลี้ยง,ปลูกพืช/เลี้ยงสัตว์/เพาะเลี้ยง_ส่วนใหญ่เช่าที่ดิน/ทำฟรี,254297.00,บาท,,สำนักงานสถิติแห่งชาติ
2566,อ่างทอง,หนี้สินเฉลี่ยต่อครัวเรือนทั้งสิ้น,ผู้ถือครองทำการเกษตร/เพาะเลี้ยง,ประมงป่าไม้ล่าสัตว์หาของป่าบริการทางการเกษตร,36709.00,บาท,,สำนักงานสถิติแห่งชาติ
2566,อ่างทอง,หนี้สินเฉลี่ยต่อครัวเรือนทั้งสิ้น,ผู้ประกอบธุรกิจของตนเองที่ไม่ใช่การเกษตร,ผู้ประกอบธุรกิจของตนเองที่ไม่ใช่การเกษตร,187566.00,บาท,,สำนักงานสถิติแห่งชาติ
2566,อ่างทอง,หนี้สินเฉลี่ยต่อครัวเรือนทั้งสิ้น,ลูกจ้าง,ผู้จัดการนักวิชาการและผู้ปฏิบัติงานวิชาชีพ,256444.00,บาท,,สำนักงานสถิติแห่งชาติ
2566,อ่างทอง,หนี้สินเฉลี่ยต่อครัวเรือนทั้งสิ้น,ลูกจ้าง,คนงานเกษตรป่าไม้และประมง,31286.00,บาท,,สำนักงานสถิติแห่งชาติ
2566,อ่างทอง,หนี้สินเฉลี่ยต่อครัวเรือนทั้งสิ้น,ลูกจ้าง,คนงานด้านการขนส่งและงานพื้นฐาน,34289.00,บาท,,สำนักงานสถิติแห่งชาติ
2566,อ่างทอง,หนี้สินเฉลี่ยต่อครัวเรือนทั้งสิ้น,ลูกจ้าง,เสมียนพนักงานขายและให้บริการ,152474.00,บาท,,สำนักงานสถิติแห่งชาติ
2566,อ่างทอง,หนี้สินเฉลี่ยต่อครัวเรือนทั้งสิ้น,ลูกจ้าง,ผู้ปฏิบัติงานในกระบวนการผลิตก่อสร้างและเหมืองแร่,109052.00,บาท,,สำนักงานสถิติแห่งชาติ
2566,อ่างทอง,หนี้สินเฉลี่ยต่อครัวเรือนทั้งสิ้น,ผู้ไม่ได้ปฏิบัติงานเชิงเศรษฐกิจ,ผู้ไม่ได้ปฏิบัติงานเชิงเศรษฐกิจ,113264.00,บาท,,สำนักงานสถิติแห่งชาติ
2566,อ่างทอง,ร้อยละของค่าใช้จ่ายต่อรายได้,รวมทั้งสิ้น,รวมทั้งสิ้น,67.01,ร้อยละ,,สำนักงานสถิติแห่งชาติ
2566,อ่างทอง,ร้อยละของค่าใช้จ่ายต่อรายได้,ผู้ถือครองทำการเกษตร/เพาะเลี้ยง,ปลูกพืช/เลี้ยงสัตว์/เพาะเลี้ยง_ส่วนใหญ่เป็นเจ้าของที่ดิน,44.56,ร้อยละ,,สำนักงานสถิติแห่งชาติ
2566,อ่างทอง,ร้อยละของค่าใช้จ่ายต่อรายได้,ผู้ถือครองทำการเกษตร/เพาะเลี้ยง,ปลูกพืช/เลี้ยงสัตว์/เพาะเลี้ยง_ส่วนใหญ่เช่าที่ดิน/ทำฟรี,59.20,ร้อยละ,,สำนักงานสถิติแห่งชาติ
2566,อ่างทอง,ร้อยละของค่าใช้จ่ายต่อรายได้,ผู้ถือครองทำการเกษตร/เพาะเลี้ยง,ประมงป่าไม้ล่าสัตว์หาของป่าบริการทางการเกษตร,84.07,ร้อยละ,,สำนักงานสถิติแห่งชาติ
2566,อ่างทอง,ร้อยละของค่าใช้จ่ายต่อรายได้,ผู้ประกอบธุรกิจของตนเองที่ไม่ใช่การเกษตร,ผู้ประกอบธุรกิจของตนเองที่ไม่ใช่การเกษตร,67.89,ร้อยละ,,สำนักงานสถิติแห่งชาติ
2566,อ่างทอง,ร้อยละของค่าใช้จ่ายต่อรายได้,ลูกจ้าง,ผู้จัดการนักวิชาการและผู้ปฏิบัติงานวิชาชีพ,63.43,ร้อยละ,,สำนักงานสถิติแห่งชาติ
2566,อ่างทอง,ร้อยละของค่าใช้จ่ายต่อรายได้,ลูกจ้าง,คนงานเกษตรป่าไม้และประมง,74.41,ร้อยละ,,สำนักงานสถิติแห่งชาติ
2566,อ่างทอง,ร้อยละของค่าใช้จ่ายต่อรายได้,ลูกจ้าง,คนงานด้านการขนส่งและงานพื้นฐาน,85.47,ร้อยละ,,สำนักงานสถิติแห่งชาติ
2566,อ่างทอง,ร้อยละของค่าใช้จ่ายต่อรายได้,ลูกจ้าง,เสมียนพนักงานขายและให้บริการ,72.30,ร้อยละ,,สำนักงานสถิติแห่งชาติ
2566,อ่างทอง,ร้อยละของค่าใช้จ่ายต่อรายได้,ลูกจ้าง,ผู้ปฏิบัติงานในกระบวนการผลิตก่อสร้างและเหมืองแร่,73.37,ร้อยละ,,สำนักงานสถิติแห่งชาติ
2566,อ่างทอง,ร้อยละของค่าใช้จ่ายต่อรายได้,ผู้ไม่ได้ปฏิบัติงานเชิงเศรษฐกิจ,ผู้ไม่ได้ปฏิบัติงานเชิงเศรษฐกิจ,69.20,ร้อยละ,,สำนักงานสถิติแห่งชาติ
2566,ลพบุรี,รายได้ทั้งสิ้นต่อเดือน,รวมทั้งสิ้น,รวมทั้งสิ้น,25918.00,บาท,,สำนักงานสถิติแห่งชาติ
2566,ลพบุรี,รายได้ทั้งสิ้นต่อเดือน,ผู้ถือครองทำการเกษตร/เพาะเลี้ยง,ปลูกพืช/เลี้ยงสัตว์/เพาะเลี้ยง_ส่วนใหญ่เป็นเจ้าของที่ดิน,33226.00,บาท,,สำนักงานสถิติแห่งชาติ
2566,ลพบุรี,รายได้ทั้งสิ้นต่อเดือน,ผู้ถือครองทำการเกษตร/เพาะเลี้ยง,ปลูกพืช/เลี้ยงสัตว์/เพาะเลี้ยง_ส่วนใหญ่เช่าที่ดิน/ทำฟรี,23954.00,บาท,,สำนักงานสถิติแห่งชาติ
2566,ลพบุรี,รายได้ทั้งสิ้นต่อเดือน,ผู้ถือครองทำการเกษตร/เพาะเลี้ยง,ประมงป่าไม้ล่าสัตว์หาของป่าบริการทางการเกษตร,7314.00,บาท,,สำนักงานสถิติแห่งชาติ
2566,ลพบุรี,รายได้ทั้งสิ้นต่อเดือน,ผู้ประกอบธุรกิจของตนเองที่ไม่ใช่การเกษตร,ผู้ประกอบธุรกิจของตนเองที่ไม่ใช่การเกษตร,26831.00,บาท,,สำนักงานสถิติแห่งชาติ
2566,ลพบุรี,รายได้ทั้งสิ้นต่อเดือน,ลูกจ้าง,ผู้จัดการนักวิชาการและผู้ปฏิบัติงานวิชาชีพ,45849.00,บาท,,สำนักงานสถิติแห่งชาติ
2566,ลพบุรี,รายได้ทั้งสิ้นต่อเดือน,ลูกจ้าง,คนงานเกษตรป่าไม้และประมง,16784.00,บาท,,สำนักงานสถิติแห่งชาติ
2566,ลพบุรี,รายได้ทั้งสิ้นต่อเดือน,ลูกจ้าง,คนงานด้านการขนส่งและงานพื้นฐาน,20821.00,บาท,,สำนักงานสถิติแห่งชาติ
2566,ลพบุรี,รายได้ทั้งสิ้นต่อเดือน,ลูกจ้าง,เสมียนพนักงานขายและให้บริการ,26420.00,บาท,,สำนักงานสถิติแห่งชาติ
2566,ลพบุรี,รายได้ทั้งสิ้นต่อเดือน,ลูกจ้าง,ผู้ปฏิบัติงานในกระบวนการผลิตก่อสร้างและเหมืองแร่,26255.00,บาท,,สำนักงานสถิติแห่งชาติ
2566,ลพบุรี,รายได้ทั้งสิ้นต่อเดือน,ผู้ไม่ได้ปฏิบัติงานเชิงเศรษฐกิจ,ผู้ไม่ได้ปฏิบัติงานเชิงเศรษฐกิจ,20051.00,บาท,,สำนักงานสถิติแห่งชาติ
2566,ลพบุรี,ค่าใช้จ่ายทั้งสิ้นต่อเดือน,รวมทั้งสิ้น,รวมทั้งสิ้น,20628.00,บาท,,สำนักงานสถิติแห่งชาติ
2566,ลพบุรี,ค่าใช้จ่ายทั้งสิ้นต่อเดือน,ผู้ถือครองทำการเกษตร/เพาะเลี้ยง,ปลูกพืช/เลี้ยงสัตว์/เพาะเลี้ยง_ส่วนใหญ่เป็นเจ้าของที่ดิน,17930.00,บาท,,สำนักงานสถิติแห่งชาติ
2566,ลพบุรี,ค่าใช้จ่ายทั้งสิ้นต่อเดือน,ผู้ถือครองทำการเกษตร/เพาะเลี้ยง,ปลูกพืช/เลี้ยงสัตว์/เพาะเลี้ยง_ส่วนใหญ่เช่าที่ดิน/ทำฟรี,18007.00,บาท,,สำนักงานสถิติแห่งชาติ
2566,ลพบุรี,ค่าใช้จ่ายทั้งสิ้นต่อเดือน,ผู้ถือครองทำการเกษตร/เพาะเลี้ยง,ประมงป่าไม้ล่าสัตว์หาของป่าบริการทางการเกษตร,7742.00,บาท,,สำนักงานสถิติแห่งชาติ
2566,ลพบุรี,ค่าใช้จ่ายทั้งสิ้นต่อเดือน,ผู้ประกอบธุรกิจของตนเองที่ไม่ใช่การเกษตร,ผู้ประกอบธุรกิจของตนเองที่ไม่ใช่การเกษตร,21617.00,บาท,,สำนักงานสถิติแห่งชาติ
2566,ลพบุรี,ค่าใช้จ่ายทั้งสิ้นต่อเดือน,ลูกจ้าง,ผู้จัดการนักวิชาการและผู้ปฏิบัติงานวิชาชีพ,33458.00,บาท,,สำนักงานสถิติแห่งชาติ
2566,ลพบุรี,ค่าใช้จ่ายทั้งสิ้นต่อเดือน,ลูกจ้าง,คนงานเกษตรป่าไม้และประมง,13967.00,บาท,,สำนักงานสถิติแห่งชาติ
2566,ลพบุรี,ค่าใช้จ่ายทั้งสิ้นต่อเดือน,ลูกจ้าง,คนงานด้านการขนส่งและงานพื้นฐาน,17830.00,บาท,,สำนักงานสถิติแห่งชาติ
2566,ลพบุรี,ค่าใช้จ่ายทั้งสิ้นต่อเดือน,ลูกจ้าง,เสมียนพนักงานขายและให้บริการ,22241.00,บาท,,สำนักงานสถิติแห่งชาติ
2566,ลพบุรี,ค่าใช้จ่ายทั้งสิ้นต่อเดือน,ลูกจ้าง,ผู้ปฏิบัติงานในกระบวนการผลิตก่อสร้างและเหมืองแร่,22694.00,บาท,,สำนักงานสถิติแห่งชาติ
2566,ลพบุรี,ค่าใช้จ่ายทั้งสิ้นต่อเดือน,ผู้ไม่ได้ปฏิบัติงานเชิงเศรษฐกิจ,ผู้ไม่ได้ปฏิบัติงานเชิงเศรษฐกิจ,16946.00,บาท,,สำนักงานสถิติแห่งชาติ
2566,ลพบุรี,หนี้สินเฉลี่ยต่อครัวเรือนทั้งสิ้น,รวมทั้งสิ้น,รวมทั้งสิ้น,135397.00,บาท,,สำนักงานสถิติแห่งชาติ
2566,ลพบุรี,หนี้สินเฉลี่ยต่อครัวเรือนทั้งสิ้น,ผู้ถือครองทำการเกษตร/เพาะเลี้ยง,ปลูกพืช/เลี้ยงสัตว์/เพาะเลี้ยง_ส่วนใหญ่เป็นเจ้าของที่ดิน,99622.00,บาท,,สำนักงานสถิติแห่งชาติ
2566,ลพบุรี,หนี้สินเฉลี่ยต่อครัวเรือนทั้งสิ้น,ผู้ถือครองทำการเกษตร/เพาะเลี้ยง,ปลูกพืช/เลี้ยงสัตว์/เพาะเลี้ยง_ส่วนใหญ่เช่าที่ดิน/ทำฟรี,265064.00,บาท,,สำนักงานสถิติแห่งชาติ
2566,ลพบุรี,หนี้สินเฉลี่ยต่อครัวเรือนทั้งสิ้น,ผู้ถือครองทำการเกษตร/เพาะเลี้ยง,ประมงป่าไม้ล่าสัตว์หาของป่าบริการทางการเกษตร,19922.00,บาท,,สำนักงานสถิติแห่งชาติ
2566,ลพบุรี,หนี้สินเฉลี่ยต่อครัวเรือนทั้งสิ้น,ผู้ประกอบธุรกิจของตนเองที่ไม่ใช่การเกษตร,ผู้ประกอบธุรกิจของตนเองที่ไม่ใช่การเกษตร,280672.00,บาท,,สำนักงานสถิติแห่งชาติ
2566,ลพบุรี,หนี้สินเฉลี่ยต่อครัวเรือนทั้งสิ้น,ลูกจ้าง,ผู้จัดการนักวิชาการและผู้ปฏิบัติงานวิชาชีพ,262307.00,บาท,,สำนักงานสถิติแห่งชาติ
2566,ลพบุรี,หนี้สินเฉลี่ยต่อครัวเรือนทั้งสิ้น,ลูกจ้าง,คนงานเกษตรป่าไม้และประมง,9904.00,บาท,,สำนักงานสถิติแห่งชาติ
2566,ลพบุรี,หนี้สินเฉลี่ยต่อครัวเรือนทั้งสิ้น,ลูกจ้าง,คนงานด้านการขนส่งและงานพื้นฐาน,42011.00,บาท,,สำนักงานสถิติแห่งชาติ
2566,ลพบุรี,หนี้สินเฉลี่ยต่อครัวเรือนทั้งสิ้น,ลูกจ้าง,เสมียนพนักงานขายและให้บริการ,131707.00,บาท,,สำนักงานสถิติแห่งชาติ
2566,ลพบุรี,หนี้สินเฉลี่ยต่อครัวเรือนทั้งสิ้น,ลูกจ้าง,ผู้ปฏิบัติงานในกระบวนการผลิตก่อสร้างและเหมืองแร่,81235.00,บาท,,สำนักงานสถิติแห่งชาติ
2566,ลพบุรี,หนี้สินเฉลี่ยต่อครัวเรือนทั้งสิ้น,ผู้ไม่ได้ปฏิบัติงานเชิงเศรษฐกิจ,ผู้ไม่ได้ปฏิบัติงานเชิงเศรษฐกิจ,69988.00,บาท,,สำนักงานสถิติแห่งชาติ
2566,ลพบุรี,ร้อยละของค่าใช้จ่ายต่อรายได้,รวมทั้งสิ้น,รวมทั้งสิ้น,79.59,ร้อยละ,,สำนักงานสถิติแห่งชาติ
2566,ลพบุรี,ร้อยละของค่าใช้จ่ายต่อรายได้,ผู้ถือครองทำการเกษตร/เพาะเลี้ยง,ปลูกพืช/เลี้ยงสัตว์/เพาะเลี้ยง_ส่วนใหญ่เป็นเจ้าของที่ดิน,53.96,ร้อยละ,,สำนักงานสถิติแห่งชาติ
2566,ลพบุรี,ร้อยละของค่าใช้จ่ายต่อรายได้,ผู้ถือครองทำการเกษตร/เพาะเลี้ยง,ปลูกพืช/เลี้ยงสัตว์/เพาะเลี้ยง_ส่วนใหญ่เช่าที่ดิน/ทำฟรี,75.17,ร้อยละ,,สำนักงานสถิติแห่งชาติ
2566,ลพบุรี,ร้อยละของค่าใช้จ่ายต่อรายได้,ผู้ถือครองทำการเกษตร/เพาะเลี้ยง,ประมงป่าไม้ล่าสัตว์หาของป่าบริการทางการเกษตร,105.85,ร้อยละ,,สำนักงานสถิติแห่งชาติ
2566,ลพบุรี,ร้อยละของค่าใช้จ่ายต่อรายได้,ผู้ประกอบธุรกิจของตนเองที่ไม่ใช่การเกษตร,ผู้ประกอบธุรกิจของตนเองที่ไม่ใช่การเกษตร,80.57,ร้อยละ,,สำนักงานสถิติแห่งชาติ
2566,ลพบุรี,ร้อยละของค่าใช้จ่ายต่อรายได้,ลูกจ้าง,ผู้จัดการนักวิชาการและผู้ปฏิบัติงานวิชาชีพ,72.97,ร้อยละ,,สำนักงานสถิติแห่งชาติ
2566,ลพบุรี,ร้อยละของค่าใช้จ่ายต่อรายได้,ลูกจ้าง,คนงานเกษตรป่าไม้และประมง,83.22,ร้อยละ,,สำนักงานสถิติแห่งชาติ
2566,ลพบุรี,ร้อยละของค่าใช้จ่ายต่อรายได้,ลูกจ้าง,คนงานด้านการขนส่งและงานพื้นฐาน,85.63,ร้อยละ,,สำนักงานสถิติแห่งชาติ
2566,ลพบุรี,ร้อยละของค่าใช้จ่ายต่อรายได้,ลูกจ้าง,เสมียนพนักงานขายและให้บริการ,84.18,ร้อยละ,,สำนักงานสถิติแห่งชาติ
2566,ลพบุรี,ร้อยละของค่าใช้จ่ายต่อรายได้,ลูกจ้าง,ผู้ปฏิบัติงานในกระบวนการผลิตก่อสร้างและเหมืองแร่,86.44,ร้อยละ,,สำนักงานสถิติแห่งชาติ
2566,ลพบุรี,ร้อยละของค่าใช้จ่ายต่อรายได้,ผู้ไม่ได้ปฏิบัติงานเชิงเศรษฐกิจ,ผู้ไม่ได้ปฏิบัติงานเชิงเศรษฐกิจ,84.51,ร้อยละ,,สำนักงานสถิติแห่งชาติ
2566,สิงห์บุรี,รายได้ทั้งสิ้นต่อเดือน,รวมทั้งสิ้น,รวมทั้งสิ้น,30869.00,บาท,,สำนักงานสถิติแห่งชาติ
2566,สิงห์บุรี,รายได้ทั้งสิ้นต่อเดือน,ผู้ถือครองทำการเกษตร/เพาะเลี้ยง,ปลูกพืช/เลี้ยงสัตว์/เพาะเลี้ยง_ส่วนใหญ่เป็นเจ้าของที่ดิน,31317.00,บาท,,สำนักงานสถิติแห่งชาติ
2566,สิงห์บุรี,รายได้ทั้งสิ้นต่อเดือน,ผู้ถือครองทำการเกษตร/เพาะเลี้ยง,ปลูกพืช/เลี้ยงสัตว์/เพาะเลี้ยง_ส่วนใหญ่เช่าที่ดิน/ทำฟรี,48534.00,บาท,,สำนักงานสถิติแห่งชาติ
2566,สิงห์บุรี,รายได้ทั้งสิ้นต่อเดือน,ผู้ถือครองทำการเกษตร/เพาะเลี้ยง,ประมงป่าไม้ล่าสัตว์หาของป่าบริการทางการเกษตร,12723.00,บาท,,สำนักงานสถิติแห่งชาติ
2566,สิงห์บุรี,รายได้ทั้งสิ้นต่อเดือน,ผู้ประกอบธุรกิจของตนเองที่ไม่ใช่การเกษตร,ผู้ประกอบธุรกิจของตนเองที่ไม่ใช่การเกษตร,28269.00,บาท,,สำนักงานสถิติแห่งชาติ
2566,สิงห์บุรี,รายได้ทั้งสิ้นต่อเดือน,ลูกจ้าง,ผู้จัดการนักวิชาการและผู้ปฏิบัติงานวิชาชีพ,59917.00,บาท,,สำนักงานสถิติแห่งชาติ
2566,สิงห์บุรี,รายได้ทั้งสิ้นต่อเดือน,ลูกจ้าง,คนงานเกษตรป่าไม้และประมง,12478.00,บาท,,สำนักงานสถิติแห่งชาติ
2566,สิงห์บุรี,รายได้ทั้งสิ้นต่อเดือน,ลูกจ้าง,คนงานด้านการขนส่งและงานพื้นฐาน,22609.00,บาท,,สำนักงานสถิติแห่งชาติ
2566,สิงห์บุรี,รายได้ทั้งสิ้นต่อเดือน,ลูกจ้าง,เสมียนพนักงานขายและให้บริการ,29684.00,บาท,,สำนักงานสถิติแห่งชาติ
2566,สิงห์บุรี,รายได้ทั้งสิ้นต่อเดือน,ลูกจ้าง,ผู้ปฏิบัติงานในกระบวนการผลิตก่อสร้างและเหมืองแร่,29202.00,บาท,,สำนักงานสถิติแห่งชาติ
2566,สิงห์บุรี,รายได้ทั้งสิ้นต่อเดือน,ผู้ไม่ได้ปฏิบัติงานเชิงเศรษฐกิจ,ผู้ไม่ได้ปฏิบัติงานเชิงเศรษฐกิจ,24284.00,บาท,,สำนักงานสถิติแห่งชาติ
2566,สิงห์บุรี,ค่าใช้จ่ายทั้งสิ้นต่อเดือน,รวมทั้งสิ้น,รวมทั้งสิ้น,22967.00,บาท,,สำนักงานสถิติแห่งชาติ
2566,สิงห์บุรี,ค่าใช้จ่ายทั้งสิ้นต่อเดือน,ผู้ถือครองทำการเกษตร/เพาะเลี้ยง,ปลูกพืช/เลี้ยงสัตว์/เพาะเลี้ยง_ส่วนใหญ่เป็นเจ้าของที่ดิน,23572.00,บาท,,สำนักงานสถิติแห่งชาติ
2566,สิงห์บุรี,ค่าใช้จ่ายทั้งสิ้นต่อเดือน,ผู้ถือครองทำการเกษตร/เพาะเลี้ยง,ปลูกพืช/เลี้ยงสัตว์/เพาะเลี้ยง_ส่วนใหญ่เช่าที่ดิน/ทำฟรี,20702.00,บาท,,สำนักงานสถิติแห่งชาติ
2566,สิงห์บุรี,ค่าใช้จ่ายทั้งสิ้นต่อเดือน,ผู้ถือครองทำการเกษตร/เพาะเลี้ยง,ประมงป่าไม้ล่าสัตว์หาของป่าบริการทางการเกษตร,14491.00,บาท,,สำนักงานสถิติแห่งชาติ
2566,สิงห์บุรี,ค่าใช้จ่ายทั้งสิ้นต่อเดือน,ผู้ประกอบธุรกิจของตนเองที่ไม่ใช่การเกษตร,ผู้ประกอบธุรกิจของตนเองที่ไม่ใช่การเกษตร,22968.00,บาท,,สำนักงานสถิติแห่งชาติ
2566,สิงห์บุรี,ค่าใช้จ่ายทั้งสิ้นต่อเดือน,ลูกจ้าง,ผู้จัดการนักวิชาการและผู้ปฏิบัติงานวิชาชีพ,38161.00,บาท,,สำนักงานสถิติแห่งชาติ
2566,สิงห์บุรี,ค่าใช้จ่ายทั้งสิ้นต่อเดือน,ลูกจ้าง,คนงานเกษตรป่าไม้และประมง,12795.00,บาท,,สำนักงานสถิติแห่งชาติ
2566,สิงห์บุรี,ค่าใช้จ่ายทั้งสิ้นต่อเดือน,ลูกจ้าง,คนงานด้านการขนส่งและงานพื้นฐาน,20401.00,บาท,,สำนักงานสถิติแห่งชาติ
2566,สิงห์บุรี,ค่าใช้จ่ายทั้งสิ้นต่อเดือน,ลูกจ้าง,เสมียนพนักงานขายและให้บริการ,24415.00,บาท,,สำนักงานสถิติแห่งชาติ
2566,สิงห์บุรี,ค่าใช้จ่ายทั้งสิ้นต่อเดือน,ลูกจ้าง,ผู้ปฏิบัติงานในกระบวนการผลิตก่อสร้างและเหมืองแร่,24215.00,บาท,,สำนักงานสถิติแห่งชาติ
2566,สิงห์บุรี,ค่าใช้จ่ายทั้งสิ้นต่อเดือน,ผู้ไม่ได้ปฏิบัติงานเชิงเศรษฐกิจ,ผู้ไม่ได้ปฏิบัติงานเชิงเศรษฐกิจ,17556.00,บาท,,สำนักงานสถิติแห่งชาติ
2566,สิงห์บุรี,หนี้สินเฉลี่ยต่อครัวเรือนทั้งสิ้น,รวมทั้งสิ้น,รวมทั้งสิ้น,150159.00,บาท,,สำนักงานสถิติแห่งชาติ
2566,สิงห์บุรี,หนี้สินเฉลี่ยต่อครัวเรือนทั้งสิ้น,ผู้ถือครองทำการเกษตร/เพาะเลี้ยง,ปลูกพืช/เลี้ยงสัตว์/เพาะเลี้ยง_ส่วนใหญ่เป็นเจ้าของที่ดิน,179110.00,บาท,,สำนักงานสถิติแห่งชาติ
2566,สิงห์บุรี,หนี้สินเฉลี่ยต่อครัวเรือนทั้งสิ้น,ผู้ถือครองทำการเกษตร/เพาะเลี้ยง,ปลูกพืช/เลี้ยงสัตว์/เพาะเลี้ยง_ส่วนใหญ่เช่าที่ดิน/ทำฟรี,190060.00,บาท,,สำนักงานสถิติแห่งชาติ
2566,สิงห์บุรี,หนี้สินเฉลี่ยต่อครัวเรือนทั้งสิ้น,ผู้ถือครองทำการเกษตร/เพาะเลี้ยง,ประมงป่าไม้ล่าสัตว์หาของป่าบริการทางการเกษตร,39469.00,บาท,,สำนักงานสถิติแห่งชาติ
2566,สิงห์บุรี,หนี้สินเฉลี่ยต่อครัวเรือนทั้งสิ้น,ผู้ประกอบธุรกิจของตนเองที่ไม่ใช่การเกษตร,ผู้ประกอบธุรกิจของตนเองที่ไม่ใช่การเกษตร,99075.00,บาท,,สำนักงานสถิติแห่งชาติ
2566,สิงห์บุรี,หนี้สินเฉลี่ยต่อครัวเรือนทั้งสิ้น,ลูกจ้าง,ผู้จัดการนักวิชาการและผู้ปฏิบัติงานวิชาชีพ,417191.00,บาท,,สำนักงานสถิติแห่งชาติ
2566,สิงห์บุรี,หนี้สินเฉลี่ยต่อครัวเรือนทั้งสิ้น,ลูกจ้าง,คนงานเกษตรป่าไม้และประมง,98672.00,บาท,,สำนักงานสถิติแห่งชาติ
2566,สิงห์บุรี,หนี้สินเฉลี่ยต่อครัวเรือนทั้งสิ้น,ลูกจ้าง,คนงานด้านการขนส่งและงานพื้นฐาน,182489.00,บาท,,สำนักงานสถิติแห่งชาติ
2566,สิงห์บุรี,หนี้สินเฉลี่ยต่อครัวเรือนทั้งสิ้น,ลูกจ้าง,เสมียนพนักงานขายและให้บริการ,170398.00,บาท,,สำนักงานสถิติแห่งชาติ
2566,สิงห์บุรี,หนี้สินเฉลี่ยต่อครัวเรือนทั้งสิ้น,ลูกจ้าง,ผู้ปฏิบัติงานในกระบวนการผลิตก่อสร้างและเหมืองแร่,102524.00,บาท,,สำนักงานสถิติแห่งชาติ
2566,สิงห์บุรี,หนี้สินเฉลี่ยต่อครัวเรือนทั้งสิ้น,ผู้ไม่ได้ปฏิบัติงานเชิงเศรษฐกิจ,ผู้ไม่ได้ปฏิบัติงานเชิงเศรษฐกิจ,98789.00,บาท,,สำนักงานสถิติแห่งชาติ
2566,สิงห์บุรี,ร้อยละของค่าใช้จ่ายต่อรายได้,รวมทั้งสิ้น,รวมทั้งสิ้น,74.40,ร้อยละ,,สำนักงานสถิติแห่งชาติ
2566,สิงห์บุรี,ร้อยละของค่าใช้จ่ายต่อรายได้,ผู้ถือครองทำการเกษตร/เพาะเลี้ยง,ปลูกพืช/เลี้ยงสัตว์/เพาะเลี้ยง_ส่วนใหญ่เป็นเจ้าของที่ดิน,75.27,ร้อยละ,,สำนักงานสถิติแห่งชาติ
2566,สิงห์บุรี,ร้อยละของค่าใช้จ่ายต่อรายได้,ผู้ถือครองทำการเกษตร/เพาะเลี้ยง,ปลูกพืช/เลี้ยงสัตว์/เพาะเลี้ยง_ส่วนใหญ่เช่าที่ดิน/ทำฟรี,42.65,ร้อยละ,,สำนักงานสถิติแห่งชาติ
2566,สิงห์บุรี,ร้อยละของค่าใช้จ่ายต่อรายได้,ผู้ถือครองทำการเกษตร/เพาะเลี้ยง,ประมงป่าไม้ล่าสัตว์หาของป่าบริการทางการเกษตร,113.90,ร้อยละ,,สำนักงานสถิติแห่งชาติ
2566,สิงห์บุรี,ร้อยละของค่าใช้จ่ายต่อรายได้,ผู้ประกอบธุรกิจของตนเองที่ไม่ใช่การเกษตร,ผู้ประกอบธุรกิจของตนเองที่ไม่ใช่การเกษตร,81.25,ร้อยละ,,สำนักงานสถิติแห่งชาติ
2566,สิงห์บุรี,ร้อยละของค่าใช้จ่ายต่อรายได้,ลูกจ้าง,ผู้จัดการนักวิชาการและผู้ปฏิบัติงานวิชาชีพ,63.69,ร้อยละ,,สำนักงานสถิติแห่งชาติ
2566,สิงห์บุรี,ร้อยละของค่าใช้จ่ายต่อรายได้,ลูกจ้าง,คนงานเกษตรป่าไม้และประมง,102.54,ร้อยละ,,สำนักงานสถิติแห่งชาติ
2566,สิงห์บุรี,ร้อยละของค่าใช้จ่ายต่อรายได้,ลูกจ้าง,คนงานด้านการขนส่งและงานพื้นฐาน,90.23,ร้อยละ,,สำนักงานสถิติแห่งชาติ
2566,สิงห์บุรี,ร้อยละของค่าใช้จ่ายต่อรายได้,ลูกจ้าง,เสมียนพนักงานขายและให้บริการ,82.25,ร้อยละ,,สำนักงานสถิติแห่งชาติ
2566,สิงห์บุรี,ร้อยละของค่าใช้จ่ายต่อรายได้,ลูกจ้าง,ผู้ปฏิบัติงานในกระบวนการผลิตก่อสร้างและเหมืองแร่,82.92,ร้อยละ,,สำนักงานสถิติแห่งชาติ
2566,สิงห์บุรี,ร้อยละของค่าใช้จ่ายต่อรายได้,ผู้ไม่ได้ปฏิบัติงานเชิงเศรษฐกิจ,ผู้ไม่ได้ปฏิบัติงานเชิงเศรษฐกิจ,72.29,ร้อยละ,,สำนักงานสถิติแห่งชาติ
2566,ชัยนาท,รายได้ทั้งสิ้นต่อเดือน,รวมทั้งสิ้น,รวมทั้งสิ้น,27543.00,บาท,,สำนักงานสถิติแห่งชาติ
2566,ชัยนาท,รายได้ทั้งสิ้นต่อเดือน,ผู้ถือครองทำการเกษตร/เพาะเลี้ยง,ปลูกพืช/เลี้ยงสัตว์/เพาะเลี้ยง_ส่วนใหญ่เป็นเจ้าของที่ดิน,23214.00,บาท,,สำนักงานสถิติแห่งชาติ
2566,ชัยนาท,รายได้ทั้งสิ้นต่อเดือน,ผู้ถือครองทำการเกษตร/เพาะเลี้ยง,ปลูกพืช/เลี้ยงสัตว์/เพาะเลี้ยง_ส่วนใหญ่เช่าที่ดิน/ทำฟรี,32893.00,บาท,,สำนักงานสถิติแห่งชาติ
2566,ชัยนาท,รายได้ทั้งสิ้นต่อเดือน,ผู้ถือครองทำการเกษตร/เพาะเลี้ยง,ประมงป่าไม้ล่าสัตว์หาของป่าบริการทางการเกษตร,12716.00,บาท,,สำนักงานสถิติแห่งชาติ
2566,ชัยนาท,รายได้ทั้งสิ้นต่อเดือน,ผู้ประกอบธุรกิจของตนเองที่ไม่ใช่การเกษตร,ผู้ประกอบธุรกิจของตนเองที่ไม่ใช่การเกษตร,31043.00,บาท,,สำนักงานสถิติแห่งชาติ
2566,ชัยนาท,รายได้ทั้งสิ้นต่อเดือน,ลูกจ้าง,ผู้จัดการนักวิชาการและผู้ปฏิบัติงานวิชาชีพ,59410.00,บาท,,สำนักงานสถิติแห่งชาติ
2566,ชัยนาท,รายได้ทั้งสิ้นต่อเดือน,ลูกจ้าง,คนงานเกษตรป่าไม้และประมง,12270.00,บาท,,สำนักงานสถิติแห่งชาติ
2566,ชัยนาท,รายได้ทั้งสิ้นต่อเดือน,ลูกจ้าง,คนงานด้านการขนส่งและงานพื้นฐาน,19989.00,บาท,,สำนักงานสถิติแห่งชาติ
2566,ชัยนาท,รายได้ทั้งสิ้นต่อเดือน,ลูกจ้าง,เสมียนพนักงานขายและให้บริการ,28347.00,บาท,,สำนักงานสถิติแห่งชาติ
2566,ชัยนาท,รายได้ทั้งสิ้นต่อเดือน,ลูกจ้าง,ผู้ปฏิบัติงานในกระบวนการผลิตก่อสร้างและเหมืองแร่,21761.00,บาท,,สำนักงานสถิติแห่งชาติ
2566,ชัยนาท,รายได้ทั้งสิ้นต่อเดือน,ผู้ไม่ได้ปฏิบัติงานเชิงเศรษฐกิจ,ผู้ไม่ได้ปฏิบัติงานเชิงเศรษฐกิจ,18938.00,บาท,,สำนักงานสถิติแห่งชาติ
2566,ชัยนาท,ค่าใช้จ่ายทั้งสิ้นต่อเดือน,รวมทั้งสิ้น,รวมทั้งสิ้น,21520.00,บาท,,สำนักงานสถิติแห่งชาติ
2566,ชัยนาท,ค่าใช้จ่ายทั้งสิ้นต่อเดือน,ผู้ถือครองทำการเกษตร/เพาะเลี้ยง,ปลูกพืช/เลี้ยงสัตว์/เพาะเลี้ยง_ส่วนใหญ่เป็นเจ้าของที่ดิน,18153.00,บาท,,สำนักงานสถิติแห่งชาติ
2566,ชัยนาท,ค่าใช้จ่ายทั้งสิ้นต่อเดือน,ผู้ถือครองทำการเกษตร/เพาะเลี้ยง,ปลูกพืช/เลี้ยงสัตว์/เพาะเลี้ยง_ส่วนใหญ่เช่าที่ดิน/ทำฟรี,18430.00,บาท,,สำนักงานสถิติแห่งชาติ
2566,ชัยนาท,ค่าใช้จ่ายทั้งสิ้นต่อเดือน,ผู้ถือครองทำการเกษตร/เพาะเลี้ยง,ประมงป่าไม้ล่าสัตว์หาของป่าบริการทางการเกษตร,14568.00,บาท,,สำนักงานสถิติแห่งชาติ
2566,ชัยนาท,ค่าใช้จ่ายทั้งสิ้นต่อเดือน,ผู้ประกอบธุรกิจของตนเองที่ไม่ใช่การเกษตร,ผู้ประกอบธุรกิจของตนเองที่ไม่ใช่การเกษตร,25739.00,บาท,,สำนักงานสถิติแห่งชาติ
2566,ชัยนาท,ค่าใช้จ่ายทั้งสิ้นต่อเดือน,ลูกจ้าง,ผู้จัดการนักวิชาการและผู้ปฏิบัติงานวิชาชีพ,42156.00,บาท,,สำนักงานสถิติแห่งชาติ
2566,ชัยนาท,ค่าใช้จ่ายทั้งสิ้นต่อเดือน,ลูกจ้าง,คนงานเกษตรป่าไม้และประมง,11931.00,บาท,,สำนักงานสถิติแห่งชาติ
2566,ชัยนาท,ค่าใช้จ่ายทั้งสิ้นต่อเดือน,ลูกจ้าง,คนงานด้านการขนส่งและงานพื้นฐาน,17814.00,บาท,,สำนักงานสถิติแห่งชาติ
2566,ชัยนาท,ค่าใช้จ่ายทั้งสิ้นต่อเดือน,ลูกจ้าง,เสมียนพนักงานขายและให้บริการ,22721.00,บาท,,สำนักงานสถิติแห่งชาติ
2566,ชัยนาท,ค่าใช้จ่ายทั้งสิ้นต่อเดือน,ลูกจ้าง,ผู้ปฏิบัติงานในกระบวนการผลิตก่อสร้างและเหมืองแร่,20581.00,บาท,,สำนักงานสถิติแห่งชาติ
2566,ชัยนาท,ค่าใช้จ่ายทั้งสิ้นต่อเดือน,ผู้ไม่ได้ปฏิบัติงานเชิงเศรษฐกิจ,ผู้ไม่ได้ปฏิบัติงานเชิงเศรษฐกิจ,14883.00,บาท,,สำนักงานสถิติแห่งชาติ
2566,ชัยนาท,หนี้สินเฉลี่ยต่อครัวเรือนทั้งสิ้น,รวมทั้งสิ้น,รวมทั้งสิ้น,246576.00,บาท,,สำนักงานสถิติแห่งชาติ
2566,ชัยนาท,หนี้สินเฉลี่ยต่อครัวเรือนทั้งสิ้น,ผู้ถือครองทำการเกษตร/เพาะเลี้ยง,ปลูกพืช/เลี้ยงสัตว์/เพาะเลี้ยง_ส่วนใหญ่เป็นเจ้าของที่ดิน,266058.00,บาท,,สำนักงานสถิติแห่งชาติ
2566,ชัยนาท,หนี้สินเฉลี่ยต่อครัวเรือนทั้งสิ้น,ผู้ถือครองทำการเกษตร/เพาะเลี้ยง,ปลูกพืช/เลี้ยงสัตว์/เพาะเลี้ยง_ส่วนใหญ่เช่าที่ดิน/ทำฟรี,370097.00,บาท,,สำนักงานสถิติแห่งชาติ
2566,ชัยนาท,หนี้สินเฉลี่ยต่อครัวเรือนทั้งสิ้น,ผู้ถือครองทำการเกษตร/เพาะเลี้ยง,ประมงป่าไม้ล่าสัตว์หาของป่าบริการทางการเกษตร,96485.00,บาท,,สำนักงานสถิติแห่งชาติ
2566,ชัยนาท,หนี้สินเฉลี่ยต่อครัวเรือนทั้งสิ้น,ผู้ประกอบธุรกิจของตนเองที่ไม่ใช่การเกษตร,ผู้ประกอบธุรกิจของตนเองที่ไม่ใช่การเกษตร,256842.00,บาท,,สำนักงานสถิติแห่งชาติ
2566,ชัยนาท,หนี้สินเฉลี่ยต่อครัวเรือนทั้งสิ้น,ลูกจ้าง,ผู้จัดการนักวิชาการและผู้ปฏิบัติงานวิชาชีพ,749034.00,บาท,,สำนักงานสถิติแห่งชาติ
2566,ชัยนาท,หนี้สินเฉลี่ยต่อครัวเรือนทั้งสิ้น,ลูกจ้าง,คนงานเกษตรป่าไม้และประมง,174465.00,บาท,,สำนักงานสถิติแห่งชาติ
2566,ชัยนาท,หนี้สินเฉลี่ยต่อครัวเรือนทั้งสิ้น,ลูกจ้าง,คนงานด้านการขนส่งและงานพื้นฐาน,81845.00,บาท,,สำนักงานสถิติแห่งชาติ
2566,ชัยนาท,หนี้สินเฉลี่ยต่อครัวเรือนทั้งสิ้น,ลูกจ้าง,เสมียนพนักงานขายและให้บริการ,331674.00,บาท,,สำนักงานสถิติแห่งชาติ
2566,ชัยนาท,หนี้สินเฉลี่ยต่อครัวเรือนทั้งสิ้น,ลูกจ้าง,ผู้ปฏิบัติงานในกระบวนการผลิตก่อสร้างและเหมืองแร่,99502.00,บาท,,สำนักงานสถิติแห่งชาติ
2566,ชัยนาท,หนี้สินเฉลี่ยต่อครัวเรือนทั้งสิ้น,ผู้ไม่ได้ปฏิบัติงานเชิงเศรษฐกิจ,ผู้ไม่ได้ปฏิบัติงานเชิงเศรษฐกิจ,84210.00,บาท,,สำนักงานสถิติแห่งชาติ
2566,ชัยนาท,ร้อยละของค่าใช้จ่ายต่อรายได้,รวมทั้งสิ้น,รวมทั้งสิ้น,78.13,ร้อยละ,,สำนักงานสถิติแห่งชาติ
2566,ชัยนาท,ร้อยละของค่าใช้จ่ายต่อรายได้,ผู้ถือครองทำการเกษตร/เพาะเลี้ยง,ปลูกพืช/เลี้ยงสัตว์/เพาะเลี้ยง_ส่วนใหญ่เป็นเจ้าของที่ดิน,78.20,ร้อยละ,,สำนักงานสถิติแห่งชาติ
2566,ชัยนาท,ร้อยละของค่าใช้จ่ายต่อรายได้,ผู้ถือครองทำการเกษตร/เพาะเลี้ยง,ปลูกพืช/เลี้ยงสัตว์/เพาะเลี้ยง_ส่วนใหญ่เช่าที่ดิน/ทำฟรี,56.03,ร้อยละ,,สำนักงานสถิติแห่งชาติ
2566,ชัยนาท,ร้อยละของค่าใช้จ่ายต่อรายได้,ผู้ถือครองทำการเกษตร/เพาะเลี้ยง,ประมงป่าไม้ล่าสัตว์หาของป่าบริการทางการเกษตร,114.57,ร้อยละ,,สำนักงานสถิติแห่งชาติ
2566,ชัยนาท,ร้อยละของค่าใช้จ่ายต่อรายได้,ผู้ประกอบธุรกิจของตนเองที่ไม่ใช่การเกษตร,ผู้ประกอบธุรกิจของตนเองที่ไม่ใช่การเกษตร,82.91,ร้อยละ,,สำนักงานสถิติแห่งชาติ
2566,ชัยนาท,ร้อยละของค่าใช้จ่ายต่อรายได้,ลูกจ้าง,ผู้จัดการนักวิชาการและผู้ปฏิบัติงานวิชาชีพ,70.96,ร้อยละ,,สำนักงานสถิติแห่งชาติ
2566,ชัยนาท,ร้อยละของค่าใช้จ่ายต่อรายได้,ลูกจ้าง,คนงานเกษตรป่าไม้และประมง,97.23,ร้อยละ,,สำนักงานสถิติแห่งชาติ
2566,ชัยนาท,ร้อยละของค่าใช้จ่ายต่อรายได้,ลูกจ้าง,คนงานด้านการขนส่งและงานพื้นฐาน,89.12,ร้อยละ,,สำนักงานสถิติแห่งชาติ
2566,ชัยนาท,ร้อยละของค่าใช้จ่ายต่อรายได้,ลูกจ้าง,เสมียนพนักงานขายและให้บริการ,80.16,ร้อยละ,,สำนักงานสถิติแห่งชาติ
2566,ชัยนาท,ร้อยละของค่าใช้จ่ายต่อรายได้,ลูกจ้าง,ผู้ปฏิบัติงานในกระบวนการผลิตก่อสร้างและเหมืองแร่,94.58,ร้อยละ,,สำนักงานสถิติแห่งชาติ
2566,ชัยนาท,ร้อยละของค่าใช้จ่ายต่อรายได้,ผู้ไม่ได้ปฏิบัติงานเชิงเศรษฐกิจ,ผู้ไม่ได้ปฏิบัติงานเชิงเศรษฐกิจ,78.59,ร้อยละ,,สำนักงานสถิติแห่งชาติ
2566,สระบุรี,รายได้ทั้งสิ้นต่อเดือน,รวมทั้งสิ้น,รวมทั้งสิ้น,33894.00,บาท,,สำนักงานสถิติแห่งชาติ
2566,สระบุรี,รายได้ทั้งสิ้นต่อเดือน,ผู้ถือครองทำการเกษตร/เพาะเลี้ยง,ปลูกพืช/เลี้ยงสัตว์/เพาะเลี้ยง_ส่วนใหญ่เป็นเจ้าของที่ดิน,60024.00,บาท,,สำนักงานสถิติแห่งชาติ
2566,สระบุรี,รายได้ทั้งสิ้นต่อเดือน,ผู้ถือครองทำการเกษตร/เพาะเลี้ยง,ปลูกพืช/เลี้ยงสัตว์/เพาะเลี้ยง_ส่วนใหญ่เช่าที่ดิน/ทำฟรี,29191.00,บาท,,สำนักงานสถิติแห่งชาติ
2566,สระบุรี,รายได้ทั้งสิ้นต่อเดือน,ผู้ถือครองทำการเกษตร/เพาะเลี้ยง,ประมงป่าไม้ล่าสัตว์หาของป่าบริการทางการเกษตร,4452.00,บาท,,สำนักงานสถิติแห่งชาติ
2566,สระบุรี,รายได้ทั้งสิ้นต่อเดือน,ผู้ประกอบธุรกิจของตนเองที่ไม่ใช่การเกษตร,ผู้ประกอบธุรกิจของตนเองที่ไม่ใช่การเกษตร,46871.00,บาท,,สำนักงานสถิติแห่งชาติ
2566,สระบุรี,รายได้ทั้งสิ้นต่อเดือน,ลูกจ้าง,ผู้จัดการนักวิชาการและผู้ปฏิบัติงานวิชาชีพ,50118.00,บาท,,สำนักงานสถิติแห่งชาติ
2566,สระบุรี,รายได้ทั้งสิ้นต่อเดือน,ลูกจ้าง,คนงานเกษตรป่าไม้และประมง,16861.00,บาท,,สำนักงานสถิติแห่งชาติ
2566,สระบุรี,รายได้ทั้งสิ้นต่อเดือน,ลูกจ้าง,คนงานด้านการขนส่งและงานพื้นฐาน,22406.00,บาท,,สำนักงานสถิติแห่งชาติ
2566,สระบุรี,รายได้ทั้งสิ้นต่อเดือน,ลูกจ้าง,เสมียนพนักงานขายและให้บริการ,28266.00,บาท,,สำนักงานสถิติแห่งชาติ
2566,สระบุรี,รายได้ทั้งสิ้นต่อเดือน,ลูกจ้าง,ผู้ปฏิบัติงานในกระบวนการผลิตก่อสร้างและเหมืองแร่,36514.00,บาท,,สำนักงานสถิติแห่งชาติ
2566,สระบุรี,รายได้ทั้งสิ้นต่อเดือน,ผู้ไม่ได้ปฏิบัติงานเชิงเศรษฐกิจ,ผู้ไม่ได้ปฏิบัติงานเชิงเศรษฐกิจ,23158.00,บาท,,สำนักงานสถิติแห่งชาติ
2566,สระบุรี,ค่าใช้จ่ายทั้งสิ้นต่อเดือน,รวมทั้งสิ้น,รวมทั้งสิ้น,27213.00,บาท,,สำนักงานสถิติแห่งชาติ
2566,สระบุรี,ค่าใช้จ่ายทั้งสิ้นต่อเดือน,ผู้ถือครองทำการเกษตร/เพาะเลี้ยง,ปลูกพืช/เลี้ยงสัตว์/เพาะเลี้ยง_ส่วนใหญ่เป็นเจ้าของที่ดิน,25815.00,บาท,,สำนักงานสถิติแห่งชาติ
2566,สระบุรี,ค่าใช้จ่ายทั้งสิ้นต่อเดือน,ผู้ถือครองทำการเกษตร/เพาะเลี้ยง,ปลูกพืช/เลี้ยงสัตว์/เพาะเลี้ยง_ส่วนใหญ่เช่าที่ดิน/ทำฟรี,25441.00,บาท,,สำนักงานสถิติแห่งชาติ
2566,สระบุรี,ค่าใช้จ่ายทั้งสิ้นต่อเดือน,ผู้ถือครองทำการเกษตร/เพาะเลี้ยง,ประมงป่าไม้ล่าสัตว์หาของป่าบริการทางการเกษตร,74099.00,บาท,,สำนักงานสถิติแห่งชาติ
2566,สระบุรี,ค่าใช้จ่ายทั้งสิ้นต่อเดือน,ผู้ประกอบธุรกิจของตนเองที่ไม่ใช่การเกษตร,ผู้ประกอบธุรกิจของตนเองที่ไม่ใช่การเกษตร,32068.00,บาท,,สำนักงานสถิติแห่งชาติ
2566,สระบุรี,ค่าใช้จ่ายทั้งสิ้นต่อเดือน,ลูกจ้าง,ผู้จัดการนักวิชาการและผู้ปฏิบัติงานวิชาชีพ,38916.00,บาท,,สำนักงานสถิติแห่งชาติ
2566,สระบุรี,ค่าใช้จ่ายทั้งสิ้นต่อเดือน,ลูกจ้าง,คนงานเกษตรป่าไม้และประมง,15587.00,บาท,,สำนักงานสถิติแห่งชาติ
2566,สระบุรี,ค่าใช้จ่ายทั้งสิ้นต่อเดือน,ลูกจ้าง,คนงานด้านการขนส่งและงานพื้นฐาน,21330.00,บาท,,สำนักงานสถิติแห่งชาติ
2566,สระบุรี,ค่าใช้จ่ายทั้งสิ้นต่อเดือน,ลูกจ้าง,เสมียนพนักงานขายและให้บริการ,24528.00,บาท,,สำนักงานสถิติแห่งชาติ
2566,สระบุรี,ค่าใช้จ่ายทั้งสิ้นต่อเดือน,ลูกจ้าง,ผู้ปฏิบัติงานในกระบวนการผลิตก่อสร้างและเหมืองแร่,32181.00,บาท,,สำนักงานสถิติแห่งชาติ
2566,สระบุรี,ค่าใช้จ่ายทั้งสิ้นต่อเดือน,ผู้ไม่ได้ปฏิบัติงานเชิงเศรษฐกิจ,ผู้ไม่ได้ปฏิบัติงานเชิงเศรษฐกิจ,19948.00,บาท,,สำนักงานสถิติแห่งชาติ
2566,สระบุรี,หนี้สินเฉลี่ยต่อครัวเรือนทั้งสิ้น,รวมทั้งสิ้น,รวมทั้งสิ้น,254307.00,บาท,,สำนักงานสถิติแห่งชาติ
2566,สระบุรี,หนี้สินเฉลี่ยต่อครัวเรือนทั้งสิ้น,ผู้ถือครองทำการเกษตร/เพาะเลี้ยง,ปลูกพืช/เลี้ยงสัตว์/เพาะเลี้ยง_ส่วนใหญ่เป็นเจ้าของที่ดิน,299434.00,บาท,,สำนักงานสถิติแห่งชาติ
2566,สระบุรี,หนี้สินเฉลี่ยต่อครัวเรือนทั้งสิ้น,ผู้ถือครองทำการเกษตร/เพาะเลี้ยง,ปลูกพืช/เลี้ยงสัตว์/เพาะเลี้ยง_ส่วนใหญ่เช่าที่ดิน/ทำฟรี,375402.00,บาท,,สำนักงานสถิติแห่งชาติ
2566,สระบุรี,หนี้สินเฉลี่ยต่อครัวเรือนทั้งสิ้น,ผู้ถือครองทำการเกษตร/เพาะเลี้ยง,ประมงป่าไม้ล่าสัตว์หาของป่าบริการทางการเกษตร,.00,บาท,"ศูนย์ยกกำลังดับเบิลยู หมายถึง ข้อมูลจากการสำรวจตัวอย่างมีค่าเป็น 0",สำนักงานสถิติแห่งชาติ
2566,สระบุรี,หนี้สินเฉลี่ยต่อครัวเรือนทั้งสิ้น,ผู้ประกอบธุรกิจของตนเองที่ไม่ใช่การเกษตร,ผู้ประกอบธุรกิจของตนเองที่ไม่ใช่การเกษตร,457372.00,บาท,,สำนักงานสถิติแห่งชาติ
2566,สระบุรี,หนี้สินเฉลี่ยต่อครัวเรือนทั้งสิ้น,ลูกจ้าง,ผู้จัดการนักวิชาการและผู้ปฏิบัติงานวิชาชีพ,711913.00,บาท,,สำนักงานสถิติแห่งชาติ
2566,สระบุรี,หนี้สินเฉลี่ยต่อครัวเรือนทั้งสิ้น,ลูกจ้าง,คนงานเกษตรป่าไม้และประมง,30438.00,บาท,,สำนักงานสถิติแห่งชาติ
2566,สระบุรี,หนี้สินเฉลี่ยต่อครัวเรือนทั้งสิ้น,ลูกจ้าง,คนงานด้านการขนส่งและงานพื้นฐาน,56874.00,บาท,,สำนักงานสถิติแห่งชาติ
2566,สระบุรี,หนี้สินเฉลี่ยต่อครัวเรือนทั้งสิ้น,ลูกจ้าง,เสมียนพนักงานขายและให้บริการ,195527.00,บาท,,สำนักงานสถิติแห่งชาติ
2566,สระบุรี,หนี้สินเฉลี่ยต่อครัวเรือนทั้งสิ้น,ลูกจ้าง,ผู้ปฏิบัติงานในกระบวนการผลิตก่อสร้างและเหมืองแร่,131779.00,บาท,,สำนักงานสถิติแห่งชาติ
2566,สระบุรี,หนี้สินเฉลี่ยต่อครัวเรือนทั้งสิ้น,ผู้ไม่ได้ปฏิบัติงานเชิงเศรษฐกิจ,ผู้ไม่ได้ปฏิบัติงานเชิงเศรษฐกิจ,128977.00,บาท,,สำนักงานสถิติแห่งชาติ
2566,สระบุรี,ร้อยละของค่าใช้จ่ายต่อรายได้,รวมทั้งสิ้น,รวมทั้งสิ้น,80.29,ร้อยละ,,สำนักงานสถิติแห่งชาติ
2566,สระบุรี,ร้อยละของค่าใช้จ่ายต่อรายได้,ผู้ถือครองทำการเกษตร/เพาะเลี้ยง,ปลูกพืช/เลี้ยงสัตว์/เพาะเลี้ยง_ส่วนใหญ่เป็นเจ้าของที่ดิน,43.01,ร้อยละ,,สำนักงานสถิติแห่งชาติ
2566,สระบุรี,ร้อยละของค่าใช้จ่ายต่อรายได้,ผู้ถือครองทำการเกษตร/เพาะเลี้ยง,ปลูกพืช/เลี้ยงสัตว์/เพาะเลี้ยง_ส่วนใหญ่เช่าที่ดิน/ทำฟรี,87.15,ร้อยละ,,สำนักงานสถิติแห่งชาติ
2566,สระบุรี,ร้อยละของค่าใช้จ่ายต่อรายได้,ผู้ถือครองทำการเกษตร/เพาะเลี้ยง,ประมงป่าไม้ล่าสัตว์หาของป่าบริการทางการเกษตร,1664.39,ร้อยละ,,สำนักงานสถิติแห่งชาติ
2566,สระบุรี,ร้อยละของค่าใช้จ่ายต่อรายได้,ผู้ประกอบธุรกิจของตนเองที่ไม่ใช่การเกษตร,ผู้ประกอบธุรกิจของตนเองที่ไม่ใช่การเกษตร,68.42,ร้อยละ,,สำนักงานสถิติแห่งชาติ
2566,สระบุรี,ร้อยละของค่าใช้จ่ายต่อรายได้,ลูกจ้าง,ผู้จัดการนักวิชาการและผู้ปฏิบัติงานวิชาชีพ,77.65,ร้อยละ,,สำนักงานสถิติแห่งชาติ
2566,สระบุรี,ร้อยละของค่าใช้จ่ายต่อรายได้,ลูกจ้าง,คนงานเกษตรป่าไม้และประมง,92.44,ร้อยละ,,สำนักงานสถิติแห่งชาติ
2566,สระบุรี,ร้อยละของค่าใช้จ่ายต่อรายได้,ลูกจ้าง,คนงานด้านการขนส่งและงานพื้นฐาน,95.20,ร้อยละ,,สำนักงานสถิติแห่งชาติ
2566,สระบุรี,ร้อยละของค่าใช้จ่ายต่อรายได้,ลูกจ้าง,เสมียนพนักงานขายและให้บริการ,86.77,ร้อยละ,,สำนักงานสถิติแห่งชาติ
2566,สระบุรี,ร้อยละของค่าใช้จ่ายต่อรายได้,ลูกจ้าง,ผู้ปฏิบัติงานในกระบวนการผลิตก่อสร้างและเหมืองแร่,88.13,ร้อยละ,,สำนักงานสถิติแห่งชาติ
2566,สระบุรี,ร้อยละของค่าใช้จ่ายต่อรายได้,ผู้ไม่ได้ปฏิบัติงานเชิงเศรษฐกิจ,ผู้ไม่ได้ปฏิบัติงานเชิงเศรษฐกิจ,86.14,ร้อยละ,,สำนักงานสถิติแห่งชาติ
2566,ชลบุรี,รายได้ทั้งสิ้นต่อเดือน,รวมทั้งสิ้น,รวมทั้งสิ้น,35981.00,บาท,,สำนักงานสถิติแห่งชาติ
2566,ชลบุรี,รายได้ทั้งสิ้นต่อเดือน,ผู้ถือครองทำการเกษตร/เพาะเลี้ยง,ปลูกพืช/เลี้ยงสัตว์/เพาะเลี้ยง_ส่วนใหญ่เป็นเจ้าของที่ดิน,40204.00,บาท,,สำนักงานสถิติแห่งชาติ
2566,ชลบุรี,รายได้ทั้งสิ้นต่อเดือน,ผู้ถือครองทำการเกษตร/เพาะเลี้ยง,ปลูกพืช/เลี้ยงสัตว์/เพาะเลี้ยง_ส่วนใหญ่เช่าที่ดิน/ทำฟรี,.00,บาท,"ศูนย์ยกกำลังดับเบิลยู หมายถึง ข้อมูลจากการสำรวจตัวอย่างมีค่าเป็น 0",สำนักงานสถิติแห่งชาติ
2566,ชลบุรี,รายได้ทั้งสิ้นต่อเดือน,ผู้ถือครองทำการเกษตร/เพาะเลี้ยง,ประมงป่าไม้ล่าสัตว์หาของป่าบริการทางการเกษตร,.00,บาท,"ศูนย์ยกกำลังดับเบิลยู หมายถึง ข้อมูลจากการสำรวจตัวอย่างมีค่าเป็น 0",สำนักงานสถิติแห่งชาติ
2566,ชลบุรี,รายได้ทั้งสิ้นต่อเดือน,ผู้ประกอบธุรกิจของตนเองที่ไม่ใช่การเกษตร,ผู้ประกอบธุรกิจของตนเองที่ไม่ใช่การเกษตร,44976.00,บาท,,สำนักงานสถิติแห่งชาติ
2566,ชลบุรี,รายได้ทั้งสิ้นต่อเดือน,ลูกจ้าง,ผู้จัดการนักวิชาการและผู้ปฏิบัติงานวิชาชีพ,46980.00,บาท,,สำนักงานสถิติแห่งชาติ
2566,ชลบุรี,รายได้ทั้งสิ้นต่อเดือน,ลูกจ้าง,คนงานเกษตรป่าไม้และประมง,.00,บาท,"ศูนย์ยกกำลังดับเบิลยู หมายถึง ข้อมูลจากการสำรวจตัวอย่างมีค่าเป็น 0",สำนักงานสถิติแห่งชาติ
2566,ชลบุรี,รายได้ทั้งสิ้นต่อเดือน,ลูกจ้าง,คนงานด้านการขนส่งและงานพื้นฐาน,20681.00,บาท,,สำนักงานสถิติแห่งชาติ
2566,ชลบุรี,รายได้ทั้งสิ้นต่อเดือน,ลูกจ้าง,เสมียนพนักงานขายและให้บริการ,29736.00,บาท,,สำนักงานสถิติแห่งชาติ
2566,ชลบุรี,รายได้ทั้งสิ้นต่อเดือน,ลูกจ้าง,ผู้ปฏิบัติงานในกระบวนการผลิตก่อสร้างและเหมืองแร่,35095.00,บาท,,สำนักงานสถิติแห่งชาติ
2566,ชลบุรี,รายได้ทั้งสิ้นต่อเดือน,ผู้ไม่ได้ปฏิบัติงานเชิงเศรษฐกิจ,ผู้ไม่ได้ปฏิบัติงานเชิงเศรษฐกิจ,27973.00,บาท,,สำนักงานสถิติแห่งชาติ
2566,ชลบุรี,ค่าใช้จ่ายทั้งสิ้นต่อเดือน,รวมทั้งสิ้น,รวมทั้งสิ้น,31685.00,บาท,,สำนักงานสถิติแห่งชาติ
2566,ชลบุรี,ค่าใช้จ่ายทั้งสิ้นต่อเดือน,ผู้ถือครองทำการเกษตร/เพาะเลี้ยง,ปลูกพืช/เลี้ยงสัตว์/เพาะเลี้ยง_ส่วนใหญ่เป็นเจ้าของที่ดิน,50620.00,บาท,,สำนักงานสถิติแห่งชาติ
2566,ชลบุรี,ค่าใช้จ่ายทั้งสิ้นต่อเดือน,ผู้ประกอบธุรกิจของตนเองที่ไม่ใช่การเกษตร,ผู้ประกอบธุรกิจของตนเองที่ไม่ใช่การเกษตร,38505.00,บาท,,สำนักงานสถิติแห่งชาติ
2566,ชลบุรี,ค่าใช้จ่ายทั้งสิ้นต่อเดือน,ลูกจ้าง,ผู้จัดการนักวิชาการและผู้ปฏิบัติงานวิชาชีพ,39358.00,บาท,,สำนักงานสถิติแห่งชาติ
2566,ชลบุรี,ค่าใช้จ่ายทั้งสิ้นต่อเดือน,ผู้ถือครองทำการเกษตร/เพาะเลี้ยง,ปลูกพืช/เลี้ยงสัตว์/เพาะเลี้ยง_ส่วนใหญ่เช่าที่ดิน/ทำฟรี,.00,บาท,"ศูนย์ยกกำลังดับเบิลยู หมายถึง ข้อมูลจากการสำรวจตัวอย่างมีค่าเป็น 0",สำนักงานสถิติแห่งชาติ
2566,ชลบุรี,ค่าใช้จ่ายทั้งสิ้นต่อเดือน,ผู้ถือครองทำการเกษตร/เพาะเลี้ยง,ประมงป่าไม้ล่าสัตว์หาของป่าบริการทางการเกษตร,.00,บาท,"ศูนย์ยกกำลังดับเบิลยู หมายถึง ข้อมูลจากการสำรวจตัวอย่างมีค่าเป็น 0",สำนักงานสถิติแห่งชาติ
2566,ชลบุรี,ค่าใช้จ่ายทั้งสิ้นต่อเดือน,ลูกจ้าง,คนงานเกษตรป่าไม้และประมง,.00,บาท,"ศูนย์ยกกำลังดับเบิลยู หมายถึง ข้อมูลจากการสำรวจตัวอย่างมีค่าเป็น 0",สำนักงานสถิติแห่งชาติ
2566,ชลบุรี,ค่าใช้จ่ายทั้งสิ้นต่อเดือน,ลูกจ้าง,คนงานด้านการขนส่งและงานพื้นฐาน,17227.00,บาท,,สำนักงานสถิติแห่งชาติ
2566,ชลบุรี,ค่าใช้จ่ายทั้งสิ้นต่อเดือน,ลูกจ้าง,เสมียนพนักงานขายและให้บริการ,27624.00,บาท,,สำนักงานสถิติแห่งชาติ
2566,ชลบุรี,ค่าใช้จ่ายทั้งสิ้นต่อเดือน,ลูกจ้าง,ผู้ปฏิบัติงานในกระบวนการผลิตก่อสร้างและเหมืองแร่,30375.00,บาท,,สำนักงานสถิติแห่งชาติ
2566,ชลบุรี,ค่าใช้จ่ายทั้งสิ้นต่อเดือน,ผู้ไม่ได้ปฏิบัติงานเชิงเศรษฐกิจ,ผู้ไม่ได้ปฏิบัติงานเชิงเศรษฐกิจ,26796.00,บาท,,สำนักงานสถิติแห่งชาติ
2566,ชลบุรี,หนี้สินเฉลี่ยต่อครัวเรือนทั้งสิ้น,รวมทั้งสิ้น,รวมทั้งสิ้น,282402.00,บาท,,สำนักงานสถิติแห่งชาติ
2566,ชลบุรี,หนี้สินเฉลี่ยต่อครัวเรือนทั้งสิ้น,ผู้ถือครองทำการเกษตร/เพาะเลี้ยง,ปลูกพืช/เลี้ยงสัตว์/เพาะเลี้ยง_ส่วนใหญ่เป็นเจ้าของที่ดิน,308141.00,บาท,,สำนักงานสถิติแห่งชาติ
2566,ชลบุรี,หนี้สินเฉลี่ยต่อครัวเรือนทั้งสิ้น,ผู้ถือครองทำการเกษตร/เพาะเลี้ยง,ปลูกพืช/เลี้ยงสัตว์/เพาะเลี้ยง_ส่วนใหญ่เช่าที่ดิน/ทำฟรี,.00,บาท,"ศูนย์ยกกำลังดับเบิลยู หมายถึง ข้อมูลจากการสำรวจตัวอย่างมีค่าเป็น 0",สำนักงานสถิติแห่งชาติ
2566,ชลบุรี,หนี้สินเฉลี่ยต่อครัวเรือนทั้งสิ้น,ผู้ถือครองทำการเกษตร/เพาะเลี้ยง,ประมงป่าไม้ล่าสัตว์หาของป่าบริการทางการเกษตร,.00,บาท,"ศูนย์ยกกำลังดับเบิลยู หมายถึง ข้อมูลจากการสำรวจตัวอย่างมีค่าเป็น 0",สำนักงานสถิติแห่งชาติ
2566,ชลบุรี,หนี้สินเฉลี่ยต่อครัวเรือนทั้งสิ้น,ผู้ประกอบธุรกิจของตนเองที่ไม่ใช่การเกษตร,ผู้ประกอบธุรกิจของตนเองที่ไม่ใช่การเกษตร,351916.00,บาท,,สำนักงานสถิติแห่งชาติ
2566,ชลบุรี,หนี้สินเฉลี่ยต่อครัวเรือนทั้งสิ้น,ลูกจ้าง,ผู้จัดการนักวิชาการและผู้ปฏิบัติงานวิชาชีพ,462212.00,บาท,,สำนักงานสถิติแห่งชาติ
2566,ชลบุรี,หนี้สินเฉลี่ยต่อครัวเรือนทั้งสิ้น,ลูกจ้าง,คนงานเกษตรป่าไม้และประมง,.00,บาท,"ศูนย์ยกกำลังดับเบิลยู หมายถึง ข้อมูลจากการสำรวจตัวอย่างมีค่าเป็น 0",สำนักงานสถิติแห่งชาติ
2566,ชลบุรี,หนี้สินเฉลี่ยต่อครัวเรือนทั้งสิ้น,ลูกจ้าง,คนงานด้านการขนส่งและงานพื้นฐาน,11835.00,บาท,,สำนักงานสถิติแห่งชาติ
2566,ชลบุรี,หนี้สินเฉลี่ยต่อครัวเรือนทั้งสิ้น,ลูกจ้าง,เสมียนพนักงานขายและให้บริการ,320059.00,บาท,,สำนักงานสถิติแห่งชาติ
2566,ชลบุรี,หนี้สินเฉลี่ยต่อครัวเรือนทั้งสิ้น,ลูกจ้าง,ผู้ปฏิบัติงานในกระบวนการผลิตก่อสร้างและเหมืองแร่,257304.00,บาท,,สำนักงานสถิติแห่งชาติ
2566,ชลบุรี,หนี้สินเฉลี่ยต่อครัวเรือนทั้งสิ้น,ผู้ไม่ได้ปฏิบัติงานเชิงเศรษฐกิจ,ผู้ไม่ได้ปฏิบัติงานเชิงเศรษฐกิจ,42104.00,บาท,,สำนักงานสถิติแห่งชาติ
2566,ชลบุรี,ร้อยละของค่าใช้จ่ายต่อรายได้,รวมทั้งสิ้น,รวมทั้งสิ้น,88.06,ร้อยละ,,สำนักงานสถิติแห่งชาติ
2566,ชลบุรี,ร้อยละของค่าใช้จ่ายต่อรายได้,ผู้ถือครองทำการเกษตร/เพาะเลี้ยง,ปลูกพืช/เลี้ยงสัตว์/เพาะเลี้ยง_ส่วนใหญ่เป็นเจ้าของที่ดิน,125.91,ร้อยละ,,สำนักงานสถิติแห่งชาติ
2566,ชลบุรี,ร้อยละของค่าใช้จ่ายต่อรายได้,ผู้ถือครองทำการเกษตร/เพาะเลี้ยง,ปลูกพืช/เลี้ยงสัตว์/เพาะเลี้ยง_ส่วนใหญ่เช่าที่ดิน/ทำฟรี,.00,ร้อยละ,"ศูนย์จุดศูนย์ศูนย์ยกกำลังดับเบิลยู หมายถึง ข้อมูลจากการสำรวจตัวอย่างมีค่าเป็น 0",สำนักงานสถิติแห่งชาติ
2566,ระยอง,ค่าใช้จ่ายทั้งสิ้นต่อเดือน,ลูกจ้าง,เสมียนพนักงานขายและให้บริการ,21916.00,บาท,,สำนักงานสถิติแห่งชาติ
2566,ระยอง,ค่าใช้จ่ายทั้งสิ้นต่อเดือน,ลูกจ้าง,ผู้ปฏิบัติงานในกระบวนการผลิตก่อสร้างและเหมืองแร่,30929.00,บาท,,สำนักงานสถิติแห่งชาติ
2566,ระยอง,ค่าใช้จ่ายทั้งสิ้นต่อเดือน,ผู้ไม่ได้ปฏิบัติงานเชิงเศรษฐกิจ,ผู้ไม่ได้ปฏิบัติงานเชิงเศรษฐกิจ,18355.00,บาท,,สำนักงานสถิติแห่งชาติ
2566,ระยอง,หนี้สินเฉลี่ยต่อครัวเรือนทั้งสิ้น,รวมทั้งสิ้น,รวมทั้งสิ้น,183633.00,บาท,,สำนักงานสถิติแห่งชาติ
2566,ชลบุรี,ร้อยละของค่าใช้จ่ายต่อรายได้,ผู้ถือครองทำการเกษตร/เพาะเลี้ยง,ประมงป่าไม้ล่าสัตว์หาของป่าบริการทางการเกษตร,.00,ร้อยละ,"ศูนย์จุดศูนย์ศูนย์ยกกำลังดับเบิลยู หมายถึง ข้อมูลจากการสำรวจตัวอย่างมีค่าเป็น 0",สำนักงานสถิติแห่งชาติ
2566,ชลบุรี,ร้อยละของค่าใช้จ่ายต่อรายได้,ผู้ประกอบธุรกิจของตนเองที่ไม่ใช่การเกษตร,ผู้ประกอบธุรกิจของตนเองที่ไม่ใช่การเกษตร,85.61,ร้อยละ,,สำนักงานสถิติแห่งชาติ
2566,ชลบุรี,ร้อยละของค่าใช้จ่ายต่อรายได้,ลูกจ้าง,ผู้จัดการนักวิชาการและผู้ปฏิบัติงานวิชาชีพ,83.77,ร้อยละ,,สำนักงานสถิติแห่งชาติ
2566,ชลบุรี,ร้อยละของค่าใช้จ่ายต่อรายได้,ลูกจ้าง,คนงานเกษตรป่าไม้และประมง,.00,ร้อยละ,"ศูนย์จุดศูนย์ศูนย์ยกกำลังดับเบิลยู หมายถึง ข้อมูลจากการสำรวจตัวอย่างมีค่าเป็น 0",สำนักงานสถิติแห่งชาติ
2566,ชลบุรี,ร้อยละของค่าใช้จ่ายต่อรายได้,ลูกจ้าง,คนงานด้านการขนส่งและงานพื้นฐาน,83.30,ร้อยละ,,สำนักงานสถิติแห่งชาติ
2566,ชลบุรี,ร้อยละของค่าใช้จ่ายต่อรายได้,ลูกจ้าง,เสมียนพนักงานขายและให้บริการ,92.90,ร้อยละ,,สำนักงานสถิติแห่งชาติ
2566,ชลบุรี,ร้อยละของค่าใช้จ่ายต่อรายได้,ลูกจ้าง,ผู้ปฏิบัติงานในกระบวนการผลิตก่อสร้างและเหมืองแร่,86.55,ร้อยละ,,สำนักงานสถิติแห่งชาติ
2566,ชลบุรี,ร้อยละของค่าใช้จ่ายต่อรายได้,ผู้ไม่ได้ปฏิบัติงานเชิงเศรษฐกิจ,ผู้ไม่ได้ปฏิบัติงานเชิงเศรษฐกิจ,95.79,ร้อยละ,,สำนักงานสถิติแห่งชาติ
2566,ระยอง,รายได้ทั้งสิ้นต่อเดือน,รวมทั้งสิ้น,รวมทั้งสิ้น,33226.00,บาท,,สำนักงานสถิติแห่งชาติ
2566,ระยอง,รายได้ทั้งสิ้นต่อเดือน,ผู้ถือครองทำการเกษตร/เพาะเลี้ยง,ปลูกพืช/เลี้ยงสัตว์/เพาะเลี้ยง_ส่วนใหญ่เป็นเจ้าของที่ดิน,51830.00,บาท,,สำนักงานสถิติแห่งชาติ
2566,ระยอง,รายได้ทั้งสิ้นต่อเดือน,ผู้ถือครองทำการเกษตร/เพาะเลี้ยง,ปลูกพืช/เลี้ยงสัตว์/เพาะเลี้ยง_ส่วนใหญ่เช่าที่ดิน/ทำฟรี,.00,บาท,"ศูนย์ยกกำลังดับเบิลยู หมายถึง ข้อมูลจากการสำรวจตัวอย่างมีค่าเป็น 0",สำนักงานสถิติแห่งชาติ
2566,ระยอง,รายได้ทั้งสิ้นต่อเดือน,ผู้ถือครองทำการเกษตร/เพาะเลี้ยง,ประมงป่าไม้ล่าสัตว์หาของป่าบริการทางการเกษตร,66594.00,บาท,,สำนักงานสถิติแห่งชาติ
2566,ระยอง,รายได้ทั้งสิ้นต่อเดือน,ผู้ประกอบธุรกิจของตนเองที่ไม่ใช่การเกษตร,ผู้ประกอบธุรกิจของตนเองที่ไม่ใช่การเกษตร,27677.00,บาท,,สำนักงานสถิติแห่งชาติ
2566,ระยอง,รายได้ทั้งสิ้นต่อเดือน,ลูกจ้าง,ผู้จัดการนักวิชาการและผู้ปฏิบัติงานวิชาชีพ,46403.00,บาท,,สำนักงานสถิติแห่งชาติ
2566,ระยอง,รายได้ทั้งสิ้นต่อเดือน,ลูกจ้าง,คนงานเกษตรป่าไม้และประมง,13699.00,บาท,,สำนักงานสถิติแห่งชาติ
2566,ระยอง,รายได้ทั้งสิ้นต่อเดือน,ลูกจ้าง,คนงานด้านการขนส่งและงานพื้นฐาน,18929.00,บาท,,สำนักงานสถิติแห่งชาติ
2566,ระยอง,รายได้ทั้งสิ้นต่อเดือน,ลูกจ้าง,เสมียนพนักงานขายและให้บริการ,25258.00,บาท,,สำนักงานสถิติแห่งชาติ
2566,ระยอง,รายได้ทั้งสิ้นต่อเดือน,ลูกจ้าง,ผู้ปฏิบัติงานในกระบวนการผลิตก่อสร้างและเหมืองแร่,36970.00,บาท,,สำนักงานสถิติแห่งชาติ
2566,ระยอง,รายได้ทั้งสิ้นต่อเดือน,ผู้ไม่ได้ปฏิบัติงานเชิงเศรษฐกิจ,ผู้ไม่ได้ปฏิบัติงานเชิงเศรษฐกิจ,19491.00,บาท,,สำนักงานสถิติแห่งชาติ
2566,ระยอง,ค่าใช้จ่ายทั้งสิ้นต่อเดือน,รวมทั้งสิ้น,รวมทั้งสิ้น,27928.00,บาท,,สำนักงานสถิติแห่งชาติ
2566,ระยอง,ค่าใช้จ่ายทั้งสิ้นต่อเดือน,ผู้ถือครองทำการเกษตร/เพาะเลี้ยง,ปลูกพืช/เลี้ยงสัตว์/เพาะเลี้ยง_ส่วนใหญ่เป็นเจ้าของที่ดิน,29289.00,บาท,,สำนักงานสถิติแห่งชาติ
2566,ระยอง,ค่าใช้จ่ายทั้งสิ้นต่อเดือน,ผู้ถือครองทำการเกษตร/เพาะเลี้ยง,ปลูกพืช/เลี้ยงสัตว์/เพาะเลี้ยง_ส่วนใหญ่เช่าที่ดิน/ทำฟรี,.00,บาท,"ศูนย์ยกกำลังดับเบิลยู หมายถึง ข้อมูลจากการสำรวจตัวอย่างมีค่าเป็น 0",สำนักงานสถิติแห่งชาติ
2566,ระยอง,ค่าใช้จ่ายทั้งสิ้นต่อเดือน,ผู้ถือครองทำการเกษตร/เพาะเลี้ยง,ประมงป่าไม้ล่าสัตว์หาของป่าบริการทางการเกษตร,37641.00,บาท,,สำนักงานสถิติแห่งชาติ
2566,ระยอง,ค่าใช้จ่ายทั้งสิ้นต่อเดือน,ผู้ประกอบธุรกิจของตนเองที่ไม่ใช่การเกษตร,ผู้ประกอบธุรกิจของตนเองที่ไม่ใช่การเกษตร,26045.00,บาท,,สำนักงานสถิติแห่งชาติ
2566,ระยอง,ค่าใช้จ่ายทั้งสิ้นต่อเดือน,ลูกจ้าง,ผู้จัดการนักวิชาการและผู้ปฏิบัติงานวิชาชีพ,38142.00,บาท,,สำนักงานสถิติแห่งชาติ
2566,ระยอง,ค่าใช้จ่ายทั้งสิ้นต่อเดือน,ลูกจ้าง,คนงานเกษตรป่าไม้และประมง,14259.00,บาท,,สำนักงานสถิติแห่งชาติ
2566,ระยอง,ค่าใช้จ่ายทั้งสิ้นต่อเดือน,ลูกจ้าง,คนงานด้านการขนส่งและงานพื้นฐาน,17047.00,บาท,,สำนักงานสถิติแห่งชาติ
2566,ระยอง,หนี้สินเฉลี่ยต่อครัวเรือนทั้งสิ้น,ผู้ถือครองทำการเกษตร/เพาะเลี้ยง,ปลูกพืช/เลี้ยงสัตว์/เพาะเลี้ยง_ส่วนใหญ่เป็นเจ้าของที่ดิน,271839.00,บาท,,สำนักงานสถิติแห่งชาติ
2566,ระยอง,หนี้สินเฉลี่ยต่อครัวเรือนทั้งสิ้น,ผู้ถือครองทำการเกษตร/เพาะเลี้ยง,ปลูกพืช/เลี้ยงสัตว์/เพาะเลี้ยง_ส่วนใหญ่เช่าที่ดิน/ทำฟรี,.00,บาท,"ศูนย์ยกกำลังดับเบิลยู หมายถึง ข้อมูลจากการสำรวจตัวอย่างมีค่าเป็น 0",สำนักงานสถิติแห่งชาติ
2566,ระยอง,หนี้สินเฉลี่ยต่อครัวเรือนทั้งสิ้น,ผู้ถือครองทำการเกษตร/เพาะเลี้ยง,ประมงป่าไม้ล่าสัตว์หาของป่าบริการทางการเกษตร,114000.00,บาท,,สำนักงานสถิติแห่งชาติ
2566,ระยอง,หนี้สินเฉลี่ยต่อครัวเรือนทั้งสิ้น,ผู้ประกอบธุรกิจของตนเองที่ไม่ใช่การเกษตร,ผู้ประกอบธุรกิจของตนเองที่ไม่ใช่การเกษตร,177142.00,บาท,,สำนักงานสถิติแห่งชาติ
2566,ระยอง,หนี้สินเฉลี่ยต่อครัวเรือนทั้งสิ้น,ลูกจ้าง,ผู้จัดการนักวิชาการและผู้ปฏิบัติงานวิชาชีพ,367061.00,บาท,,สำนักงานสถิติแห่งชาติ
2566,ระยอง,หนี้สินเฉลี่ยต่อครัวเรือนทั้งสิ้น,ลูกจ้าง,คนงานเกษตรป่าไม้และประมง,19555.00,บาท,,สำนักงานสถิติแห่งชาติ
2566,ระยอง,หนี้สินเฉลี่ยต่อครัวเรือนทั้งสิ้น,ลูกจ้าง,คนงานด้านการขนส่งและงานพื้นฐาน,64581.00,บาท,,สำนักงานสถิติแห่งชาติ
2566,ระยอง,หนี้สินเฉลี่ยต่อครัวเรือนทั้งสิ้น,ลูกจ้าง,เสมียนพนักงานขายและให้บริการ,81274.00,บาท,,สำนักงานสถิติแห่งชาติ
2566,ระยอง,หนี้สินเฉลี่ยต่อครัวเรือนทั้งสิ้น,ลูกจ้าง,ผู้ปฏิบัติงานในกระบวนการผลิตก่อสร้างและเหมืองแร่,205737.00,บาท,,สำนักงานสถิติแห่งชาติ
2566,ระยอง,หนี้สินเฉลี่ยต่อครัวเรือนทั้งสิ้น,ผู้ไม่ได้ปฏิบัติงานเชิงเศรษฐกิจ,ผู้ไม่ได้ปฏิบัติงานเชิงเศรษฐกิจ,53801.00,บาท,,สำนักงานสถิติแห่งชาติ
2566,ระยอง,ร้อยละของค่าใช้จ่ายต่อรายได้,รวมทั้งสิ้น,รวมทั้งสิ้น,84.06,ร้อยละ,,สำนักงานสถิติแห่งชาติ
2566,ระยอง,ร้อยละของค่าใช้จ่ายต่อรายได้,ผู้ถือครองทำการเกษตร/เพาะเลี้ยง,ปลูกพืช/เลี้ยงสัตว์/เพาะเลี้ยง_ส่วนใหญ่เป็นเจ้าของที่ดิน,56.51,ร้อยละ,,สำนักงานสถิติแห่งชาติ
2566,ระยอง,ร้อยละของค่าใช้จ่ายต่อรายได้,ผู้ถือครองทำการเกษตร/เพาะเลี้ยง,ปลูกพืช/เลี้ยงสัตว์/เพาะเลี้ยง_ส่วนใหญ่เช่าที่ดิน/ทำฟรี,.00,ร้อยละ,"ศูนย์จุดศูนย์ศูนย์ยกกำลังดับเบิลยู หมายถึง ข้อมูลจากการสำรวจตัวอย่างมีค่าเป็น 0",สำนักงานสถิติแห่งชาติ
2566,ระยอง,ร้อยละของค่าใช้จ่ายต่อรายได้,ผู้ถือครองทำการเกษตร/เพาะเลี้ยง,ประมงป่าไม้ล่าสัตว์หาของป่าบริการทางการเกษตร,56.52,ร้อยละ,,สำนักงานสถิติแห่งชาติ
2566,ระยอง,ร้อยละของค่าใช้จ่ายต่อรายได้,ผู้ประกอบธุรกิจของตนเองที่ไม่ใช่การเกษตร,ผู้ประกอบธุรกิจของตนเองที่ไม่ใช่การเกษตร,94.10,ร้อยละ,,สำนักงานสถิติแห่งชาติ
2566,ระยอง,ร้อยละของค่าใช้จ่ายต่อรายได้,ลูกจ้าง,ผู้จัดการนักวิชาการและผู้ปฏิบัติงานวิชาชีพ,82.20,ร้อยละ,,สำนักงานสถิติแห่งชาติ
2566,ระยอง,ร้อยละของค่าใช้จ่ายต่อรายได้,ลูกจ้าง,คนงานเกษตรป่าไม้และประมง,104.09,ร้อยละ,,สำนักงานสถิติแห่งชาติ
2566,ระยอง,ร้อยละของค่าใช้จ่ายต่อรายได้,ลูกจ้าง,คนงานด้านการขนส่งและงานพื้นฐาน,90.06,ร้อยละ,,สำนักงานสถิติแห่งชาติ
2566,ระยอง,ร้อยละของค่าใช้จ่ายต่อรายได้,ลูกจ้าง,เสมียนพนักงานขายและให้บริการ,86.77,ร้อยละ,,สำนักงานสถิติแห่งชาติ
2566,ระยอง,ร้อยละของค่าใช้จ่ายต่อรายได้,ลูกจ้าง,ผู้ปฏิบัติงานในกระบวนการผลิตก่อสร้างและเหมืองแร่,83.66,ร้อยละ,,สำนักงานสถิติแห่งชาติ
2566,ระยอง,ร้อยละของค่าใช้จ่ายต่อรายได้,ผู้ไม่ได้ปฏิบัติงานเชิงเศรษฐกิจ,ผู้ไม่ได้ปฏิบัติงานเชิงเศรษฐกิจ,94.17,ร้อยละ,,สำนักงานสถิติแห่งชาติ
2566,จันทบุรี,รายได้ทั้งสิ้นต่อเดือน,รวมทั้งสิ้น,รวมทั้งสิ้น,43857.00,บาท,,สำนักงานสถิติแห่งชาติ
2566,จันทบุรี,รายได้ทั้งสิ้นต่อเดือน,ผู้ถือครองทำการเกษตร/เพาะเลี้ยง,ปลูกพืช/เลี้ยงสัตว์/เพาะเลี้ยง_ส่วนใหญ่เป็นเจ้าของที่ดิน,66002.00,บาท,,สำนักงานสถิติแห่งชาติ
2566,จันทบุรี,รายได้ทั้งสิ้นต่อเดือน,ผู้ถือครองทำการเกษตร/เพาะเลี้ยง,ปลูกพืช/เลี้ยงสัตว์/เพาะเลี้ยง_ส่วนใหญ่เช่าที่ดิน/ทำฟรี,181322.00,บาท,,สำนักงานสถิติแห่งชาติ
2566,จันทบุรี,รายได้ทั้งสิ้นต่อเดือน,ผู้ถือครองทำการเกษตร/เพาะเลี้ยง,ประมงป่าไม้ล่าสัตว์หาของป่าบริการทางการเกษตร,47051.00,บาท,,สำนักงานสถิติแห่งชาติ
2566,จันทบุรี,รายได้ทั้งสิ้นต่อเดือน,ผู้ประกอบธุรกิจของตนเองที่ไม่ใช่การเกษตร,ผู้ประกอบธุรกิจของตนเองที่ไม่ใช่การเกษตร,55751.00,บาท,,สำนักงานสถิติแห่งชาติ
2566,จันทบุรี,รายได้ทั้งสิ้นต่อเดือน,ลูกจ้าง,ผู้จัดการนักวิชาการและผู้ปฏิบัติงานวิชาชีพ,46017.00,บาท,,สำนักงานสถิติแห่งชาติ
2566,จันทบุรี,รายได้ทั้งสิ้นต่อเดือน,ลูกจ้าง,คนงานเกษตรป่าไม้และประมง,18092.00,บาท,,สำนักงานสถิติแห่งชาติ
2566,จันทบุรี,รายได้ทั้งสิ้นต่อเดือน,ลูกจ้าง,คนงานด้านการขนส่งและงานพื้นฐาน,20944.00,บาท,,สำนักงานสถิติแห่งชาติ
2566,จันทบุรี,รายได้ทั้งสิ้นต่อเดือน,ลูกจ้าง,เสมียนพนักงานขายและให้บริการ,27333.00,บาท,,สำนักงานสถิติแห่งชาติ
2566,จันทบุรี,รายได้ทั้งสิ้นต่อเดือน,ลูกจ้าง,ผู้ปฏิบัติงานในกระบวนการผลิตก่อสร้างและเหมืองแร่,25126.00,บาท,,สำนักงานสถิติแห่งชาติ
2566,จันทบุรี,รายได้ทั้งสิ้นต่อเดือน,ผู้ไม่ได้ปฏิบัติงานเชิงเศรษฐกิจ,ผู้ไม่ได้ปฏิบัติงานเชิงเศรษฐกิจ,21292.00,บาท,,สำนักงานสถิติแห่งชาติ
2566,จันทบุรี,ค่าใช้จ่ายทั้งสิ้นต่อเดือน,รวมทั้งสิ้น,รวมทั้งสิ้น,27322.00,บาท,,สำนักงานสถิติแห่งชาติ
2566,จันทบุรี,ค่าใช้จ่ายทั้งสิ้นต่อเดือน,ผู้ถือครองทำการเกษตร/เพาะเลี้ยง,ปลูกพืช/เลี้ยงสัตว์/เพาะเลี้ยง_ส่วนใหญ่เป็นเจ้าของที่ดิน,30154.00,บาท,,สำนักงานสถิติแห่งชาติ
2566,จันทบุรี,ค่าใช้จ่ายทั้งสิ้นต่อเดือน,ผู้ถือครองทำการเกษตร/เพาะเลี้ยง,ปลูกพืช/เลี้ยงสัตว์/เพาะเลี้ยง_ส่วนใหญ่เช่าที่ดิน/ทำฟรี,22161.00,บาท,,สำนักงานสถิติแห่งชาติ
2566,จันทบุรี,ค่าใช้จ่ายทั้งสิ้นต่อเดือน,ผู้ถือครองทำการเกษตร/เพาะเลี้ยง,ประมงป่าไม้ล่าสัตว์หาของป่าบริการทางการเกษตร,59463.00,บาท,,สำนักงานสถิติแห่งชาติ
2566,จันทบุรี,ค่าใช้จ่ายทั้งสิ้นต่อเดือน,ผู้ประกอบธุรกิจของตนเองที่ไม่ใช่การเกษตร,ผู้ประกอบธุรกิจของตนเองที่ไม่ใช่การเกษตร,32717.00,บาท,,สำนักงานสถิติแห่งชาติ
2566,จันทบุรี,ค่าใช้จ่ายทั้งสิ้นต่อเดือน,ลูกจ้าง,ผู้จัดการนักวิชาการและผู้ปฏิบัติงานวิชาชีพ,35478.00,บาท,,สำนักงานสถิติแห่งชาติ
2566,จันทบุรี,ค่าใช้จ่ายทั้งสิ้นต่อเดือน,ลูกจ้าง,คนงานเกษตรป่าไม้และประมง,17409.00,บาท,,สำนักงานสถิติแห่งชาติ
2566,จันทบุรี,ค่าใช้จ่ายทั้งสิ้นต่อเดือน,ลูกจ้าง,คนงานด้านการขนส่งและงานพื้นฐาน,18993.00,บาท,,สำนักงานสถิติแห่งชาติ
2566,จันทบุรี,ค่าใช้จ่ายทั้งสิ้นต่อเดือน,ลูกจ้าง,เสมียนพนักงานขายและให้บริการ,25259.00,บาท,,สำนักงานสถิติแห่งชาติ
2566,จันทบุรี,ค่าใช้จ่ายทั้งสิ้นต่อเดือน,ลูกจ้าง,ผู้ปฏิบัติงานในกระบวนการผลิตก่อสร้างและเหมืองแร่,21522.00,บาท,,สำนักงานสถิติแห่งชาติ
2566,จันทบุรี,ค่าใช้จ่ายทั้งสิ้นต่อเดือน,ผู้ไม่ได้ปฏิบัติงานเชิงเศรษฐกิจ,ผู้ไม่ได้ปฏิบัติงานเชิงเศรษฐกิจ,20527.00,บาท,,สำนักงานสถิติแห่งชาติ
2566,จันทบุรี,หนี้สินเฉลี่ยต่อครัวเรือนทั้งสิ้น,รวมทั้งสิ้น,รวมทั้งสิ้น,248280.00,บาท,,สำนักงานสถิติแห่งชาติ
2566,จันทบุรี,หนี้สินเฉลี่ยต่อครัวเรือนทั้งสิ้น,ผู้ถือครองทำการเกษตร/เพาะเลี้ยง,ปลูกพืช/เลี้ยงสัตว์/เพาะเลี้ยง_ส่วนใหญ่เป็นเจ้าของที่ดิน,277966.00,บาท,,สำนักงานสถิติแห่งชาติ
2566,จันทบุรี,หนี้สินเฉลี่ยต่อครัวเรือนทั้งสิ้น,ผู้ถือครองทำการเกษตร/เพาะเลี้ยง,ปลูกพืช/เลี้ยงสัตว์/เพาะเลี้ยง_ส่วนใหญ่เช่าที่ดิน/ทำฟรี,109011.00,บาท,,สำนักงานสถิติแห่งชาติ
2566,จันทบุรี,หนี้สินเฉลี่ยต่อครัวเรือนทั้งสิ้น,ผู้ถือครองทำการเกษตร/เพาะเลี้ยง,ประมงป่าไม้ล่าสัตว์หาของป่าบริการทางการเกษตร,152880.00,บาท,,สำนักงานสถิติแห่งชาติ
2566,จันทบุรี,หนี้สินเฉลี่ยต่อครัวเรือนทั้งสิ้น,ผู้ประกอบธุรกิจของตนเองที่ไม่ใช่การเกษตร,ผู้ประกอบธุรกิจของตนเองที่ไม่ใช่การเกษตร,377953.00,บาท,,สำนักงานสถิติแห่งชาติ
2566,จันทบุรี,หนี้สินเฉลี่ยต่อครัวเรือนทั้งสิ้น,ลูกจ้าง,ผู้จัดการนักวิชาการและผู้ปฏิบัติงานวิชาชีพ,556961.00,บาท,,สำนักงานสถิติแห่งชาติ
2566,จันทบุรี,หนี้สินเฉลี่ยต่อครัวเรือนทั้งสิ้น,ลูกจ้าง,คนงานเกษตรป่าไม้และประมง,70673.00,บาท,,สำนักงานสถิติแห่งชาติ
2566,จันทบุรี,หนี้สินเฉลี่ยต่อครัวเรือนทั้งสิ้น,ลูกจ้าง,คนงานด้านการขนส่งและงานพื้นฐาน,21764.00,บาท,,สำนักงานสถิติแห่งชาติ
2566,จันทบุรี,หนี้สินเฉลี่ยต่อครัวเรือนทั้งสิ้น,ลูกจ้าง,เสมียนพนักงานขายและให้บริการ,138728.00,บาท,,สำนักงานสถิติแห่งชาติ
2566,จันทบุรี,หนี้สินเฉลี่ยต่อครัวเรือนทั้งสิ้น,ลูกจ้าง,ผู้ปฏิบัติงานในกระบวนการผลิตก่อสร้างและเหมืองแร่,86064.00,บาท,,สำนักงานสถิติแห่งชาติ
2566,จันทบุรี,หนี้สินเฉลี่ยต่อครัวเรือนทั้งสิ้น,ผู้ไม่ได้ปฏิบัติงานเชิงเศรษฐกิจ,ผู้ไม่ได้ปฏิบัติงานเชิงเศรษฐกิจ,68305.00,บาท,,สำนักงานสถิติแห่งชาติ
2566,จันทบุรี,ร้อยละของค่าใช้จ่ายต่อรายได้,รวมทั้งสิ้น,รวมทั้งสิ้น,62.30,ร้อยละ,,สำนักงานสถิติแห่งชาติ
2566,จันทบุรี,ร้อยละของค่าใช้จ่ายต่อรายได้,ผู้ถือครองทำการเกษตร/เพาะเลี้ยง,ปลูกพืช/เลี้ยงสัตว์/เพาะเลี้ยง_ส่วนใหญ่เป็นเจ้าของที่ดิน,45.69,ร้อยละ,,สำนักงานสถิติแห่งชาติ
2566,จันทบุรี,ร้อยละของค่าใช้จ่ายต่อรายได้,ผู้ถือครองทำการเกษตร/เพาะเลี้ยง,ปลูกพืช/เลี้ยงสัตว์/เพาะเลี้ยง_ส่วนใหญ่เช่าที่ดิน/ทำฟรี,12.22,ร้อยละ,,สำนักงานสถิติแห่งชาติ
2566,จันทบุรี,ร้อยละของค่าใช้จ่ายต่อรายได้,ผู้ถือครองทำการเกษตร/เพาะเลี้ยง,ประมงป่าไม้ล่าสัตว์หาของป่าบริการทางการเกษตร,126.38,ร้อยละ,,สำนักงานสถิติแห่งชาติ
2566,จันทบุรี,ร้อยละของค่าใช้จ่ายต่อรายได้,ผู้ประกอบธุรกิจของตนเองที่ไม่ใช่การเกษตร,ผู้ประกอบธุรกิจของตนเองที่ไม่ใช่การเกษตร,58.68,ร้อยละ,,สำนักงานสถิติแห่งชาติ
2566,จันทบุรี,ร้อยละของค่าใช้จ่ายต่อรายได้,ลูกจ้าง,ผู้จัดการนักวิชาการและผู้ปฏิบัติงานวิชาชีพ,77.10,ร้อยละ,,สำนักงานสถิติแห่งชาติ
2566,จันทบุรี,ร้อยละของค่าใช้จ่ายต่อรายได้,ลูกจ้าง,คนงานเกษตรป่าไม้และประมง,96.23,ร้อยละ,,สำนักงานสถิติแห่งชาติ
2566,จันทบุรี,ร้อยละของค่าใช้จ่ายต่อรายได้,ลูกจ้าง,คนงานด้านการขนส่งและงานพื้นฐาน,90.68,ร้อยละ,,สำนักงานสถิติแห่งชาติ
2566,จันทบุรี,ร้อยละของค่าใช้จ่ายต่อรายได้,ลูกจ้าง,เสมียนพนักงานขายและให้บริการ,92.41,ร้อยละ,,สำนักงานสถิติแห่งชาติ
2566,จันทบุรี,ร้อยละของค่าใช้จ่ายต่อรายได้,ลูกจ้าง,ผู้ปฏิบัติงานในกระบวนการผลิตก่อสร้างและเหมืองแร่,85.66,ร้อยละ,,สำนักงานสถิติแห่งชาติ
2566,จันทบุรี,ร้อยละของค่าใช้จ่ายต่อรายได้,ผู้ไม่ได้ปฏิบัติงานเชิงเศรษฐกิจ,ผู้ไม่ได้ปฏิบัติงานเชิงเศรษฐกิจ,96.41,ร้อยละ,,สำนักงานสถิติแห่งชาติ
2566,ตราด,รายได้ทั้งสิ้นต่อเดือน,รวมทั้งสิ้น,รวมทั้งสิ้น,31521.00,บาท,,สำนักงานสถิติแห่งชาติ
2566,ตราด,รายได้ทั้งสิ้นต่อเดือน,ผู้ถือครองทำการเกษตร/เพาะเลี้ยง,ปลูกพืช/เลี้ยงสัตว์/เพาะเลี้ยง_ส่วนใหญ่เป็นเจ้าของที่ดิน,55043.00,บาท,,สำนักงานสถิติแห่งชาติ
2566,ตราด,รายได้ทั้งสิ้นต่อเดือน,ผู้ถือครองทำการเกษตร/เพาะเลี้ยง,ปลูกพืช/เลี้ยงสัตว์/เพาะเลี้ยง_ส่วนใหญ่เช่าที่ดิน/ทำฟรี,19981.00,บาท,,สำนักงานสถิติแห่งชาติ
2566,ตราด,รายได้ทั้งสิ้นต่อเดือน,ผู้ถือครองทำการเกษตร/เพาะเลี้ยง,ประมงป่าไม้ล่าสัตว์หาของป่าบริการทางการเกษตร,25646.00,บาท,,สำนักงานสถิติแห่งชาติ
2566,ตราด,รายได้ทั้งสิ้นต่อเดือน,ผู้ประกอบธุรกิจของตนเองที่ไม่ใช่การเกษตร,ผู้ประกอบธุรกิจของตนเองที่ไม่ใช่การเกษตร,35888.00,บาท,,สำนักงานสถิติแห่งชาติ
2566,ตราด,รายได้ทั้งสิ้นต่อเดือน,ลูกจ้าง,ผู้จัดการนักวิชาการและผู้ปฏิบัติงานวิชาชีพ,43216.00,บาท,,สำนักงานสถิติแห่งชาติ
2566,ตราด,รายได้ทั้งสิ้นต่อเดือน,ลูกจ้าง,คนงานเกษตรป่าไม้และประมง,19363.00,บาท,,สำนักงานสถิติแห่งชาติ
2566,ตราด,รายได้ทั้งสิ้นต่อเดือน,ลูกจ้าง,คนงานด้านการขนส่งและงานพื้นฐาน,16068.00,บาท,,สำนักงานสถิติแห่งชาติ
2566,ตราด,รายได้ทั้งสิ้นต่อเดือน,ลูกจ้าง,เสมียนพนักงานขายและให้บริการ,26688.00,บาท,,สำนักงานสถิติแห่งชาติ
2566,ตราด,รายได้ทั้งสิ้นต่อเดือน,ลูกจ้าง,ผู้ปฏิบัติงานในกระบวนการผลิตก่อสร้างและเหมืองแร่,20426.00,บาท,,สำนักงานสถิติแห่งชาติ
2566,ตราด,รายได้ทั้งสิ้นต่อเดือน,ผู้ไม่ได้ปฏิบัติงานเชิงเศรษฐกิจ,ผู้ไม่ได้ปฏิบัติงานเชิงเศรษฐกิจ,30551.00,บาท,,สำนักงานสถิติแห่งชาติ
2566,ตราด,ค่าใช้จ่ายทั้งสิ้นต่อเดือน,รวมทั้งสิ้น,รวมทั้งสิ้น,23181.00,บาท,,สำนักงานสถิติแห่งชาติ
2566,ตราด,ค่าใช้จ่ายทั้งสิ้นต่อเดือน,ผู้ถือครองทำการเกษตร/เพาะเลี้ยง,ปลูกพืช/เลี้ยงสัตว์/เพาะเลี้ยง_ส่วนใหญ่เป็นเจ้าของที่ดิน,27592.00,บาท,,สำนักงานสถิติแห่งชาติ
2566,ตราด,ค่าใช้จ่ายทั้งสิ้นต่อเดือน,ผู้ถือครองทำการเกษตร/เพาะเลี้ยง,ปลูกพืช/เลี้ยงสัตว์/เพาะเลี้ยง_ส่วนใหญ่เช่าที่ดิน/ทำฟรี,16376.00,บาท,,สำนักงานสถิติแห่งชาติ
2566,ตราด,ค่าใช้จ่ายทั้งสิ้นต่อเดือน,ผู้ถือครองทำการเกษตร/เพาะเลี้ยง,ประมงป่าไม้ล่าสัตว์หาของป่าบริการทางการเกษตร,21586.00,บาท,,สำนักงานสถิติแห่งชาติ
2566,ตราด,ค่าใช้จ่ายทั้งสิ้นต่อเดือน,ผู้ประกอบธุรกิจของตนเองที่ไม่ใช่การเกษตร,ผู้ประกอบธุรกิจของตนเองที่ไม่ใช่การเกษตร,29665.00,บาท,,สำนักงานสถิติแห่งชาติ
2566,ตราด,ค่าใช้จ่ายทั้งสิ้นต่อเดือน,ลูกจ้าง,ผู้จัดการนักวิชาการและผู้ปฏิบัติงานวิชาชีพ,32206.00,บาท,,สำนักงานสถิติแห่งชาติ
2566,ตราด,ค่าใช้จ่ายทั้งสิ้นต่อเดือน,ลูกจ้าง,คนงานเกษตรป่าไม้และประมง,16433.00,บาท,,สำนักงานสถิติแห่งชาติ
2566,ตราด,ค่าใช้จ่ายทั้งสิ้นต่อเดือน,ลูกจ้าง,คนงานด้านการขนส่งและงานพื้นฐาน,13871.00,บาท,,สำนักงานสถิติแห่งชาติ
2566,ตราด,ค่าใช้จ่ายทั้งสิ้นต่อเดือน,ลูกจ้าง,เสมียนพนักงานขายและให้บริการ,22246.00,บาท,,สำนักงานสถิติแห่งชาติ
2566,ตราด,ค่าใช้จ่ายทั้งสิ้นต่อเดือน,ลูกจ้าง,ผู้ปฏิบัติงานในกระบวนการผลิตก่อสร้างและเหมืองแร่,17164.00,บาท,,สำนักงานสถิติแห่งชาติ
2566,ตราด,ค่าใช้จ่ายทั้งสิ้นต่อเดือน,ผู้ไม่ได้ปฏิบัติงานเชิงเศรษฐกิจ,ผู้ไม่ได้ปฏิบัติงานเชิงเศรษฐกิจ,20938.00,บาท,,สำนักงานสถิติแห่งชาติ
2566,ตราด,หนี้สินเฉลี่ยต่อครัวเรือนทั้งสิ้น,รวมทั้งสิ้น,รวมทั้งสิ้น,165966.00,บาท,,สำนักงานสถิติแห่งชาติ
2566,ตราด,หนี้สินเฉลี่ยต่อครัวเรือนทั้งสิ้น,ผู้ถือครองทำการเกษตร/เพาะเลี้ยง,ปลูกพืช/เลี้ยงสัตว์/เพาะเลี้ยง_ส่วนใหญ่เป็นเจ้าของที่ดิน,210505.00,บาท,,สำนักงานสถิติแห่งชาติ
2566,ตราด,หนี้สินเฉลี่ยต่อครัวเรือนทั้งสิ้น,ผู้ถือครองทำการเกษตร/เพาะเลี้ยง,ปลูกพืช/เลี้ยงสัตว์/เพาะเลี้ยง_ส่วนใหญ่เช่าที่ดิน/ทำฟรี,83877.00,บาท,,สำนักงานสถิติแห่งชาติ
2566,ตราด,หนี้สินเฉลี่ยต่อครัวเรือนทั้งสิ้น,ผู้ถือครองทำการเกษตร/เพาะเลี้ยง,ประมงป่าไม้ล่าสัตว์หาของป่าบริการทางการเกษตร,181029.00,บาท,,สำนักงานสถิติแห่งชาติ
2566,ตราด,หนี้สินเฉลี่ยต่อครัวเรือนทั้งสิ้น,ผู้ประกอบธุรกิจของตนเองที่ไม่ใช่การเกษตร,ผู้ประกอบธุรกิจของตนเองที่ไม่ใช่การเกษตร,230167.00,บาท,,สำนักงานสถิติแห่งชาติ
2566,ตราด,หนี้สินเฉลี่ยต่อครัวเรือนทั้งสิ้น,ลูกจ้าง,ผู้จัดการนักวิชาการและผู้ปฏิบัติงานวิชาชีพ,325868.00,บาท,,สำนักงานสถิติแห่งชาติ
2566,ตราด,หนี้สินเฉลี่ยต่อครัวเรือนทั้งสิ้น,ลูกจ้าง,คนงานเกษตรป่าไม้และประมง,65468.00,บาท,,สำนักงานสถิติแห่งชาติ
2566,ตราด,หนี้สินเฉลี่ยต่อครัวเรือนทั้งสิ้น,ลูกจ้าง,คนงานด้านการขนส่งและงานพื้นฐาน,37574.00,บาท,,สำนักงานสถิติแห่งชาติ
2566,ตราด,หนี้สินเฉลี่ยต่อครัวเรือนทั้งสิ้น,ลูกจ้าง,เสมียนพนักงานขายและให้บริการ,131523.00,บาท,,สำนักงานสถิติแห่งชาติ
2566,ตราด,หนี้สินเฉลี่ยต่อครัวเรือนทั้งสิ้น,ลูกจ้าง,ผู้ปฏิบัติงานในกระบวนการผลิตก่อสร้างและเหมืองแร่,81208.00,บาท,,สำนักงานสถิติแห่งชาติ
2566,ตราด,หนี้สินเฉลี่ยต่อครัวเรือนทั้งสิ้น,ผู้ไม่ได้ปฏิบัติงานเชิงเศรษฐกิจ,ผู้ไม่ได้ปฏิบัติงานเชิงเศรษฐกิจ,172940.00,บาท,,สำนักงานสถิติแห่งชาติ
2566,ตราด,ร้อยละของค่าใช้จ่ายต่อรายได้,รวมทั้งสิ้น,รวมทั้งสิ้น,73.54,ร้อยละ,,สำนักงานสถิติแห่งชาติ
2566,ตราด,ร้อยละของค่าใช้จ่ายต่อรายได้,ผู้ถือครองทำการเกษตร/เพาะเลี้ยง,ปลูกพืช/เลี้ยงสัตว์/เพาะเลี้ยง_ส่วนใหญ่เป็นเจ้าของที่ดิน,50.13,ร้อยละ,,สำนักงานสถิติแห่งชาติ
2566,ตราด,ร้อยละของค่าใช้จ่ายต่อรายได้,ผู้ถือครองทำการเกษตร/เพาะเลี้ยง,ปลูกพืช/เลี้ยงสัตว์/เพาะเลี้ยง_ส่วนใหญ่เช่าที่ดิน/ทำฟรี,81.96,ร้อยละ,,สำนักงานสถิติแห่งชาติ
2566,ตราด,ร้อยละของค่าใช้จ่ายต่อรายได้,ผู้ถือครองทำการเกษตร/เพาะเลี้ยง,ประมงป่าไม้ล่าสัตว์หาของป่าบริการทางการเกษตร,84.17,ร้อยละ,,สำนักงานสถิติแห่งชาติ
2566,ตราด,ร้อยละของค่าใช้จ่ายต่อรายได้,ผู้ประกอบธุรกิจของตนเองที่ไม่ใช่การเกษตร,ผู้ประกอบธุรกิจของตนเองที่ไม่ใช่การเกษตร,82.66,ร้อยละ,,สำนักงานสถิติแห่งชาติ
2566,ตราด,ร้อยละของค่าใช้จ่ายต่อรายได้,ลูกจ้าง,ผู้จัดการนักวิชาการและผู้ปฏิบัติงานวิชาชีพ,74.52,ร้อยละ,,สำนักงานสถิติแห่งชาติ
2566,ตราด,ร้อยละของค่าใช้จ่ายต่อรายได้,ลูกจ้าง,คนงานเกษตรป่าไม้และประมง,84.87,ร้อยละ,,สำนักงานสถิติแห่งชาติ
2566,ตราด,ร้อยละของค่าใช้จ่ายต่อรายได้,ลูกจ้าง,คนงานด้านการขนส่งและงานพื้นฐาน,86.32,ร้อยละ,,สำนักงานสถิติแห่งชาติ
2566,ตราด,ร้อยละของค่าใช้จ่ายต่อรายได้,ลูกจ้าง,เสมียนพนักงานขายและให้บริการ,83.36,ร้อยละ,,สำนักงานสถิติแห่งชาติ
2566,ตราด,ร้อยละของค่าใช้จ่ายต่อรายได้,ลูกจ้าง,ผู้ปฏิบัติงานในกระบวนการผลิตก่อสร้างและเหมืองแร่,84.03,ร้อยละ,,สำนักงานสถิติแห่งชาติ
2566,ตราด,ร้อยละของค่าใช้จ่ายต่อรายได้,ผู้ไม่ได้ปฏิบัติงานเชิงเศรษฐกิจ,ผู้ไม่ได้ปฏิบัติงานเชิงเศรษฐกิจ,68.53,ร้อยละ,,สำนักงานสถิติแห่งชาติ
2566,ฉะเชิงเทรา,รายได้ทั้งสิ้นต่อเดือน,รวมทั้งสิ้น,รวมทั้งสิ้น,29146.00,บาท,,สำนักงานสถิติแห่งชาติ
2566,ฉะเชิงเทรา,รายได้ทั้งสิ้นต่อเดือน,ผู้ถือครองทำการเกษตร/เพาะเลี้ยง,ปลูกพืช/เลี้ยงสัตว์/เพาะเลี้ยง_ส่วนใหญ่เป็นเจ้าของที่ดิน,57772.00,บาท,,สำนักงานสถิติแห่งชาติ
2566,ฉะเชิงเทรา,รายได้ทั้งสิ้นต่อเดือน,ผู้ถือครองทำการเกษตร/เพาะเลี้ยง,ปลูกพืช/เลี้ยงสัตว์/เพาะเลี้ยง_ส่วนใหญ่เช่าที่ดิน/ทำฟรี,31988.00,บาท,,สำนักงานสถิติแห่งชาติ
2566,ฉะเชิงเทรา,รายได้ทั้งสิ้นต่อเดือน,ผู้ถือครองทำการเกษตร/เพาะเลี้ยง,ประมงป่าไม้ล่าสัตว์หาของป่าบริการทางการเกษตร,22568.00,บาท,,สำนักงานสถิติแห่งชาติ
2566,ฉะเชิงเทรา,รายได้ทั้งสิ้นต่อเดือน,ผู้ประกอบธุรกิจของตนเองที่ไม่ใช่การเกษตร,ผู้ประกอบธุรกิจของตนเองที่ไม่ใช่การเกษตร,34652.00,บาท,,สำนักงานสถิติแห่งชาติ
2566,ฉะเชิงเทรา,รายได้ทั้งสิ้นต่อเดือน,ลูกจ้าง,ผู้จัดการนักวิชาการและผู้ปฏิบัติงานวิชาชีพ,47504.00,บาท,,สำนักงานสถิติแห่งชาติ
2566,ฉะเชิงเทรา,รายได้ทั้งสิ้นต่อเดือน,ลูกจ้าง,คนงานเกษตรป่าไม้และประมง,16771.00,บาท,,สำนักงานสถิติแห่งชาติ
2566,ฉะเชิงเทรา,รายได้ทั้งสิ้นต่อเดือน,ลูกจ้าง,คนงานด้านการขนส่งและงานพื้นฐาน,29730.00,บาท,,สำนักงานสถิติแห่งชาติ
2566,ฉะเชิงเทรา,รายได้ทั้งสิ้นต่อเดือน,ลูกจ้าง,เสมียนพนักงานขายและให้บริการ,28341.00,บาท,,สำนักงานสถิติแห่งชาติ
2566,ฉะเชิงเทรา,รายได้ทั้งสิ้นต่อเดือน,ลูกจ้าง,ผู้ปฏิบัติงานในกระบวนการผลิตก่อสร้างและเหมืองแร่,25495.00,บาท,,สำนักงานสถิติแห่งชาติ
2566,ฉะเชิงเทรา,รายได้ทั้งสิ้นต่อเดือน,ผู้ไม่ได้ปฏิบัติงานเชิงเศรษฐกิจ,ผู้ไม่ได้ปฏิบัติงานเชิงเศรษฐกิจ,17903.00,บาท,,สำนักงานสถิติแห่งชาติ
2566,ฉะเชิงเทรา,ค่าใช้จ่ายทั้งสิ้นต่อเดือน,รวมทั้งสิ้น,รวมทั้งสิ้น,23548.00,บาท,,สำนักงานสถิติแห่งชาติ
2566,ฉะเชิงเทรา,ค่าใช้จ่ายทั้งสิ้นต่อเดือน,ผู้ถือครองทำการเกษตร/เพาะเลี้ยง,ปลูกพืช/เลี้ยงสัตว์/เพาะเลี้ยง_ส่วนใหญ่เป็นเจ้าของที่ดิน,29250.00,บาท,,สำนักงานสถิติแห่งชาติ
2566,ฉะเชิงเทรา,ค่าใช้จ่ายทั้งสิ้นต่อเดือน,ผู้ถือครองทำการเกษตร/เพาะเลี้ยง,ปลูกพืช/เลี้ยงสัตว์/เพาะเลี้ยง_ส่วนใหญ่เช่าที่ดิน/ทำฟรี,24122.00,บาท,,สำนักงานสถิติแห่งชาติ
2566,ฉะเชิงเทรา,ค่าใช้จ่ายทั้งสิ้นต่อเดือน,ผู้ถือครองทำการเกษตร/เพาะเลี้ยง,ประมงป่าไม้ล่าสัตว์หาของป่าบริการทางการเกษตร,16803.00,บาท,,สำนักงานสถิติแห่งชาติ
2566,ฉะเชิงเทรา,ค่าใช้จ่ายทั้งสิ้นต่อเดือน,ผู้ประกอบธุรกิจของตนเองที่ไม่ใช่การเกษตร,ผู้ประกอบธุรกิจของตนเองที่ไม่ใช่การเกษตร,25785.00,บาท,,สำนักงานสถิติแห่งชาติ
2566,ฉะเชิงเทรา,ค่าใช้จ่ายทั้งสิ้นต่อเดือน,ลูกจ้าง,ผู้จัดการนักวิชาการและผู้ปฏิบัติงานวิชาชีพ,39624.00,บาท,,สำนักงานสถิติแห่งชาติ
2566,ฉะเชิงเทรา,ค่าใช้จ่ายทั้งสิ้นต่อเดือน,ลูกจ้าง,คนงานเกษตรป่าไม้และประมง,16898.00,บาท,,สำนักงานสถิติแห่งชาติ
2566,ฉะเชิงเทรา,ค่าใช้จ่ายทั้งสิ้นต่อเดือน,ลูกจ้าง,คนงานด้านการขนส่งและงานพื้นฐาน,28296.00,บาท,,สำนักงานสถิติแห่งชาติ
2566,ฉะเชิงเทรา,ค่าใช้จ่ายทั้งสิ้นต่อเดือน,ลูกจ้าง,เสมียนพนักงานขายและให้บริการ,24095.00,บาท,,สำนักงานสถิติแห่งชาติ
2566,ฉะเชิงเทรา,ค่าใช้จ่ายทั้งสิ้นต่อเดือน,ลูกจ้าง,ผู้ปฏิบัติงานในกระบวนการผลิตก่อสร้างและเหมืองแร่,22607.00,บาท,,สำนักงานสถิติแห่งชาติ
2566,ฉะเชิงเทรา,ค่าใช้จ่ายทั้งสิ้นต่อเดือน,ผู้ไม่ได้ปฏิบัติงานเชิงเศรษฐกิจ,ผู้ไม่ได้ปฏิบัติงานเชิงเศรษฐกิจ,17192.00,บาท,,สำนักงานสถิติแห่งชาติ
2566,ฉะเชิงเทรา,หนี้สินเฉลี่ยต่อครัวเรือนทั้งสิ้น,รวมทั้งสิ้น,รวมทั้งสิ้น,78872.00,บาท,,สำนักงานสถิติแห่งชาติ
2566,ฉะเชิงเทรา,หนี้สินเฉลี่ยต่อครัวเรือนทั้งสิ้น,ผู้ถือครองทำการเกษตร/เพาะเลี้ยง,ปลูกพืช/เลี้ยงสัตว์/เพาะเลี้ยง_ส่วนใหญ่เป็นเจ้าของที่ดิน,38664.00,บาท,,สำนักงานสถิติแห่งชาติ
2566,ฉะเชิงเทรา,หนี้สินเฉลี่ยต่อครัวเรือนทั้งสิ้น,ผู้ถือครองทำการเกษตร/เพาะเลี้ยง,ปลูกพืช/เลี้ยงสัตว์/เพาะเลี้ยง_ส่วนใหญ่เช่าที่ดิน/ทำฟรี,85367.00,บาท,,สำนักงานสถิติแห่งชาติ
2566,ฉะเชิงเทรา,หนี้สินเฉลี่ยต่อครัวเรือนทั้งสิ้น,ผู้ถือครองทำการเกษตร/เพาะเลี้ยง,ประมงป่าไม้ล่าสัตว์หาของป่าบริการทางการเกษตร,161667.00,บาท,,สำนักงานสถิติแห่งชาติ
2566,ฉะเชิงเทรา,หนี้สินเฉลี่ยต่อครัวเรือนทั้งสิ้น,ผู้ประกอบธุรกิจของตนเองที่ไม่ใช่การเกษตร,ผู้ประกอบธุรกิจของตนเองที่ไม่ใช่การเกษตร,89858.00,บาท,,สำนักงานสถิติแห่งชาติ
2566,ฉะเชิงเทรา,หนี้สินเฉลี่ยต่อครัวเรือนทั้งสิ้น,ลูกจ้าง,ผู้จัดการนักวิชาการและผู้ปฏิบัติงานวิชาชีพ,237797.00,บาท,,สำนักงานสถิติแห่งชาติ
2566,ฉะเชิงเทรา,หนี้สินเฉลี่ยต่อครัวเรือนทั้งสิ้น,ลูกจ้าง,คนงานเกษตรป่าไม้และประมง,2419.00,บาท,,สำนักงานสถิติแห่งชาติ
2566,ฉะเชิงเทรา,หนี้สินเฉลี่ยต่อครัวเรือนทั้งสิ้น,ลูกจ้าง,คนงานด้านการขนส่งและงานพื้นฐาน,46806.00,บาท,,สำนักงานสถิติแห่งชาติ
2566,ฉะเชิงเทรา,หนี้สินเฉลี่ยต่อครัวเรือนทั้งสิ้น,ลูกจ้าง,เสมียนพนักงานขายและให้บริการ,110223.00,บาท,,สำนักงานสถิติแห่งชาติ
2566,ฉะเชิงเทรา,หนี้สินเฉลี่ยต่อครัวเรือนทั้งสิ้น,ลูกจ้าง,ผู้ปฏิบัติงานในกระบวนการผลิตก่อสร้างและเหมืองแร่,79517.00,บาท,,สำนักงานสถิติแห่งชาติ
2566,ฉะเชิงเทรา,หนี้สินเฉลี่ยต่อครัวเรือนทั้งสิ้น,ผู้ไม่ได้ปฏิบัติงานเชิงเศรษฐกิจ,ผู้ไม่ได้ปฏิบัติงานเชิงเศรษฐกิจ,26332.00,บาท,,สำนักงานสถิติแห่งชาติ
2566,ฉะเชิงเทรา,ร้อยละของค่าใช้จ่ายต่อรายได้,รวมทั้งสิ้น,รวมทั้งสิ้น,80.79,ร้อยละ,,สำนักงานสถิติแห่งชาติ
2566,ฉะเชิงเทรา,ร้อยละของค่าใช้จ่ายต่อรายได้,ผู้ถือครองทำการเกษตร/เพาะเลี้ยง,ปลูกพืช/เลี้ยงสัตว์/เพาะเลี้ยง_ส่วนใหญ่เป็นเจ้าของที่ดิน,50.63,ร้อยละ,,สำนักงานสถิติแห่งชาติ
2566,ฉะเชิงเทรา,ร้อยละของค่าใช้จ่ายต่อรายได้,ผู้ถือครองทำการเกษตร/เพาะเลี้ยง,ปลูกพืช/เลี้ยงสัตว์/เพาะเลี้ยง_ส่วนใหญ่เช่าที่ดิน/ทำฟรี,75.41,ร้อยละ,,สำนักงานสถิติแห่งชาติ
2566,ฉะเชิงเทรา,ร้อยละของค่าใช้จ่ายต่อรายได้,ผู้ถือครองทำการเกษตร/เพาะเลี้ยง,ประมงป่าไม้ล่าสัตว์หาของป่าบริการทางการเกษตร,74.46,ร้อยละ,,สำนักงานสถิติแห่งชาติ
2566,ฉะเชิงเทรา,ร้อยละของค่าใช้จ่ายต่อรายได้,ผู้ประกอบธุรกิจของตนเองที่ไม่ใช่การเกษตร,ผู้ประกอบธุรกิจของตนเองที่ไม่ใช่การเกษตร,74.41,ร้อยละ,,สำนักงานสถิติแห่งชาติ
2566,ฉะเชิงเทรา,ร้อยละของค่าใช้จ่ายต่อรายได้,ลูกจ้าง,ผู้จัดการนักวิชาการและผู้ปฏิบัติงานวิชาชีพ,83.41,ร้อยละ,,สำนักงานสถิติแห่งชาติ
2566,ฉะเชิงเทรา,ร้อยละของค่าใช้จ่ายต่อรายได้,ลูกจ้าง,คนงานเกษตรป่าไม้และประมง,100.76,ร้อยละ,,สำนักงานสถิติแห่งชาติ
2566,ฉะเชิงเทรา,ร้อยละของค่าใช้จ่ายต่อรายได้,ลูกจ้าง,คนงานด้านการขนส่งและงานพื้นฐาน,95.18,ร้อยละ,,สำนักงานสถิติแห่งชาติ
2566,ฉะเชิงเทรา,ร้อยละของค่าใช้จ่ายต่อรายได้,ลูกจ้าง,เสมียนพนักงานขายและให้บริการ,85.02,ร้อยละ,,สำนักงานสถิติแห่งชาติ
2566,ฉะเชิงเทรา,ร้อยละของค่าใช้จ่ายต่อรายได้,ลูกจ้าง,ผู้ปฏิบัติงานในกระบวนการผลิตก่อสร้างและเหมืองแร่,88.67,ร้อยละ,,สำนักงานสถิติแห่งชาติ
2566,ฉะเชิงเทรา,ร้อยละของค่าใช้จ่ายต่อรายได้,ผู้ไม่ได้ปฏิบัติงานเชิงเศรษฐกิจ,ผู้ไม่ได้ปฏิบัติงานเชิงเศรษฐกิจ,96.03,ร้อยละ,,สำนักงานสถิติแห่งชาติ
2566,ปราจีนบุรี,รายได้ทั้งสิ้นต่อเดือน,รวมทั้งสิ้น,รวมทั้งสิ้น,23883.00,บาท,,สำนักงานสถิติแห่งชาติ
2566,ปราจีนบุรี,รายได้ทั้งสิ้นต่อเดือน,ผู้ถือครองทำการเกษตร/เพาะเลี้ยง,ปลูกพืช/เลี้ยงสัตว์/เพาะเลี้ยง_ส่วนใหญ่เป็นเจ้าของที่ดิน,32896.00,บาท,,สำนักงานสถิติแห่งชาติ
2566,ปราจีนบุรี,รายได้ทั้งสิ้นต่อเดือน,ผู้ถือครองทำการเกษตร/เพาะเลี้ยง,ปลูกพืช/เลี้ยงสัตว์/เพาะเลี้ยง_ส่วนใหญ่เช่าที่ดิน/ทำฟรี,14438.00,บาท,,สำนักงานสถิติแห่งชาติ
2566,ปราจีนบุรี,รายได้ทั้งสิ้นต่อเดือน,ผู้ถือครองทำการเกษตร/เพาะเลี้ยง,ประมงป่าไม้ล่าสัตว์หาของป่าบริการทางการเกษตร,16574.00,บาท,,สำนักงานสถิติแห่งชาติ
2566,ปราจีนบุรี,รายได้ทั้งสิ้นต่อเดือน,ผู้ประกอบธุรกิจของตนเองที่ไม่ใช่การเกษตร,ผู้ประกอบธุรกิจของตนเองที่ไม่ใช่การเกษตร,23534.00,บาท,,สำนักงานสถิติแห่งชาติ
2566,ปราจีนบุรี,รายได้ทั้งสิ้นต่อเดือน,ลูกจ้าง,ผู้จัดการนักวิชาการและผู้ปฏิบัติงานวิชาชีพ,33628.00,บาท,,สำนักงานสถิติแห่งชาติ
2566,ปราจีนบุรี,รายได้ทั้งสิ้นต่อเดือน,ลูกจ้าง,คนงานเกษตรป่าไม้และประมง,10314.00,บาท,,สำนักงานสถิติแห่งชาติ
2566,ปราจีนบุรี,รายได้ทั้งสิ้นต่อเดือน,ลูกจ้าง,คนงานด้านการขนส่งและงานพื้นฐาน,22824.00,บาท,,สำนักงานสถิติแห่งชาติ
2566,ปราจีนบุรี,รายได้ทั้งสิ้นต่อเดือน,ลูกจ้าง,เสมียนพนักงานขายและให้บริการ,23301.00,บาท,,สำนักงานสถิติแห่งชาติ
2566,ปราจีนบุรี,รายได้ทั้งสิ้นต่อเดือน,ลูกจ้าง,ผู้ปฏิบัติงานในกระบวนการผลิตก่อสร้างและเหมืองแร่,27006.00,บาท,,สำนักงานสถิติแห่งชาติ
2566,ปราจีนบุรี,รายได้ทั้งสิ้นต่อเดือน,ผู้ไม่ได้ปฏิบัติงานเชิงเศรษฐกิจ,ผู้ไม่ได้ปฏิบัติงานเชิงเศรษฐกิจ,14449.00,บาท,,สำนักงานสถิติแห่งชาติ
2566,ปราจีนบุรี,ค่าใช้จ่ายทั้งสิ้นต่อเดือน,รวมทั้งสิ้น,รวมทั้งสิ้น,21012.00,บาท,,สำนักงานสถิติแห่งชาติ
2566,ปราจีนบุรี,ค่าใช้จ่ายทั้งสิ้นต่อเดือน,ผู้ถือครองทำการเกษตร/เพาะเลี้ยง,ปลูกพืช/เลี้ยงสัตว์/เพาะเลี้ยง_ส่วนใหญ่เป็นเจ้าของที่ดิน,23629.00,บาท,,สำนักงานสถิติแห่งชาติ
2566,ปราจีนบุรี,ค่าใช้จ่ายทั้งสิ้นต่อเดือน,ผู้ถือครองทำการเกษตร/เพาะเลี้ยง,ปลูกพืช/เลี้ยงสัตว์/เพาะเลี้ยง_ส่วนใหญ่เช่าที่ดิน/ทำฟรี,20837.00,บาท,,สำนักงานสถิติแห่งชาติ
2566,ปราจีนบุรี,ค่าใช้จ่ายทั้งสิ้นต่อเดือน,ผู้ถือครองทำการเกษตร/เพาะเลี้ยง,ประมงป่าไม้ล่าสัตว์หาของป่าบริการทางการเกษตร,16551.00,บาท,,สำนักงานสถิติแห่งชาติ
2566,ปราจีนบุรี,ค่าใช้จ่ายทั้งสิ้นต่อเดือน,ผู้ประกอบธุรกิจของตนเองที่ไม่ใช่การเกษตร,ผู้ประกอบธุรกิจของตนเองที่ไม่ใช่การเกษตร,20932.00,บาท,,สำนักงานสถิติแห่งชาติ
2566,ปราจีนบุรี,ค่าใช้จ่ายทั้งสิ้นต่อเดือน,ลูกจ้าง,ผู้จัดการนักวิชาการและผู้ปฏิบัติงานวิชาชีพ,28752.00,บาท,,สำนักงานสถิติแห่งชาติ
2566,ปราจีนบุรี,ค่าใช้จ่ายทั้งสิ้นต่อเดือน,ลูกจ้าง,คนงานเกษตรป่าไม้และประมง,9364.00,บาท,,สำนักงานสถิติแห่งชาติ
2566,ปราจีนบุรี,ค่าใช้จ่ายทั้งสิ้นต่อเดือน,ลูกจ้าง,คนงานด้านการขนส่งและงานพื้นฐาน,21625.00,บาท,,สำนักงานสถิติแห่งชาติ
2566,ปราจีนบุรี,ค่าใช้จ่ายทั้งสิ้นต่อเดือน,ลูกจ้าง,เสมียนพนักงานขายและให้บริการ,20686.00,บาท,,สำนักงานสถิติแห่งชาติ
2566,ปราจีนบุรี,ค่าใช้จ่ายทั้งสิ้นต่อเดือน,ลูกจ้าง,ผู้ปฏิบัติงานในกระบวนการผลิตก่อสร้างและเหมืองแร่,23721.00,บาท,,สำนักงานสถิติแห่งชาติ
2566,ปราจีนบุรี,ค่าใช้จ่ายทั้งสิ้นต่อเดือน,ผู้ไม่ได้ปฏิบัติงานเชิงเศรษฐกิจ,ผู้ไม่ได้ปฏิบัติงานเชิงเศรษฐกิจ,13651.00,บาท,,สำนักงานสถิติแห่งชาติ
2566,ปราจีนบุรี,หนี้สินเฉลี่ยต่อครัวเรือนทั้งสิ้น,รวมทั้งสิ้น,รวมทั้งสิ้น,151926.00,บาท,,สำนักงานสถิติแห่งชาติ
2566,ปราจีนบุรี,หนี้สินเฉลี่ยต่อครัวเรือนทั้งสิ้น,ผู้ถือครองทำการเกษตร/เพาะเลี้ยง,ปลูกพืช/เลี้ยงสัตว์/เพาะเลี้ยง_ส่วนใหญ่เป็นเจ้าของที่ดิน,209189.00,บาท,,สำนักงานสถิติแห่งชาติ
2566,ปราจีนบุรี,หนี้สินเฉลี่ยต่อครัวเรือนทั้งสิ้น,ผู้ถือครองทำการเกษตร/เพาะเลี้ยง,ปลูกพืช/เลี้ยงสัตว์/เพาะเลี้ยง_ส่วนใหญ่เช่าที่ดิน/ทำฟรี,239676.00,บาท,,สำนักงานสถิติแห่งชาติ
2566,ปราจีนบุรี,หนี้สินเฉลี่ยต่อครัวเรือนทั้งสิ้น,ผู้ถือครองทำการเกษตร/เพาะเลี้ยง,ประมงป่าไม้ล่าสัตว์หาของป่าบริการทางการเกษตร,67204.00,บาท,,สำนักงานสถิติแห่งชาติ
2566,ปราจีนบุรี,หนี้สินเฉลี่ยต่อครัวเรือนทั้งสิ้น,ผู้ประกอบธุรกิจของตนเองที่ไม่ใช่การเกษตร,ผู้ประกอบธุรกิจของตนเองที่ไม่ใช่การเกษตร,151891.00,บาท,,สำนักงานสถิติแห่งชาติ
2566,ปราจีนบุรี,หนี้สินเฉลี่ยต่อครัวเรือนทั้งสิ้น,ลูกจ้าง,ผู้จัดการนักวิชาการและผู้ปฏิบัติงานวิชาชีพ,205529.00,บาท,,สำนักงานสถิติแห่งชาติ
2566,ปราจีนบุรี,หนี้สินเฉลี่ยต่อครัวเรือนทั้งสิ้น,ลูกจ้าง,คนงานเกษตรป่าไม้และประมง,26346.00,บาท,,สำนักงานสถิติแห่งชาติ
2566,ปราจีนบุรี,หนี้สินเฉลี่ยต่อครัวเรือนทั้งสิ้น,ลูกจ้าง,คนงานด้านการขนส่งและงานพื้นฐาน,199726.00,บาท,,สำนักงานสถิติแห่งชาติ
2566,ปราจีนบุรี,หนี้สินเฉลี่ยต่อครัวเรือนทั้งสิ้น,ลูกจ้าง,เสมียนพนักงานขายและให้บริการ,76819.00,บาท,,สำนักงานสถิติแห่งชาติ
2566,ปราจีนบุรี,หนี้สินเฉลี่ยต่อครัวเรือนทั้งสิ้น,ลูกจ้าง,ผู้ปฏิบัติงานในกระบวนการผลิตก่อสร้างและเหมืองแร่,237044.00,บาท,,สำนักงานสถิติแห่งชาติ
2566,ปราจีนบุรี,หนี้สินเฉลี่ยต่อครัวเรือนทั้งสิ้น,ผู้ไม่ได้ปฏิบัติงานเชิงเศรษฐกิจ,ผู้ไม่ได้ปฏิบัติงานเชิงเศรษฐกิจ,37809.00,บาท,,สำนักงานสถิติแห่งชาติ
2566,ปราจีนบุรี,ร้อยละของค่าใช้จ่ายต่อรายได้,รวมทั้งสิ้น,รวมทั้งสิ้น,87.98,ร้อยละ,,สำนักงานสถิติแห่งชาติ
2566,ปราจีนบุรี,ร้อยละของค่าใช้จ่ายต่อรายได้,ผู้ถือครองทำการเกษตร/เพาะเลี้ยง,ปลูกพืช/เลี้ยงสัตว์/เพาะเลี้ยง_ส่วนใหญ่เป็นเจ้าของที่ดิน,71.83,ร้อยละ,,สำนักงานสถิติแห่งชาติ
2566,ปราจีนบุรี,ร้อยละของค่าใช้จ่ายต่อรายได้,ผู้ถือครองทำการเกษตร/เพาะเลี้ยง,ปลูกพืช/เลี้ยงสัตว์/เพาะเลี้ยง_ส่วนใหญ่เช่าที่ดิน/ทำฟรี,144.32,ร้อยละ,,สำนักงานสถิติแห่งชาติ
2566,ปราจีนบุรี,ร้อยละของค่าใช้จ่ายต่อรายได้,ผู้ถือครองทำการเกษตร/เพาะเลี้ยง,ประมงป่าไม้ล่าสัตว์หาของป่าบริการทางการเกษตร,99.86,ร้อยละ,,สำนักงานสถิติแห่งชาติ
2566,ปราจีนบุรี,ร้อยละของค่าใช้จ่ายต่อรายได้,ผู้ประกอบธุรกิจของตนเองที่ไม่ใช่การเกษตร,ผู้ประกอบธุรกิจของตนเองที่ไม่ใช่การเกษตร,88.95,ร้อยละ,,สำนักงานสถิติแห่งชาติ
2566,ปราจีนบุรี,ร้อยละของค่าใช้จ่ายต่อรายได้,ลูกจ้าง,ผู้จัดการนักวิชาการและผู้ปฏิบัติงานวิชาชีพ,85.50,ร้อยละ,,สำนักงานสถิติแห่งชาติ
2566,ปราจีนบุรี,ร้อยละของค่าใช้จ่ายต่อรายได้,ลูกจ้าง,คนงานเกษตรป่าไม้และประมง,90.79,ร้อยละ,,สำนักงานสถิติแห่งชาติ
2566,ปราจีนบุรี,ร้อยละของค่าใช้จ่ายต่อรายได้,ลูกจ้าง,คนงานด้านการขนส่งและงานพื้นฐาน,94.74,ร้อยละ,,สำนักงานสถิติแห่งชาติ
2566,ปราจีนบุรี,ร้อยละของค่าใช้จ่ายต่อรายได้,ลูกจ้าง,เสมียนพนักงานขายและให้บริการ,88.78,ร้อยละ,,สำนักงานสถิติแห่งชาติ
2566,ปราจีนบุรี,ร้อยละของค่าใช้จ่ายต่อรายได้,ลูกจ้าง,ผู้ปฏิบัติงานในกระบวนการผลิตก่อสร้างและเหมืองแร่,87.83,ร้อยละ,,สำนักงานสถิติแห่งชาติ
2566,ปราจีนบุรี,ร้อยละของค่าใช้จ่ายต่อรายได้,ผู้ไม่ได้ปฏิบัติงานเชิงเศรษฐกิจ,ผู้ไม่ได้ปฏิบัติงานเชิงเศรษฐกิจ,94.48,ร้อยละ,,สำนักงานสถิติแห่งชาติ
2566,นครนายก,รายได้ทั้งสิ้นต่อเดือน,รวมทั้งสิ้น,รวมทั้งสิ้น,24993.00,บาท,,สำนักงานสถิติแห่งชาติ
2566,นครนายก,รายได้ทั้งสิ้นต่อเดือน,ผู้ถือครองทำการเกษตร/เพาะเลี้ยง,ปลูกพืช/เลี้ยงสัตว์/เพาะเลี้ยง_ส่วนใหญ่เป็นเจ้าของที่ดิน,11563.00,บาท,,สำนักงานสถิติแห่งชาติ
2566,นครนายก,รายได้ทั้งสิ้นต่อเดือน,ผู้ถือครองทำการเกษตร/เพาะเลี้ยง,ปลูกพืช/เลี้ยงสัตว์/เพาะเลี้ยง_ส่วนใหญ่เช่าที่ดิน/ทำฟรี,18716.00,บาท,,สำนักงานสถิติแห่งชาติ
2566,นครนายก,รายได้ทั้งสิ้นต่อเดือน,ผู้ถือครองทำการเกษตร/เพาะเลี้ยง,ประมงป่าไม้ล่าสัตว์หาของป่าบริการทางการเกษตร,17330.00,บาท,,สำนักงานสถิติแห่งชาติ
2566,นครนายก,รายได้ทั้งสิ้นต่อเดือน,ผู้ประกอบธุรกิจของตนเองที่ไม่ใช่การเกษตร,ผู้ประกอบธุรกิจของตนเองที่ไม่ใช่การเกษตร,31432.00,บาท,,สำนักงานสถิติแห่งชาติ
2566,นครนายก,รายได้ทั้งสิ้นต่อเดือน,ลูกจ้าง,ผู้จัดการนักวิชาการและผู้ปฏิบัติงานวิชาชีพ,48323.00,บาท,,สำนักงานสถิติแห่งชาติ
2566,นครนายก,รายได้ทั้งสิ้นต่อเดือน,ลูกจ้าง,คนงานเกษตรป่าไม้และประมง,14148.00,บาท,,สำนักงานสถิติแห่งชาติ
2566,นครนายก,รายได้ทั้งสิ้นต่อเดือน,ลูกจ้าง,คนงานด้านการขนส่งและงานพื้นฐาน,17535.00,บาท,,สำนักงานสถิติแห่งชาติ
2566,นครนายก,รายได้ทั้งสิ้นต่อเดือน,ลูกจ้าง,เสมียนพนักงานขายและให้บริการ,26049.00,บาท,,สำนักงานสถิติแห่งชาติ
2566,นครนายก,รายได้ทั้งสิ้นต่อเดือน,ลูกจ้าง,ผู้ปฏิบัติงานในกระบวนการผลิตก่อสร้างและเหมืองแร่,24004.00,บาท,,สำนักงานสถิติแห่งชาติ
2566,นครนายก,รายได้ทั้งสิ้นต่อเดือน,ผู้ไม่ได้ปฏิบัติงานเชิงเศรษฐกิจ,ผู้ไม่ได้ปฏิบัติงานเชิงเศรษฐกิจ,20407.00,บาท,,สำนักงานสถิติแห่งชาติ
2566,นครนายก,ค่าใช้จ่ายทั้งสิ้นต่อเดือน,รวมทั้งสิ้น,รวมทั้งสิ้น,21709.00,บาท,,สำนักงานสถิติแห่งชาติ
2566,นครนายก,ค่าใช้จ่ายทั้งสิ้นต่อเดือน,ผู้ถือครองทำการเกษตร/เพาะเลี้ยง,ปลูกพืช/เลี้ยงสัตว์/เพาะเลี้ยง_ส่วนใหญ่เป็นเจ้าของที่ดิน,17668.00,บาท,,สำนักงานสถิติแห่งชาติ
2566,นครนายก,ค่าใช้จ่ายทั้งสิ้นต่อเดือน,ผู้ถือครองทำการเกษตร/เพาะเลี้ยง,ปลูกพืช/เลี้ยงสัตว์/เพาะเลี้ยง_ส่วนใหญ่เช่าที่ดิน/ทำฟรี,17081.00,บาท,,สำนักงานสถิติแห่งชาติ
2566,นครนายก,ค่าใช้จ่ายทั้งสิ้นต่อเดือน,ผู้ถือครองทำการเกษตร/เพาะเลี้ยง,ประมงป่าไม้ล่าสัตว์หาของป่าบริการทางการเกษตร,15038.00,บาท,,สำนักงานสถิติแห่งชาติ
2566,นครนายก,ค่าใช้จ่ายทั้งสิ้นต่อเดือน,ผู้ประกอบธุรกิจของตนเองที่ไม่ใช่การเกษตร,ผู้ประกอบธุรกิจของตนเองที่ไม่ใช่การเกษตร,26146.00,บาท,,สำนักงานสถิติแห่งชาติ
2566,นครนายก,ค่าใช้จ่ายทั้งสิ้นต่อเดือน,ลูกจ้าง,ผู้จัดการนักวิชาการและผู้ปฏิบัติงานวิชาชีพ,37456.00,บาท,,สำนักงานสถิติแห่งชาติ
2566,นครนายก,ค่าใช้จ่ายทั้งสิ้นต่อเดือน,ลูกจ้าง,คนงานเกษตรป่าไม้และประมง,12563.00,บาท,,สำนักงานสถิติแห่งชาติ
2566,นครนายก,ค่าใช้จ่ายทั้งสิ้นต่อเดือน,ลูกจ้าง,คนงานด้านการขนส่งและงานพื้นฐาน,14885.00,บาท,,สำนักงานสถิติแห่งชาติ
2566,นครนายก,ค่าใช้จ่ายทั้งสิ้นต่อเดือน,ลูกจ้าง,เสมียนพนักงานขายและให้บริการ,22995.00,บาท,,สำนักงานสถิติแห่งชาติ
2566,นครนายก,ค่าใช้จ่ายทั้งสิ้นต่อเดือน,ลูกจ้าง,ผู้ปฏิบัติงานในกระบวนการผลิตก่อสร้างและเหมืองแร่,21413.00,บาท,,สำนักงานสถิติแห่งชาติ
2566,นครนายก,ค่าใช้จ่ายทั้งสิ้นต่อเดือน,ผู้ไม่ได้ปฏิบัติงานเชิงเศรษฐกิจ,ผู้ไม่ได้ปฏิบัติงานเชิงเศรษฐกิจ,17391.00,บาท,,สำนักงานสถิติแห่งชาติ
2566,นครนายก,หนี้สินเฉลี่ยต่อครัวเรือนทั้งสิ้น,รวมทั้งสิ้น,รวมทั้งสิ้น,133832.00,บาท,,สำนักงานสถิติแห่งชาติ
2566,นครนายก,หนี้สินเฉลี่ยต่อครัวเรือนทั้งสิ้น,ผู้ถือครองทำการเกษตร/เพาะเลี้ยง,ปลูกพืช/เลี้ยงสัตว์/เพาะเลี้ยง_ส่วนใหญ่เป็นเจ้าของที่ดิน,71383.00,บาท,,สำนักงานสถิติแห่งชาติ
2566,นครนายก,หนี้สินเฉลี่ยต่อครัวเรือนทั้งสิ้น,ผู้ถือครองทำการเกษตร/เพาะเลี้ยง,ปลูกพืช/เลี้ยงสัตว์/เพาะเลี้ยง_ส่วนใหญ่เช่าที่ดิน/ทำฟรี,161824.00,บาท,,สำนักงานสถิติแห่งชาติ
2566,นครนายก,หนี้สินเฉลี่ยต่อครัวเรือนทั้งสิ้น,ผู้ถือครองทำการเกษตร/เพาะเลี้ยง,ประมงป่าไม้ล่าสัตว์หาของป่าบริการทางการเกษตร,134178.00,บาท,,สำนักงานสถิติแห่งชาติ
2566,นครนายก,หนี้สินเฉลี่ยต่อครัวเรือนทั้งสิ้น,ผู้ประกอบธุรกิจของตนเองที่ไม่ใช่การเกษตร,ผู้ประกอบธุรกิจของตนเองที่ไม่ใช่การเกษตร,218922.00,บาท,,สำนักงานสถิติแห่งชาติ
2566,นครนายก,หนี้สินเฉลี่ยต่อครัวเรือนทั้งสิ้น,ลูกจ้าง,ผู้จัดการนักวิชาการและผู้ปฏิบัติงานวิชาชีพ,418220.00,บาท,,สำนักงานสถิติแห่งชาติ
2566,นครนายก,หนี้สินเฉลี่ยต่อครัวเรือนทั้งสิ้น,ลูกจ้าง,คนงานเกษตรป่าไม้และประมง,18391.00,บาท,,สำนักงานสถิติแห่งชาติ
2566,นครนายก,หนี้สินเฉลี่ยต่อครัวเรือนทั้งสิ้น,ลูกจ้าง,คนงานด้านการขนส่งและงานพื้นฐาน,77116.00,บาท,,สำนักงานสถิติแห่งชาติ
2566,นครนายก,หนี้สินเฉลี่ยต่อครัวเรือนทั้งสิ้น,ลูกจ้าง,เสมียนพนักงานขายและให้บริการ,67429.00,บาท,,สำนักงานสถิติแห่งชาติ
2566,นครนายก,หนี้สินเฉลี่ยต่อครัวเรือนทั้งสิ้น,ลูกจ้าง,ผู้ปฏิบัติงานในกระบวนการผลิตก่อสร้างและเหมืองแร่,81515.00,บาท,,สำนักงานสถิติแห่งชาติ
2566,นครนายก,หนี้สินเฉลี่ยต่อครัวเรือนทั้งสิ้น,ผู้ไม่ได้ปฏิบัติงานเชิงเศรษฐกิจ,ผู้ไม่ได้ปฏิบัติงานเชิงเศรษฐกิจ,98778.00,บาท,,สำนักงานสถิติแห่งชาติ
2566,นครนายก,ร้อยละของค่าใช้จ่ายต่อรายได้,รวมทั้งสิ้น,รวมทั้งสิ้น,86.86,ร้อยละ,,สำนักงานสถิติแห่งชาติ
2566,นครนายก,ร้อยละของค่าใช้จ่ายต่อรายได้,ผู้ถือครองทำการเกษตร/เพาะเลี้ยง,ปลูกพืช/เลี้ยงสัตว์/เพาะเลี้ยง_ส่วนใหญ่เป็นเจ้าของที่ดิน,152.79,ร้อยละ,,สำนักงานสถิติแห่งชาติ
2566,นครนายก,ร้อยละของค่าใช้จ่ายต่อรายได้,ผู้ถือครองทำการเกษตร/เพาะเลี้ยง,ปลูกพืช/เลี้ยงสัตว์/เพาะเลี้ยง_ส่วนใหญ่เช่าที่ดิน/ทำฟรี,91.26,ร้อยละ,,สำนักงานสถิติแห่งชาติ
2566,นครนายก,ร้อยละของค่าใช้จ่ายต่อรายได้,ผู้ถือครองทำการเกษตร/เพาะเลี้ยง,ประมงป่าไม้ล่าสัตว์หาของป่าบริการทางการเกษตร,86.78,ร้อยละ,,สำนักงานสถิติแห่งชาติ
2566,นครนายก,ร้อยละของค่าใช้จ่ายต่อรายได้,ผู้ประกอบธุรกิจของตนเองที่ไม่ใช่การเกษตร,ผู้ประกอบธุรกิจของตนเองที่ไม่ใช่การเกษตร,83.18,ร้อยละ,,สำนักงานสถิติแห่งชาติ
2566,นครนายก,ร้อยละของค่าใช้จ่ายต่อรายได้,ลูกจ้าง,ผู้จัดการนักวิชาการและผู้ปฏิบัติงานวิชาชีพ,77.51,ร้อยละ,,สำนักงานสถิติแห่งชาติ
2566,นครนายก,ร้อยละของค่าใช้จ่ายต่อรายได้,ลูกจ้าง,คนงานเกษตรป่าไม้และประมง,88.80,ร้อยละ,,สำนักงานสถิติแห่งชาติ
2566,นครนายก,ร้อยละของค่าใช้จ่ายต่อรายได้,ลูกจ้าง,คนงานด้านการขนส่งและงานพื้นฐาน,84.89,ร้อยละ,,สำนักงานสถิติแห่งชาติ
2566,นครนายก,ร้อยละของค่าใช้จ่ายต่อรายได้,ลูกจ้าง,เสมียนพนักงานขายและให้บริการ,88.28,ร้อยละ,,สำนักงานสถิติแห่งชาติ
2566,นครนายก,ร้อยละของค่าใช้จ่ายต่อรายได้,ลูกจ้าง,ผู้ปฏิบัติงานในกระบวนการผลิตก่อสร้างและเหมืองแร่,89.20,ร้อยละ,,สำนักงานสถิติแห่งชาติ
2566,นครนายก,ร้อยละของค่าใช้จ่ายต่อรายได้,ผู้ไม่ได้ปฏิบัติงานเชิงเศรษฐกิจ,ผู้ไม่ได้ปฏิบัติงานเชิงเศรษฐกิจ,85.22,ร้อยละ,,สำนักงานสถิติแห่งชาติ
2566,สระแก้ว,รายได้ทั้งสิ้นต่อเดือน,รวมทั้งสิ้น,รวมทั้งสิ้น,21211.00,บาท,,สำนักงานสถิติแห่งชาติ
2566,สระแก้ว,รายได้ทั้งสิ้นต่อเดือน,ผู้ถือครองทำการเกษตร/เพาะเลี้ยง,ปลูกพืช/เลี้ยงสัตว์/เพาะเลี้ยง_ส่วนใหญ่เป็นเจ้าของที่ดิน,25287.00,บาท,,สำนักงานสถิติแห่งชาติ
2566,สระแก้ว,รายได้ทั้งสิ้นต่อเดือน,ผู้ถือครองทำการเกษตร/เพาะเลี้ยง,ปลูกพืช/เลี้ยงสัตว์/เพาะเลี้ยง_ส่วนใหญ่เช่าที่ดิน/ทำฟรี,45317.00,บาท,,สำนักงานสถิติแห่งชาติ
2566,สระแก้ว,รายได้ทั้งสิ้นต่อเดือน,ผู้ถือครองทำการเกษตร/เพาะเลี้ยง,ประมงป่าไม้ล่าสัตว์หาของป่าบริการทางการเกษตร,10785.00,บาท,,สำนักงานสถิติแห่งชาติ
2566,สระแก้ว,รายได้ทั้งสิ้นต่อเดือน,ผู้ประกอบธุรกิจของตนเองที่ไม่ใช่การเกษตร,ผู้ประกอบธุรกิจของตนเองที่ไม่ใช่การเกษตร,24690.00,บาท,,สำนักงานสถิติแห่งชาติ
2566,สระแก้ว,รายได้ทั้งสิ้นต่อเดือน,ลูกจ้าง,ผู้จัดการนักวิชาการและผู้ปฏิบัติงานวิชาชีพ,37064.00,บาท,,สำนักงานสถิติแห่งชาติ
2566,สระแก้ว,รายได้ทั้งสิ้นต่อเดือน,ลูกจ้าง,คนงานเกษตรป่าไม้และประมง,12005.00,บาท,,สำนักงานสถิติแห่งชาติ
2566,สระแก้ว,รายได้ทั้งสิ้นต่อเดือน,ลูกจ้าง,คนงานด้านการขนส่งและงานพื้นฐาน,18480.00,บาท,,สำนักงานสถิติแห่งชาติ
2566,สระแก้ว,รายได้ทั้งสิ้นต่อเดือน,ลูกจ้าง,เสมียนพนักงานขายและให้บริการ,22641.00,บาท,,สำนักงานสถิติแห่งชาติ
2566,สระแก้ว,รายได้ทั้งสิ้นต่อเดือน,ลูกจ้าง,ผู้ปฏิบัติงานในกระบวนการผลิตก่อสร้างและเหมืองแร่,18375.00,บาท,,สำนักงานสถิติแห่งชาติ
2566,สระแก้ว,รายได้ทั้งสิ้นต่อเดือน,ผู้ไม่ได้ปฏิบัติงานเชิงเศรษฐกิจ,ผู้ไม่ได้ปฏิบัติงานเชิงเศรษฐกิจ,13629.00,บาท,,สำนักงานสถิติแห่งชาติ
2566,สระแก้ว,ค่าใช้จ่ายทั้งสิ้นต่อเดือน,รวมทั้งสิ้น,รวมทั้งสิ้น,18298.00,บาท,,สำนักงานสถิติแห่งชาติ
2566,สระแก้ว,ค่าใช้จ่ายทั้งสิ้นต่อเดือน,ผู้ถือครองทำการเกษตร/เพาะเลี้ยง,ปลูกพืช/เลี้ยงสัตว์/เพาะเลี้ยง_ส่วนใหญ่เป็นเจ้าของที่ดิน,18563.00,บาท,,สำนักงานสถิติแห่งชาติ
2566,สระแก้ว,ค่าใช้จ่ายทั้งสิ้นต่อเดือน,ผู้ถือครองทำการเกษตร/เพาะเลี้ยง,ปลูกพืช/เลี้ยงสัตว์/เพาะเลี้ยง_ส่วนใหญ่เช่าที่ดิน/ทำฟรี,25379.00,บาท,,สำนักงานสถิติแห่งชาติ
2566,สระแก้ว,ค่าใช้จ่ายทั้งสิ้นต่อเดือน,ผู้ถือครองทำการเกษตร/เพาะเลี้ยง,ประมงป่าไม้ล่าสัตว์หาของป่าบริการทางการเกษตร,11222.00,บาท,,สำนักงานสถิติแห่งชาติ
2566,สระแก้ว,ค่าใช้จ่ายทั้งสิ้นต่อเดือน,ผู้ประกอบธุรกิจของตนเองที่ไม่ใช่การเกษตร,ผู้ประกอบธุรกิจของตนเองที่ไม่ใช่การเกษตร,21611.00,บาท,,สำนักงานสถิติแห่งชาติ
2566,สระแก้ว,ค่าใช้จ่ายทั้งสิ้นต่อเดือน,ลูกจ้าง,ผู้จัดการนักวิชาการและผู้ปฏิบัติงานวิชาชีพ,27844.00,บาท,,สำนักงานสถิติแห่งชาติ
2566,สระแก้ว,ค่าใช้จ่ายทั้งสิ้นต่อเดือน,ลูกจ้าง,คนงานเกษตรป่าไม้และประมง,10902.00,บาท,,สำนักงานสถิติแห่งชาติ
2566,สระแก้ว,ค่าใช้จ่ายทั้งสิ้นต่อเดือน,ลูกจ้าง,คนงานด้านการขนส่งและงานพื้นฐาน,15726.00,บาท,,สำนักงานสถิติแห่งชาติ
2566,สระแก้ว,ค่าใช้จ่ายทั้งสิ้นต่อเดือน,ลูกจ้าง,เสมียนพนักงานขายและให้บริการ,21103.00,บาท,,สำนักงานสถิติแห่งชาติ
2566,สระแก้ว,ค่าใช้จ่ายทั้งสิ้นต่อเดือน,ลูกจ้าง,ผู้ปฏิบัติงานในกระบวนการผลิตก่อสร้างและเหมืองแร่,19340.00,บาท,,สำนักงานสถิติแห่งชาติ
2566,สระแก้ว,ค่าใช้จ่ายทั้งสิ้นต่อเดือน,ผู้ไม่ได้ปฏิบัติงานเชิงเศรษฐกิจ,ผู้ไม่ได้ปฏิบัติงานเชิงเศรษฐกิจ,13574.00,บาท,,สำนักงานสถิติแห่งชาติ
2566,สระแก้ว,หนี้สินเฉลี่ยต่อครัวเรือนทั้งสิ้น,รวมทั้งสิ้น,รวมทั้งสิ้น,167712.00,บาท,,สำนักงานสถิติแห่งชาติ
2566,สระแก้ว,หนี้สินเฉลี่ยต่อครัวเรือนทั้งสิ้น,ผู้ถือครองทำการเกษตร/เพาะเลี้ยง,ปลูกพืช/เลี้ยงสัตว์/เพาะเลี้ยง_ส่วนใหญ่เป็นเจ้าของที่ดิน,230303.00,บาท,,สำนักงานสถิติแห่งชาติ
2566,สระแก้ว,หนี้สินเฉลี่ยต่อครัวเรือนทั้งสิ้น,ผู้ถือครองทำการเกษตร/เพาะเลี้ยง,ปลูกพืช/เลี้ยงสัตว์/เพาะเลี้ยง_ส่วนใหญ่เช่าที่ดิน/ทำฟรี,724058.00,บาท,,สำนักงานสถิติแห่งชาติ
2566,สระแก้ว,หนี้สินเฉลี่ยต่อครัวเรือนทั้งสิ้น,ผู้ถือครองทำการเกษตร/เพาะเลี้ยง,ประมงป่าไม้ล่าสัตว์หาของป่าบริการทางการเกษตร,60033.00,บาท,,สำนักงานสถิติแห่งชาติ
2566,สระแก้ว,หนี้สินเฉลี่ยต่อครัวเรือนทั้งสิ้น,ผู้ประกอบธุรกิจของตนเองที่ไม่ใช่การเกษตร,ผู้ประกอบธุรกิจของตนเองที่ไม่ใช่การเกษตร,182161.00,บาท,,สำนักงานสถิติแห่งชาติ
2566,สระแก้ว,หนี้สินเฉลี่ยต่อครัวเรือนทั้งสิ้น,ลูกจ้าง,ผู้จัดการนักวิชาการและผู้ปฏิบัติงานวิชาชีพ,503214.00,บาท,,สำนักงานสถิติแห่งชาติ
2566,สระแก้ว,หนี้สินเฉลี่ยต่อครัวเรือนทั้งสิ้น,ลูกจ้าง,คนงานเกษตรป่าไม้และประมง,20565.00,บาท,,สำนักงานสถิติแห่งชาติ
2566,สระแก้ว,หนี้สินเฉลี่ยต่อครัวเรือนทั้งสิ้น,ลูกจ้าง,คนงานด้านการขนส่งและงานพื้นฐาน,21849.00,บาท,,สำนักงานสถิติแห่งชาติ
2566,สระแก้ว,หนี้สินเฉลี่ยต่อครัวเรือนทั้งสิ้น,ลูกจ้าง,เสมียนพนักงานขายและให้บริการ,146345.00,บาท,,สำนักงานสถิติแห่งชาติ
2566,สระแก้ว,หนี้สินเฉลี่ยต่อครัวเรือนทั้งสิ้น,ลูกจ้าง,ผู้ปฏิบัติงานในกระบวนการผลิตก่อสร้างและเหมืองแร่,103510.00,บาท,,สำนักงานสถิติแห่งชาติ
2566,สระแก้ว,หนี้สินเฉลี่ยต่อครัวเรือนทั้งสิ้น,ผู้ไม่ได้ปฏิบัติงานเชิงเศรษฐกิจ,ผู้ไม่ได้ปฏิบัติงานเชิงเศรษฐกิจ,40936.00,บาท,,สำนักงานสถิติแห่งชาติ
2566,สระแก้ว,ร้อยละของค่าใช้จ่ายต่อรายได้,รวมทั้งสิ้น,รวมทั้งสิ้น,86.27,ร้อยละ,,สำนักงานสถิติแห่งชาติ
2566,สระแก้ว,ร้อยละของค่าใช้จ่ายต่อรายได้,ผู้ถือครองทำการเกษตร/เพาะเลี้ยง,ปลูกพืช/เลี้ยงสัตว์/เพาะเลี้ยง_ส่วนใหญ่เป็นเจ้าของที่ดิน,73.41,ร้อยละ,,สำนักงานสถิติแห่งชาติ
2566,สระแก้ว,ร้อยละของค่าใช้จ่ายต่อรายได้,ผู้ถือครองทำการเกษตร/เพาะเลี้ยง,ปลูกพืช/เลี้ยงสัตว์/เพาะเลี้ยง_ส่วนใหญ่เช่าที่ดิน/ทำฟรี,56.00,ร้อยละ,,สำนักงานสถิติแห่งชาติ
2566,สระแก้ว,ร้อยละของค่าใช้จ่ายต่อรายได้,ผู้ถือครองทำการเกษตร/เพาะเลี้ยง,ประมงป่าไม้ล่าสัตว์หาของป่าบริการทางการเกษตร,104.05,ร้อยละ,,สำนักงานสถิติแห่งชาติ
2566,สระแก้ว,ร้อยละของค่าใช้จ่ายต่อรายได้,ผู้ประกอบธุรกิจของตนเองที่ไม่ใช่การเกษตร,ผู้ประกอบธุรกิจของตนเองที่ไม่ใช่การเกษตร,87.53,ร้อยละ,,สำนักงานสถิติแห่งชาติ
2566,สระแก้ว,ร้อยละของค่าใช้จ่ายต่อรายได้,ลูกจ้าง,ผู้จัดการนักวิชาการและผู้ปฏิบัติงานวิชาชีพ,75.12,ร้อยละ,,สำนักงานสถิติแห่งชาติ
2566,สระแก้ว,ร้อยละของค่าใช้จ่ายต่อรายได้,ลูกจ้าง,คนงานเกษตรป่าไม้และประมง,90.81,ร้อยละ,,สำนักงานสถิติแห่งชาติ
2566,สระแก้ว,ร้อยละของค่าใช้จ่ายต่อรายได้,ลูกจ้าง,คนงานด้านการขนส่งและงานพื้นฐาน,85.10,ร้อยละ,,สำนักงานสถิติแห่งชาติ
2566,สระแก้ว,ร้อยละของค่าใช้จ่ายต่อรายได้,ลูกจ้าง,เสมียนพนักงานขายและให้บริการ,93.21,ร้อยละ,,สำนักงานสถิติแห่งชาติ
2566,สระแก้ว,ร้อยละของค่าใช้จ่ายต่อรายได้,ลูกจ้าง,ผู้ปฏิบัติงานในกระบวนการผลิตก่อสร้างและเหมืองแร่,105.25,ร้อยละ,,สำนักงานสถิติแห่งชาติ
2566,สระแก้ว,ร้อยละของค่าใช้จ่ายต่อรายได้,ผู้ไม่ได้ปฏิบัติงานเชิงเศรษฐกิจ,ผู้ไม่ได้ปฏิบัติงานเชิงเศรษฐกิจ,99.60,ร้อยละ,,สำนักงานสถิติแห่งชาติ
2566,นครราชสีมา,รายได้ทั้งสิ้นต่อเดือน,รวมทั้งสิ้น,รวมทั้งสิ้น,27775.00,บาท,,สำนักงานสถิติแห่งชาติ
2566,นครราชสีมา,รายได้ทั้งสิ้นต่อเดือน,ผู้ถือครองทำการเกษตร/เพาะเลี้ยง,ปลูกพืช/เลี้ยงสัตว์/เพาะเลี้ยง_ส่วนใหญ่เป็นเจ้าของที่ดิน,24795.00,บาท,,สำนักงานสถิติแห่งชาติ
2566,นครราชสีมา,รายได้ทั้งสิ้นต่อเดือน,ผู้ถือครองทำการเกษตร/เพาะเลี้ยง,ปลูกพืช/เลี้ยงสัตว์/เพาะเลี้ยง_ส่วนใหญ่เช่าที่ดิน/ทำฟรี,48192.00,บาท,,สำนักงานสถิติแห่งชาติ
2566,นครราชสีมา,รายได้ทั้งสิ้นต่อเดือน,ผู้ถือครองทำการเกษตร/เพาะเลี้ยง,ประมงป่าไม้ล่าสัตว์หาของป่าบริการทางการเกษตร,11377.00,บาท,,สำนักงานสถิติแห่งชาติ
2566,นครราชสีมา,รายได้ทั้งสิ้นต่อเดือน,ผู้ประกอบธุรกิจของตนเองที่ไม่ใช่การเกษตร,ผู้ประกอบธุรกิจของตนเองที่ไม่ใช่การเกษตร,29597.00,บาท,,สำนักงานสถิติแห่งชาติ
2566,นครราชสีมา,รายได้ทั้งสิ้นต่อเดือน,ลูกจ้าง,ผู้จัดการนักวิชาการและผู้ปฏิบัติงานวิชาชีพ,60679.00,บาท,,สำนักงานสถิติแห่งชาติ
2566,นครราชสีมา,รายได้ทั้งสิ้นต่อเดือน,ลูกจ้าง,คนงานเกษตรป่าไม้และประมง,11896.00,บาท,,สำนักงานสถิติแห่งชาติ
2566,นครราชสีมา,รายได้ทั้งสิ้นต่อเดือน,ลูกจ้าง,คนงานด้านการขนส่งและงานพื้นฐาน,22933.00,บาท,,สำนักงานสถิติแห่งชาติ
2566,นครราชสีมา,รายได้ทั้งสิ้นต่อเดือน,ลูกจ้าง,เสมียนพนักงานขายและให้บริการ,25952.00,บาท,,สำนักงานสถิติแห่งชาติ
2566,นครราชสีมา,รายได้ทั้งสิ้นต่อเดือน,ลูกจ้าง,ผู้ปฏิบัติงานในกระบวนการผลิตก่อสร้างและเหมืองแร่,27790.00,บาท,,สำนักงานสถิติแห่งชาติ
2566,นครราชสีมา,รายได้ทั้งสิ้นต่อเดือน,ผู้ไม่ได้ปฏิบัติงานเชิงเศรษฐกิจ,ผู้ไม่ได้ปฏิบัติงานเชิงเศรษฐกิจ,18905.00,บาท,,สำนักงานสถิติแห่งชาติ
2566,นครราชสีมา,ค่าใช้จ่ายทั้งสิ้นต่อเดือน,รวมทั้งสิ้น,รวมทั้งสิ้น,21600.00,บาท,,สำนักงานสถิติแห่งชาติ
2566,นครราชสีมา,ค่าใช้จ่ายทั้งสิ้นต่อเดือน,ผู้ถือครองทำการเกษตร/เพาะเลี้ยง,ปลูกพืช/เลี้ยงสัตว์/เพาะเลี้ยง_ส่วนใหญ่เป็นเจ้าของที่ดิน,18859.00,บาท,,สำนักงานสถิติแห่งชาติ
2566,นครราชสีมา,ค่าใช้จ่ายทั้งสิ้นต่อเดือน,ผู้ถือครองทำการเกษตร/เพาะเลี้ยง,ปลูกพืช/เลี้ยงสัตว์/เพาะเลี้ยง_ส่วนใหญ่เช่าที่ดิน/ทำฟรี,20946.00,บาท,,สำนักงานสถิติแห่งชาติ
2566,นครราชสีมา,ค่าใช้จ่ายทั้งสิ้นต่อเดือน,ผู้ถือครองทำการเกษตร/เพาะเลี้ยง,ประมงป่าไม้ล่าสัตว์หาของป่าบริการทางการเกษตร,11762.00,บาท,,สำนักงานสถิติแห่งชาติ
2566,นครราชสีมา,ค่าใช้จ่ายทั้งสิ้นต่อเดือน,ผู้ประกอบธุรกิจของตนเองที่ไม่ใช่การเกษตร,ผู้ประกอบธุรกิจของตนเองที่ไม่ใช่การเกษตร,25391.00,บาท,,สำนักงานสถิติแห่งชาติ
2566,นครราชสีมา,ค่าใช้จ่ายทั้งสิ้นต่อเดือน,ลูกจ้าง,ผู้จัดการนักวิชาการและผู้ปฏิบัติงานวิชาชีพ,40299.00,บาท,,สำนักงานสถิติแห่งชาติ
2566,นครราชสีมา,ค่าใช้จ่ายทั้งสิ้นต่อเดือน,ลูกจ้าง,คนงานเกษตรป่าไม้และประมง,7501.00,บาท,,สำนักงานสถิติแห่งชาติ
2566,นครราชสีมา,ค่าใช้จ่ายทั้งสิ้นต่อเดือน,ลูกจ้าง,คนงานด้านการขนส่งและงานพื้นฐาน,21192.00,บาท,,สำนักงานสถิติแห่งชาติ
2566,นครราชสีมา,ค่าใช้จ่ายทั้งสิ้นต่อเดือน,ลูกจ้าง,เสมียนพนักงานขายและให้บริการ,22139.00,บาท,,สำนักงานสถิติแห่งชาติ
2566,นครราชสีมา,ค่าใช้จ่ายทั้งสิ้นต่อเดือน,ลูกจ้าง,ผู้ปฏิบัติงานในกระบวนการผลิตก่อสร้างและเหมืองแร่,24477.00,บาท,,สำนักงานสถิติแห่งชาติ
2566,นครราชสีมา,ค่าใช้จ่ายทั้งสิ้นต่อเดือน,ผู้ไม่ได้ปฏิบัติงานเชิงเศรษฐกิจ,ผู้ไม่ได้ปฏิบัติงานเชิงเศรษฐกิจ,14254.00,บาท,,สำนักงานสถิติแห่งชาติ
2566,นครราชสีมา,หนี้สินเฉลี่ยต่อครัวเรือนทั้งสิ้น,รวมทั้งสิ้น,รวมทั้งสิ้น,303257.00,บาท,,สำนักงานสถิติแห่งชาติ
2566,นครราชสีมา,หนี้สินเฉลี่ยต่อครัวเรือนทั้งสิ้น,ผู้ถือครองทำการเกษตร/เพาะเลี้ยง,ปลูกพืช/เลี้ยงสัตว์/เพาะเลี้ยง_ส่วนใหญ่เป็นเจ้าของที่ดิน,311862.00,บาท,,สำนักงานสถิติแห่งชาติ
2566,นครราชสีมา,หนี้สินเฉลี่ยต่อครัวเรือนทั้งสิ้น,ผู้ถือครองทำการเกษตร/เพาะเลี้ยง,ปลูกพืช/เลี้ยงสัตว์/เพาะเลี้ยง_ส่วนใหญ่เช่าที่ดิน/ทำฟรี,889151.00,บาท,,สำนักงานสถิติแห่งชาติ
2566,นครราชสีมา,หนี้สินเฉลี่ยต่อครัวเรือนทั้งสิ้น,ผู้ถือครองทำการเกษตร/เพาะเลี้ยง,ประมงป่าไม้ล่าสัตว์หาของป่าบริการทางการเกษตร,45537.00,บาท,,สำนักงานสถิติแห่งชาติ
2566,นครราชสีมา,หนี้สินเฉลี่ยต่อครัวเรือนทั้งสิ้น,ผู้ประกอบธุรกิจของตนเองที่ไม่ใช่การเกษตร,ผู้ประกอบธุรกิจของตนเองที่ไม่ใช่การเกษตร,333369.00,บาท,,สำนักงานสถิติแห่งชาติ
2566,นครราชสีมา,หนี้สินเฉลี่ยต่อครัวเรือนทั้งสิ้น,ลูกจ้าง,ผู้จัดการนักวิชาการและผู้ปฏิบัติงานวิชาชีพ,860135.00,บาท,,สำนักงานสถิติแห่งชาติ
2566,นครราชสีมา,หนี้สินเฉลี่ยต่อครัวเรือนทั้งสิ้น,ลูกจ้าง,คนงานเกษตรป่าไม้และประมง,.00,บาท,"ศูนย์ยกกำลังดับเบิลยู หมายถึง ข้อมูลจากการสำรวจตัวอย่างมีค่าเป็น 0",สำนักงานสถิติแห่งชาติ
2566,นครราชสีมา,หนี้สินเฉลี่ยต่อครัวเรือนทั้งสิ้น,ลูกจ้าง,คนงานด้านการขนส่งและงานพื้นฐาน,87596.00,บาท,,สำนักงานสถิติแห่งชาติ
2566,นครราชสีมา,หนี้สินเฉลี่ยต่อครัวเรือนทั้งสิ้น,ลูกจ้าง,เสมียนพนักงานขายและให้บริการ,300031.00,บาท,,สำนักงานสถิติแห่งชาติ
2566,นครราชสีมา,หนี้สินเฉลี่ยต่อครัวเรือนทั้งสิ้น,ลูกจ้าง,ผู้ปฏิบัติงานในกระบวนการผลิตก่อสร้างและเหมืองแร่,317774.00,บาท,,สำนักงานสถิติแห่งชาติ
2566,นครราชสีมา,หนี้สินเฉลี่ยต่อครัวเรือนทั้งสิ้น,ผู้ไม่ได้ปฏิบัติงานเชิงเศรษฐกิจ,ผู้ไม่ได้ปฏิบัติงานเชิงเศรษฐกิจ,100278.00,บาท,,สำนักงานสถิติแห่งชาติ
2566,นครราชสีมา,ร้อยละของค่าใช้จ่ายต่อรายได้,รวมทั้งสิ้น,รวมทั้งสิ้น,77.77,ร้อยละ,,สำนักงานสถิติแห่งชาติ
2566,นครราชสีมา,ร้อยละของค่าใช้จ่ายต่อรายได้,ผู้ถือครองทำการเกษตร/เพาะเลี้ยง,ปลูกพืช/เลี้ยงสัตว์/เพาะเลี้ยง_ส่วนใหญ่เป็นเจ้าของที่ดิน,76.06,ร้อยละ,,สำนักงานสถิติแห่งชาติ
2566,นครราชสีมา,ร้อยละของค่าใช้จ่ายต่อรายได้,ผู้ถือครองทำการเกษตร/เพาะเลี้ยง,ปลูกพืช/เลี้ยงสัตว์/เพาะเลี้ยง_ส่วนใหญ่เช่าที่ดิน/ทำฟรี,43.46,ร้อยละ,,สำนักงานสถิติแห่งชาติ
2566,นครราชสีมา,ร้อยละของค่าใช้จ่ายต่อรายได้,ผู้ถือครองทำการเกษตร/เพาะเลี้ยง,ประมงป่าไม้ล่าสัตว์หาของป่าบริการทางการเกษตร,103.39,ร้อยละ,,สำนักงานสถิติแห่งชาติ
2566,นครราชสีมา,ร้อยละของค่าใช้จ่ายต่อรายได้,ผู้ประกอบธุรกิจของตนเองที่ไม่ใช่การเกษตร,ผู้ประกอบธุรกิจของตนเองที่ไม่ใช่การเกษตร,85.79,ร้อยละ,,สำนักงานสถิติแห่งชาติ
2566,นครราชสีมา,ร้อยละของค่าใช้จ่ายต่อรายได้,ลูกจ้าง,ผู้จัดการนักวิชาการและผู้ปฏิบัติงานวิชาชีพ,66.41,ร้อยละ,,สำนักงานสถิติแห่งชาติ
2566,นครราชสีมา,ร้อยละของค่าใช้จ่ายต่อรายได้,ลูกจ้าง,คนงานเกษตรป่าไม้และประมง,63.06,ร้อยละ,,สำนักงานสถิติแห่งชาติ
2566,นครราชสีมา,ร้อยละของค่าใช้จ่ายต่อรายได้,ลูกจ้าง,คนงานด้านการขนส่งและงานพื้นฐาน,92.41,ร้อยละ,,สำนักงานสถิติแห่งชาติ
2566,นครราชสีมา,ร้อยละของค่าใช้จ่ายต่อรายได้,ลูกจ้าง,เสมียนพนักงานขายและให้บริการ,85.31,ร้อยละ,,สำนักงานสถิติแห่งชาติ
2566,นครราชสีมา,ร้อยละของค่าใช้จ่ายต่อรายได้,ลูกจ้าง,ผู้ปฏิบัติงานในกระบวนการผลิตก่อสร้างและเหมืองแร่,88.08,ร้อยละ,,สำนักงานสถิติแห่งชาติ
2566,นครราชสีมา,ร้อยละของค่าใช้จ่ายต่อรายได้,ผู้ไม่ได้ปฏิบัติงานเชิงเศรษฐกิจ,ผู้ไม่ได้ปฏิบัติงานเชิงเศรษฐกิจ,75.40,ร้อยละ,,สำนักงานสถิติแห่งชาติ
2566,บุรีรัมย์,รายได้ทั้งสิ้นต่อเดือน,รวมทั้งสิ้น,รวมทั้งสิ้น,21961.00,บาท,,สำนักงานสถิติแห่งชาติ
2566,บุรีรัมย์,รายได้ทั้งสิ้นต่อเดือน,ผู้ถือครองทำการเกษตร/เพาะเลี้ยง,ปลูกพืช/เลี้ยงสัตว์/เพาะเลี้ยง_ส่วนใหญ่เป็นเจ้าของที่ดิน,25179.00,บาท,,สำนักงานสถิติแห่งชาติ
2566,บุรีรัมย์,รายได้ทั้งสิ้นต่อเดือน,ผู้ถือครองทำการเกษตร/เพาะเลี้ยง,ปลูกพืช/เลี้ยงสัตว์/เพาะเลี้ยง_ส่วนใหญ่เช่าที่ดิน/ทำฟรี,21335.00,บาท,,สำนักงานสถิติแห่งชาติ
2566,บุรีรัมย์,รายได้ทั้งสิ้นต่อเดือน,ผู้ถือครองทำการเกษตร/เพาะเลี้ยง,ประมงป่าไม้ล่าสัตว์หาของป่าบริการทางการเกษตร,16149.00,บาท,,สำนักงานสถิติแห่งชาติ
2566,บุรีรัมย์,รายได้ทั้งสิ้นต่อเดือน,ผู้ประกอบธุรกิจของตนเองที่ไม่ใช่การเกษตร,ผู้ประกอบธุรกิจของตนเองที่ไม่ใช่การเกษตร,23966.00,บาท,,สำนักงานสถิติแห่งชาติ
2566,บุรีรัมย์,รายได้ทั้งสิ้นต่อเดือน,ลูกจ้าง,ผู้จัดการนักวิชาการและผู้ปฏิบัติงานวิชาชีพ,48282.00,บาท,,สำนักงานสถิติแห่งชาติ
2566,บุรีรัมย์,รายได้ทั้งสิ้นต่อเดือน,ลูกจ้าง,คนงานเกษตรป่าไม้และประมง,18319.00,บาท,,สำนักงานสถิติแห่งชาติ
2566,บุรีรัมย์,รายได้ทั้งสิ้นต่อเดือน,ลูกจ้าง,คนงานด้านการขนส่งและงานพื้นฐาน,20477.00,บาท,,สำนักงานสถิติแห่งชาติ
2566,บุรีรัมย์,รายได้ทั้งสิ้นต่อเดือน,ลูกจ้าง,เสมียนพนักงานขายและให้บริการ,26347.00,บาท,,สำนักงานสถิติแห่งชาติ
2566,บุรีรัมย์,รายได้ทั้งสิ้นต่อเดือน,ลูกจ้าง,ผู้ปฏิบัติงานในกระบวนการผลิตก่อสร้างและเหมืองแร่,17321.00,บาท,,สำนักงานสถิติแห่งชาติ
2566,บุรีรัมย์,รายได้ทั้งสิ้นต่อเดือน,ผู้ไม่ได้ปฏิบัติงานเชิงเศรษฐกิจ,ผู้ไม่ได้ปฏิบัติงานเชิงเศรษฐกิจ,16174.00,บาท,,สำนักงานสถิติแห่งชาติ
2566,บุรีรัมย์,ค่าใช้จ่ายทั้งสิ้นต่อเดือน,รวมทั้งสิ้น,รวมทั้งสิ้น,18798.00,บาท,,สำนักงานสถิติแห่งชาติ
2566,บุรีรัมย์,ค่าใช้จ่ายทั้งสิ้นต่อเดือน,ผู้ถือครองทำการเกษตร/เพาะเลี้ยง,ปลูกพืช/เลี้ยงสัตว์/เพาะเลี้ยง_ส่วนใหญ่เป็นเจ้าของที่ดิน,20790.00,บาท,,สำนักงานสถิติแห่งชาติ
2566,บุรีรัมย์,ค่าใช้จ่ายทั้งสิ้นต่อเดือน,ผู้ถือครองทำการเกษตร/เพาะเลี้ยง,ปลูกพืช/เลี้ยงสัตว์/เพาะเลี้ยง_ส่วนใหญ่เช่าที่ดิน/ทำฟรี,23109.00,บาท,,สำนักงานสถิติแห่งชาติ
2566,บุรีรัมย์,ค่าใช้จ่ายทั้งสิ้นต่อเดือน,ผู้ถือครองทำการเกษตร/เพาะเลี้ยง,ประมงป่าไม้ล่าสัตว์หาของป่าบริการทางการเกษตร,16100.00,บาท,,สำนักงานสถิติแห่งชาติ
2566,บุรีรัมย์,ค่าใช้จ่ายทั้งสิ้นต่อเดือน,ผู้ประกอบธุรกิจของตนเองที่ไม่ใช่การเกษตร,ผู้ประกอบธุรกิจของตนเองที่ไม่ใช่การเกษตร,20453.00,บาท,,สำนักงานสถิติแห่งชาติ
2566,บุรีรัมย์,ค่าใช้จ่ายทั้งสิ้นต่อเดือน,ลูกจ้าง,ผู้จัดการนักวิชาการและผู้ปฏิบัติงานวิชาชีพ,37530.00,บาท,,สำนักงานสถิติแห่งชาติ
2566,บุรีรัมย์,ค่าใช้จ่ายทั้งสิ้นต่อเดือน,ลูกจ้าง,คนงานเกษตรป่าไม้และประมง,14254.00,บาท,,สำนักงานสถิติแห่งชาติ
2566,บุรีรัมย์,ค่าใช้จ่ายทั้งสิ้นต่อเดือน,ลูกจ้าง,คนงานด้านการขนส่งและงานพื้นฐาน,16818.00,บาท,,สำนักงานสถิติแห่งชาติ
2566,บุรีรัมย์,ค่าใช้จ่ายทั้งสิ้นต่อเดือน,ลูกจ้าง,เสมียนพนักงานขายและให้บริการ,24509.00,บาท,,สำนักงานสถิติแห่งชาติ
2566,บุรีรัมย์,ค่าใช้จ่ายทั้งสิ้นต่อเดือน,ลูกจ้าง,ผู้ปฏิบัติงานในกระบวนการผลิตก่อสร้างและเหมืองแร่,17424.00,บาท,,สำนักงานสถิติแห่งชาติ
2566,บุรีรัมย์,ค่าใช้จ่ายทั้งสิ้นต่อเดือน,ผู้ไม่ได้ปฏิบัติงานเชิงเศรษฐกิจ,ผู้ไม่ได้ปฏิบัติงานเชิงเศรษฐกิจ,13726.00,บาท,,สำนักงานสถิติแห่งชาติ
2566,บุรีรัมย์,หนี้สินเฉลี่ยต่อครัวเรือนทั้งสิ้น,รวมทั้งสิ้น,รวมทั้งสิ้น,177744.00,บาท,,สำนักงานสถิติแห่งชาติ
2566,บุรีรัมย์,หนี้สินเฉลี่ยต่อครัวเรือนทั้งสิ้น,ผู้ถือครองทำการเกษตร/เพาะเลี้ยง,ปลูกพืช/เลี้ยงสัตว์/เพาะเลี้ยง_ส่วนใหญ่เป็นเจ้าของที่ดิน,257596.00,บาท,,สำนักงานสถิติแห่งชาติ
2566,บุรีรัมย์,หนี้สินเฉลี่ยต่อครัวเรือนทั้งสิ้น,ผู้ถือครองทำการเกษตร/เพาะเลี้ยง,ปลูกพืช/เลี้ยงสัตว์/เพาะเลี้ยง_ส่วนใหญ่เช่าที่ดิน/ทำฟรี,44891.00,บาท,,สำนักงานสถิติแห่งชาติ
2566,บุรีรัมย์,หนี้สินเฉลี่ยต่อครัวเรือนทั้งสิ้น,ผู้ถือครองทำการเกษตร/เพาะเลี้ยง,ประมงป่าไม้ล่าสัตว์หาของป่าบริการทางการเกษตร,240013.00,บาท,,สำนักงานสถิติแห่งชาติ
2566,บุรีรัมย์,หนี้สินเฉลี่ยต่อครัวเรือนทั้งสิ้น,ผู้ประกอบธุรกิจของตนเองที่ไม่ใช่การเกษตร,ผู้ประกอบธุรกิจของตนเองที่ไม่ใช่การเกษตร,193641.00,บาท,,สำนักงานสถิติแห่งชาติ
2566,บุรีรัมย์,หนี้สินเฉลี่ยต่อครัวเรือนทั้งสิ้น,ลูกจ้าง,ผู้จัดการนักวิชาการและผู้ปฏิบัติงานวิชาชีพ,652773.00,บาท,,สำนักงานสถิติแห่งชาติ
2566,บุรีรัมย์,หนี้สินเฉลี่ยต่อครัวเรือนทั้งสิ้น,ลูกจ้าง,คนงานเกษตรป่าไม้และประมง,40729.00,บาท,,สำนักงานสถิติแห่งชาติ
2566,บุรีรัมย์,หนี้สินเฉลี่ยต่อครัวเรือนทั้งสิ้น,ลูกจ้าง,คนงานด้านการขนส่งและงานพื้นฐาน,52804.00,บาท,,สำนักงานสถิติแห่งชาติ
2566,บุรีรัมย์,หนี้สินเฉลี่ยต่อครัวเรือนทั้งสิ้น,ลูกจ้าง,เสมียนพนักงานขายและให้บริการ,178970.00,บาท,,สำนักงานสถิติแห่งชาติ
2566,บุรีรัมย์,หนี้สินเฉลี่ยต่อครัวเรือนทั้งสิ้น,ลูกจ้าง,ผู้ปฏิบัติงานในกระบวนการผลิตก่อสร้างและเหมืองแร่,107519.00,บาท,,สำนักงานสถิติแห่งชาติ
2566,บุรีรัมย์,หนี้สินเฉลี่ยต่อครัวเรือนทั้งสิ้น,ผู้ไม่ได้ปฏิบัติงานเชิงเศรษฐกิจ,ผู้ไม่ได้ปฏิบัติงานเชิงเศรษฐกิจ,89077.00,บาท,,สำนักงานสถิติแห่งชาติ
2566,บุรีรัมย์,ร้อยละของค่าใช้จ่ายต่อรายได้,รวมทั้งสิ้น,รวมทั้งสิ้น,85.60,ร้อยละ,,สำนักงานสถิติแห่งชาติ
2566,บุรีรัมย์,ร้อยละของค่าใช้จ่ายต่อรายได้,ผู้ถือครองทำการเกษตร/เพาะเลี้ยง,ปลูกพืช/เลี้ยงสัตว์/เพาะเลี้ยง_ส่วนใหญ่เป็นเจ้าของที่ดิน,82.57,ร้อยละ,,สำนักงานสถิติแห่งชาติ
2566,บุรีรัมย์,ร้อยละของค่าใช้จ่ายต่อรายได้,ผู้ถือครองทำการเกษตร/เพาะเลี้ยง,ปลูกพืช/เลี้ยงสัตว์/เพาะเลี้ยง_ส่วนใหญ่เช่าที่ดิน/ทำฟรี,108.31,ร้อยละ,,สำนักงานสถิติแห่งชาติ
2566,บุรีรัมย์,ร้อยละของค่าใช้จ่ายต่อรายได้,ผู้ถือครองทำการเกษตร/เพาะเลี้ยง,ประมงป่าไม้ล่าสัตว์หาของป่าบริการทางการเกษตร,99.70,ร้อยละ,,สำนักงานสถิติแห่งชาติ
2566,บุรีรัมย์,ร้อยละของค่าใช้จ่ายต่อรายได้,ผู้ประกอบธุรกิจของตนเองที่ไม่ใช่การเกษตร,ผู้ประกอบธุรกิจของตนเองที่ไม่ใช่การเกษตร,85.34,ร้อยละ,,สำนักงานสถิติแห่งชาติ
2566,บุรีรัมย์,ร้อยละของค่าใช้จ่ายต่อรายได้,ลูกจ้าง,ผู้จัดการนักวิชาการและผู้ปฏิบัติงานวิชาชีพ,77.73,ร้อยละ,,สำนักงานสถิติแห่งชาติ
2566,บุรีรัมย์,ร้อยละของค่าใช้จ่ายต่อรายได้,ลูกจ้าง,คนงานเกษตรป่าไม้และประมง,77.81,ร้อยละ,,สำนักงานสถิติแห่งชาติ
2566,บุรีรัมย์,ร้อยละของค่าใช้จ่ายต่อรายได้,ลูกจ้าง,คนงานด้านการขนส่งและงานพื้นฐาน,82.13,ร้อยละ,,สำนักงานสถิติแห่งชาติ
2566,บุรีรัมย์,ร้อยละของค่าใช้จ่ายต่อรายได้,ลูกจ้าง,เสมียนพนักงานขายและให้บริการ,93.02,ร้อยละ,,สำนักงานสถิติแห่งชาติ
2566,บุรีรัมย์,ร้อยละของค่าใช้จ่ายต่อรายได้,ลูกจ้าง,ผู้ปฏิบัติงานในกระบวนการผลิตก่อสร้างและเหมืองแร่,100.60,ร้อยละ,,สำนักงานสถิติแห่งชาติ
2566,บุรีรัมย์,ร้อยละของค่าใช้จ่ายต่อรายได้,ผู้ไม่ได้ปฏิบัติงานเชิงเศรษฐกิจ,ผู้ไม่ได้ปฏิบัติงานเชิงเศรษฐกิจ,84.86,ร้อยละ,,สำนักงานสถิติแห่งชาติ
2566,สุรินทร์,รายได้ทั้งสิ้นต่อเดือน,รวมทั้งสิ้น,รวมทั้งสิ้น,22216.00,บาท,,สำนักงานสถิติแห่งชาติ
2566,สุรินทร์,รายได้ทั้งสิ้นต่อเดือน,ผู้ถือครองทำการเกษตร/เพาะเลี้ยง,ปลูกพืช/เลี้ยงสัตว์/เพาะเลี้ยง_ส่วนใหญ่เป็นเจ้าของที่ดิน,15374.00,บาท,,สำนักงานสถิติแห่งชาติ
2566,สุรินทร์,รายได้ทั้งสิ้นต่อเดือน,ผู้ถือครองทำการเกษตร/เพาะเลี้ยง,ปลูกพืช/เลี้ยงสัตว์/เพาะเลี้ยง_ส่วนใหญ่เช่าที่ดิน/ทำฟรี,27896.00,บาท,,สำนักงานสถิติแห่งชาติ
2566,สุรินทร์,รายได้ทั้งสิ้นต่อเดือน,ผู้ถือครองทำการเกษตร/เพาะเลี้ยง,ประมงป่าไม้ล่าสัตว์หาของป่าบริการทางการเกษตร,8460.00,บาท,,สำนักงานสถิติแห่งชาติ
2566,สุรินทร์,รายได้ทั้งสิ้นต่อเดือน,ผู้ประกอบธุรกิจของตนเองที่ไม่ใช่การเกษตร,ผู้ประกอบธุรกิจของตนเองที่ไม่ใช่การเกษตร,27946.00,บาท,,สำนักงานสถิติแห่งชาติ
2566,สุรินทร์,รายได้ทั้งสิ้นต่อเดือน,ลูกจ้าง,ผู้จัดการนักวิชาการและผู้ปฏิบัติงานวิชาชีพ,48863.00,บาท,,สำนักงานสถิติแห่งชาติ
2566,สุรินทร์,รายได้ทั้งสิ้นต่อเดือน,ลูกจ้าง,คนงานเกษตรป่าไม้และประมง,18043.00,บาท,,สำนักงานสถิติแห่งชาติ
2566,สุรินทร์,รายได้ทั้งสิ้นต่อเดือน,ลูกจ้าง,คนงานด้านการขนส่งและงานพื้นฐาน,24010.00,บาท,,สำนักงานสถิติแห่งชาติ
2566,สุรินทร์,รายได้ทั้งสิ้นต่อเดือน,ลูกจ้าง,เสมียนพนักงานขายและให้บริการ,23641.00,บาท,,สำนักงานสถิติแห่งชาติ
2566,สุรินทร์,รายได้ทั้งสิ้นต่อเดือน,ลูกจ้าง,ผู้ปฏิบัติงานในกระบวนการผลิตก่อสร้างและเหมืองแร่,17639.00,บาท,,สำนักงานสถิติแห่งชาติ
2566,สุรินทร์,รายได้ทั้งสิ้นต่อเดือน,ผู้ไม่ได้ปฏิบัติงานเชิงเศรษฐกิจ,ผู้ไม่ได้ปฏิบัติงานเชิงเศรษฐกิจ,16350.00,บาท,,สำนักงานสถิติแห่งชาติ
2566,สุรินทร์,ค่าใช้จ่ายทั้งสิ้นต่อเดือน,รวมทั้งสิ้น,รวมทั้งสิ้น,18282.00,บาท,,สำนักงานสถิติแห่งชาติ
2566,สุรินทร์,ค่าใช้จ่ายทั้งสิ้นต่อเดือน,ผู้ถือครองทำการเกษตร/เพาะเลี้ยง,ปลูกพืช/เลี้ยงสัตว์/เพาะเลี้ยง_ส่วนใหญ่เป็นเจ้าของที่ดิน,15560.00,บาท,,สำนักงานสถิติแห่งชาติ
2566,สุรินทร์,ค่าใช้จ่ายทั้งสิ้นต่อเดือน,ผู้ถือครองทำการเกษตร/เพาะเลี้ยง,ปลูกพืช/เลี้ยงสัตว์/เพาะเลี้ยง_ส่วนใหญ่เช่าที่ดิน/ทำฟรี,20536.00,บาท,,สำนักงานสถิติแห่งชาติ
2566,สุรินทร์,ค่าใช้จ่ายทั้งสิ้นต่อเดือน,ผู้ถือครองทำการเกษตร/เพาะเลี้ยง,ประมงป่าไม้ล่าสัตว์หาของป่าบริการทางการเกษตร,9171.00,บาท,,สำนักงานสถิติแห่งชาติ
2566,สุรินทร์,ค่าใช้จ่ายทั้งสิ้นต่อเดือน,ผู้ประกอบธุรกิจของตนเองที่ไม่ใช่การเกษตร,ผู้ประกอบธุรกิจของตนเองที่ไม่ใช่การเกษตร,22062.00,บาท,,สำนักงานสถิติแห่งชาติ
2566,สุรินทร์,ค่าใช้จ่ายทั้งสิ้นต่อเดือน,ลูกจ้าง,ผู้จัดการนักวิชาการและผู้ปฏิบัติงานวิชาชีพ,32541.00,บาท,,สำนักงานสถิติแห่งชาติ
2566,สุรินทร์,ค่าใช้จ่ายทั้งสิ้นต่อเดือน,ลูกจ้าง,คนงานเกษตรป่าไม้และประมง,20775.00,บาท,,สำนักงานสถิติแห่งชาติ
2566,สุรินทร์,ค่าใช้จ่ายทั้งสิ้นต่อเดือน,ลูกจ้าง,คนงานด้านการขนส่งและงานพื้นฐาน,18957.00,บาท,,สำนักงานสถิติแห่งชาติ
2566,สุรินทร์,ค่าใช้จ่ายทั้งสิ้นต่อเดือน,ลูกจ้าง,เสมียนพนักงานขายและให้บริการ,19157.00,บาท,,สำนักงานสถิติแห่งชาติ
2566,สุรินทร์,ค่าใช้จ่ายทั้งสิ้นต่อเดือน,ลูกจ้าง,ผู้ปฏิบัติงานในกระบวนการผลิตก่อสร้างและเหมืองแร่,14304.00,บาท,,สำนักงานสถิติแห่งชาติ
2566,สุรินทร์,ค่าใช้จ่ายทั้งสิ้นต่อเดือน,ผู้ไม่ได้ปฏิบัติงานเชิงเศรษฐกิจ,ผู้ไม่ได้ปฏิบัติงานเชิงเศรษฐกิจ,14840.00,บาท,,สำนักงานสถิติแห่งชาติ
2566,สุรินทร์,หนี้สินเฉลี่ยต่อครัวเรือนทั้งสิ้น,รวมทั้งสิ้น,รวมทั้งสิ้น,290152.00,บาท,,สำนักงานสถิติแห่งชาติ
2566,สุรินทร์,หนี้สินเฉลี่ยต่อครัวเรือนทั้งสิ้น,ผู้ถือครองทำการเกษตร/เพาะเลี้ยง,ปลูกพืช/เลี้ยงสัตว์/เพาะเลี้ยง_ส่วนใหญ่เป็นเจ้าของที่ดิน,266439.00,บาท,,สำนักงานสถิติแห่งชาติ
2566,สุรินทร์,หนี้สินเฉลี่ยต่อครัวเรือนทั้งสิ้น,ผู้ถือครองทำการเกษตร/เพาะเลี้ยง,ปลูกพืช/เลี้ยงสัตว์/เพาะเลี้ยง_ส่วนใหญ่เช่าที่ดิน/ทำฟรี,238332.00,บาท,,สำนักงานสถิติแห่งชาติ
2566,สุรินทร์,หนี้สินเฉลี่ยต่อครัวเรือนทั้งสิ้น,ผู้ถือครองทำการเกษตร/เพาะเลี้ยง,ประมงป่าไม้ล่าสัตว์หาของป่าบริการทางการเกษตร,38727.00,บาท,,สำนักงานสถิติแห่งชาติ
2566,สุรินทร์,หนี้สินเฉลี่ยต่อครัวเรือนทั้งสิ้น,ผู้ประกอบธุรกิจของตนเองที่ไม่ใช่การเกษตร,ผู้ประกอบธุรกิจของตนเองที่ไม่ใช่การเกษตร,326608.00,บาท,,สำนักงานสถิติแห่งชาติ
2566,สุรินทร์,หนี้สินเฉลี่ยต่อครัวเรือนทั้งสิ้น,ลูกจ้าง,ผู้จัดการนักวิชาการและผู้ปฏิบัติงานวิชาชีพ,839637.00,บาท,,สำนักงานสถิติแห่งชาติ
2566,สุรินทร์,หนี้สินเฉลี่ยต่อครัวเรือนทั้งสิ้น,ลูกจ้าง,คนงานเกษตรป่าไม้และประมง,123293.00,บาท,,สำนักงานสถิติแห่งชาติ
2566,สุรินทร์,หนี้สินเฉลี่ยต่อครัวเรือนทั้งสิ้น,ลูกจ้าง,คนงานด้านการขนส่งและงานพื้นฐาน,67798.00,บาท,,สำนักงานสถิติแห่งชาติ
2566,สุรินทร์,หนี้สินเฉลี่ยต่อครัวเรือนทั้งสิ้น,ลูกจ้าง,เสมียนพนักงานขายและให้บริการ,170334.00,บาท,,สำนักงานสถิติแห่งชาติ
2566,สุรินทร์,หนี้สินเฉลี่ยต่อครัวเรือนทั้งสิ้น,ลูกจ้าง,ผู้ปฏิบัติงานในกระบวนการผลิตก่อสร้างและเหมืองแร่,182076.00,บาท,,สำนักงานสถิติแห่งชาติ
2566,สุรินทร์,หนี้สินเฉลี่ยต่อครัวเรือนทั้งสิ้น,ผู้ไม่ได้ปฏิบัติงานเชิงเศรษฐกิจ,ผู้ไม่ได้ปฏิบัติงานเชิงเศรษฐกิจ,223781.00,บาท,,สำนักงานสถิติแห่งชาติ
2566,สุรินทร์,ร้อยละของค่าใช้จ่ายต่อรายได้,รวมทั้งสิ้น,รวมทั้งสิ้น,82.29,ร้อยละ,,สำนักงานสถิติแห่งชาติ
2566,สุรินทร์,ร้อยละของค่าใช้จ่ายต่อรายได้,ผู้ถือครองทำการเกษตร/เพาะเลี้ยง,ปลูกพืช/เลี้ยงสัตว์/เพาะเลี้ยง_ส่วนใหญ่เป็นเจ้าของที่ดิน,101.21,ร้อยละ,,สำนักงานสถิติแห่งชาติ
2566,สุรินทร์,ร้อยละของค่าใช้จ่ายต่อรายได้,ผู้ถือครองทำการเกษตร/เพาะเลี้ยง,ปลูกพืช/เลี้ยงสัตว์/เพาะเลี้ยง_ส่วนใหญ่เช่าที่ดิน/ทำฟรี,73.62,ร้อยละ,,สำนักงานสถิติแห่งชาติ
2566,สุรินทร์,ร้อยละของค่าใช้จ่ายต่อรายได้,ผู้ถือครองทำการเกษตร/เพาะเลี้ยง,ประมงป่าไม้ล่าสัตว์หาของป่าบริการทางการเกษตร,108.40,ร้อยละ,,สำนักงานสถิติแห่งชาติ
2566,สุรินทร์,ร้อยละของค่าใช้จ่ายต่อรายได้,ผู้ประกอบธุรกิจของตนเองที่ไม่ใช่การเกษตร,ผู้ประกอบธุรกิจของตนเองที่ไม่ใช่การเกษตร,78.95,ร้อยละ,,สำนักงานสถิติแห่งชาติ
2566,สุรินทร์,ร้อยละของค่าใช้จ่ายต่อรายได้,ลูกจ้าง,ผู้จัดการนักวิชาการและผู้ปฏิบัติงานวิชาชีพ,66.60,ร้อยละ,,สำนักงานสถิติแห่งชาติ
2566,สุรินทร์,ร้อยละของค่าใช้จ่ายต่อรายได้,ลูกจ้าง,คนงานเกษตรป่าไม้และประมง,115.14,ร้อยละ,,สำนักงานสถิติแห่งชาติ
2566,สุรินทร์,ร้อยละของค่าใช้จ่ายต่อรายได้,ลูกจ้าง,คนงานด้านการขนส่งและงานพื้นฐาน,78.96,ร้อยละ,,สำนักงานสถิติแห่งชาติ
2566,สุรินทร์,ร้อยละของค่าใช้จ่ายต่อรายได้,ลูกจ้าง,เสมียนพนักงานขายและให้บริการ,81.03,ร้อยละ,,สำนักงานสถิติแห่งชาติ
2566,สุรินทร์,ร้อยละของค่าใช้จ่ายต่อรายได้,ลูกจ้าง,ผู้ปฏิบัติงานในกระบวนการผลิตก่อสร้างและเหมืองแร่,81.09,ร้อยละ,,สำนักงานสถิติแห่งชาติ
2566,สุรินทร์,ร้อยละของค่าใช้จ่ายต่อรายได้,ผู้ไม่ได้ปฏิบัติงานเชิงเศรษฐกิจ,ผู้ไม่ได้ปฏิบัติงานเชิงเศรษฐกิจ,90.76,ร้อยละ,,สำนักงานสถิติแห่งชาติ
2566,ศรีสะเกษ,รายได้ทั้งสิ้นต่อเดือน,รวมทั้งสิ้น,รวมทั้งสิ้น,19858.00,บาท,,สำนักงานสถิติแห่งชาติ
2566,ศรีสะเกษ,รายได้ทั้งสิ้นต่อเดือน,ผู้ถือครองทำการเกษตร/เพาะเลี้ยง,ปลูกพืช/เลี้ยงสัตว์/เพาะเลี้ยง_ส่วนใหญ่เป็นเจ้าของที่ดิน,19187.00,บาท,,สำนักงานสถิติแห่งชาติ
2566,ศรีสะเกษ,รายได้ทั้งสิ้นต่อเดือน,ผู้ถือครองทำการเกษตร/เพาะเลี้ยง,ปลูกพืช/เลี้ยงสัตว์/เพาะเลี้ยง_ส่วนใหญ่เช่าที่ดิน/ทำฟรี,35866.00,บาท,,สำนักงานสถิติแห่งชาติ
2566,ศรีสะเกษ,รายได้ทั้งสิ้นต่อเดือน,ผู้ถือครองทำการเกษตร/เพาะเลี้ยง,ประมงป่าไม้ล่าสัตว์หาของป่าบริการทางการเกษตร,90406.00,บาท,,สำนักงานสถิติแห่งชาติ
2566,ศรีสะเกษ,รายได้ทั้งสิ้นต่อเดือน,ผู้ประกอบธุรกิจของตนเองที่ไม่ใช่การเกษตร,ผู้ประกอบธุรกิจของตนเองที่ไม่ใช่การเกษตร,26648.00,บาท,,สำนักงานสถิติแห่งชาติ
2566,ศรีสะเกษ,รายได้ทั้งสิ้นต่อเดือน,ลูกจ้าง,ผู้จัดการนักวิชาการและผู้ปฏิบัติงานวิชาชีพ,35627.00,บาท,,สำนักงานสถิติแห่งชาติ
2566,ศรีสะเกษ,รายได้ทั้งสิ้นต่อเดือน,ลูกจ้าง,คนงานเกษตรป่าไม้และประมง,13578.00,บาท,,สำนักงานสถิติแห่งชาติ
2566,ศรีสะเกษ,รายได้ทั้งสิ้นต่อเดือน,ลูกจ้าง,คนงานด้านการขนส่งและงานพื้นฐาน,15627.00,บาท,,สำนักงานสถิติแห่งชาติ
2566,ศรีสะเกษ,รายได้ทั้งสิ้นต่อเดือน,ลูกจ้าง,เสมียนพนักงานขายและให้บริการ,21783.00,บาท,,สำนักงานสถิติแห่งชาติ
2566,ศรีสะเกษ,รายได้ทั้งสิ้นต่อเดือน,ลูกจ้าง,ผู้ปฏิบัติงานในกระบวนการผลิตก่อสร้างและเหมืองแร่,17244.00,บาท,,สำนักงานสถิติแห่งชาติ
2566,ศรีสะเกษ,รายได้ทั้งสิ้นต่อเดือน,ผู้ไม่ได้ปฏิบัติงานเชิงเศรษฐกิจ,ผู้ไม่ได้ปฏิบัติงานเชิงเศรษฐกิจ,13767.00,บาท,,สำนักงานสถิติแห่งชาติ
2566,ศรีสะเกษ,ค่าใช้จ่ายทั้งสิ้นต่อเดือน,รวมทั้งสิ้น,รวมทั้งสิ้น,17438.00,บาท,,สำนักงานสถิติแห่งชาติ
2566,ศรีสะเกษ,ค่าใช้จ่ายทั้งสิ้นต่อเดือน,ผู้ถือครองทำการเกษตร/เพาะเลี้ยง,ปลูกพืช/เลี้ยงสัตว์/เพาะเลี้ยง_ส่วนใหญ่เป็นเจ้าของที่ดิน,14866.00,บาท,,สำนักงานสถิติแห่งชาติ
2566,ศรีสะเกษ,ค่าใช้จ่ายทั้งสิ้นต่อเดือน,ผู้ถือครองทำการเกษตร/เพาะเลี้ยง,ปลูกพืช/เลี้ยงสัตว์/เพาะเลี้ยง_ส่วนใหญ่เช่าที่ดิน/ทำฟรี,38995.00,บาท,,สำนักงานสถิติแห่งชาติ
2566,ศรีสะเกษ,ค่าใช้จ่ายทั้งสิ้นต่อเดือน,ผู้ถือครองทำการเกษตร/เพาะเลี้ยง,ประมงป่าไม้ล่าสัตว์หาของป่าบริการทางการเกษตร,42876.00,บาท,,สำนักงานสถิติแห่งชาติ
2566,ศรีสะเกษ,ค่าใช้จ่ายทั้งสิ้นต่อเดือน,ผู้ประกอบธุรกิจของตนเองที่ไม่ใช่การเกษตร,ผู้ประกอบธุรกิจของตนเองที่ไม่ใช่การเกษตร,24811.00,บาท,,สำนักงานสถิติแห่งชาติ
2566,ศรีสะเกษ,ค่าใช้จ่ายทั้งสิ้นต่อเดือน,ลูกจ้าง,ผู้จัดการนักวิชาการและผู้ปฏิบัติงานวิชาชีพ,27735.00,บาท,,สำนักงานสถิติแห่งชาติ
2566,ศรีสะเกษ,ค่าใช้จ่ายทั้งสิ้นต่อเดือน,ลูกจ้าง,คนงานเกษตรป่าไม้และประมง,14930.00,บาท,,สำนักงานสถิติแห่งชาติ
2566,ศรีสะเกษ,ค่าใช้จ่ายทั้งสิ้นต่อเดือน,ลูกจ้าง,คนงานด้านการขนส่งและงานพื้นฐาน,15462.00,บาท,,สำนักงานสถิติแห่งชาติ
2566,ศรีสะเกษ,ค่าใช้จ่ายทั้งสิ้นต่อเดือน,ลูกจ้าง,เสมียนพนักงานขายและให้บริการ,19383.00,บาท,,สำนักงานสถิติแห่งชาติ
2566,ศรีสะเกษ,ค่าใช้จ่ายทั้งสิ้นต่อเดือน,ลูกจ้าง,ผู้ปฏิบัติงานในกระบวนการผลิตก่อสร้างและเหมืองแร่,15388.00,บาท,,สำนักงานสถิติแห่งชาติ
2566,ศรีสะเกษ,ค่าใช้จ่ายทั้งสิ้นต่อเดือน,ผู้ไม่ได้ปฏิบัติงานเชิงเศรษฐกิจ,ผู้ไม่ได้ปฏิบัติงานเชิงเศรษฐกิจ,12959.00,บาท,,สำนักงานสถิติแห่งชาติ
2566,ศรีสะเกษ,หนี้สินเฉลี่ยต่อครัวเรือนทั้งสิ้น,รวมทั้งสิ้น,รวมทั้งสิ้น,238414.00,บาท,,สำนักงานสถิติแห่งชาติ
2566,ศรีสะเกษ,หนี้สินเฉลี่ยต่อครัวเรือนทั้งสิ้น,ผู้ถือครองทำการเกษตร/เพาะเลี้ยง,ปลูกพืช/เลี้ยงสัตว์/เพาะเลี้ยง_ส่วนใหญ่เป็นเจ้าของที่ดิน,197852.00,บาท,,สำนักงานสถิติแห่งชาติ
2566,ศรีสะเกษ,หนี้สินเฉลี่ยต่อครัวเรือนทั้งสิ้น,ผู้ถือครองทำการเกษตร/เพาะเลี้ยง,ปลูกพืช/เลี้ยงสัตว์/เพาะเลี้ยง_ส่วนใหญ่เช่าที่ดิน/ทำฟรี,228000.00,บาท,,สำนักงานสถิติแห่งชาติ
2566,ศรีสะเกษ,หนี้สินเฉลี่ยต่อครัวเรือนทั้งสิ้น,ผู้ถือครองทำการเกษตร/เพาะเลี้ยง,ประมงป่าไม้ล่าสัตว์หาของป่าบริการทางการเกษตร,770000.00,บาท,,สำนักงานสถิติแห่งชาติ
2566,ศรีสะเกษ,หนี้สินเฉลี่ยต่อครัวเรือนทั้งสิ้น,ผู้ประกอบธุรกิจของตนเองที่ไม่ใช่การเกษตร,ผู้ประกอบธุรกิจของตนเองที่ไม่ใช่การเกษตร,403302.00,บาท,,สำนักงานสถิติแห่งชาติ
2566,ศรีสะเกษ,หนี้สินเฉลี่ยต่อครัวเรือนทั้งสิ้น,ลูกจ้าง,ผู้จัดการนักวิชาการและผู้ปฏิบัติงานวิชาชีพ,677841.00,บาท,,สำนักงานสถิติแห่งชาติ
2566,ศรีสะเกษ,หนี้สินเฉลี่ยต่อครัวเรือนทั้งสิ้น,ลูกจ้าง,คนงานเกษตรป่าไม้และประมง,95749.00,บาท,,สำนักงานสถิติแห่งชาติ
2566,ศรีสะเกษ,หนี้สินเฉลี่ยต่อครัวเรือนทั้งสิ้น,ลูกจ้าง,คนงานด้านการขนส่งและงานพื้นฐาน,22203.00,บาท,,สำนักงานสถิติแห่งชาติ
2566,ศรีสะเกษ,หนี้สินเฉลี่ยต่อครัวเรือนทั้งสิ้น,ลูกจ้าง,เสมียนพนักงานขายและให้บริการ,209839.00,บาท,,สำนักงานสถิติแห่งชาติ
2566,ศรีสะเกษ,หนี้สินเฉลี่ยต่อครัวเรือนทั้งสิ้น,ลูกจ้าง,ผู้ปฏิบัติงานในกระบวนการผลิตก่อสร้างและเหมืองแร่,102318.00,บาท,,สำนักงานสถิติแห่งชาติ
2566,ศรีสะเกษ,หนี้สินเฉลี่ยต่อครัวเรือนทั้งสิ้น,ผู้ไม่ได้ปฏิบัติงานเชิงเศรษฐกิจ,ผู้ไม่ได้ปฏิบัติงานเชิงเศรษฐกิจ,120513.00,บาท,,สำนักงานสถิติแห่งชาติ
2566,ศรีสะเกษ,ร้อยละของค่าใช้จ่ายต่อรายได้,รวมทั้งสิ้น,รวมทั้งสิ้น,87.81,ร้อยละ,,สำนักงานสถิติแห่งชาติ
2566,ศรีสะเกษ,ร้อยละของค่าใช้จ่ายต่อรายได้,ผู้ถือครองทำการเกษตร/เพาะเลี้ยง,ปลูกพืช/เลี้ยงสัตว์/เพาะเลี้ยง_ส่วนใหญ่เป็นเจ้าของที่ดิน,77.48,ร้อยละ,,สำนักงานสถิติแห่งชาติ
2566,ศรีสะเกษ,ร้อยละของค่าใช้จ่ายต่อรายได้,ผู้ถือครองทำการเกษตร/เพาะเลี้ยง,ปลูกพืช/เลี้ยงสัตว์/เพาะเลี้ยง_ส่วนใหญ่เช่าที่ดิน/ทำฟรี,108.72,ร้อยละ,,สำนักงานสถิติแห่งชาติ
2566,ศรีสะเกษ,ร้อยละของค่าใช้จ่ายต่อรายได้,ผู้ถือครองทำการเกษตร/เพาะเลี้ยง,ประมงป่าไม้ล่าสัตว์หาของป่าบริการทางการเกษตร,47.43,ร้อยละ,,สำนักงานสถิติแห่งชาติ
2566,ศรีสะเกษ,ร้อยละของค่าใช้จ่ายต่อรายได้,ผู้ประกอบธุรกิจของตนเองที่ไม่ใช่การเกษตร,ผู้ประกอบธุรกิจของตนเองที่ไม่ใช่การเกษตร,93.11,ร้อยละ,,สำนักงานสถิติแห่งชาติ
2566,ศรีสะเกษ,ร้อยละของค่าใช้จ่ายต่อรายได้,ลูกจ้าง,ผู้จัดการนักวิชาการและผู้ปฏิบัติงานวิชาชีพ,77.85,ร้อยละ,,สำนักงานสถิติแห่งชาติ
2566,ศรีสะเกษ,ร้อยละของค่าใช้จ่ายต่อรายได้,ลูกจ้าง,คนงานเกษตรป่าไม้และประมง,109.96,ร้อยละ,,สำนักงานสถิติแห่งชาติ
2566,ศรีสะเกษ,ร้อยละของค่าใช้จ่ายต่อรายได้,ลูกจ้าง,คนงานด้านการขนส่งและงานพื้นฐาน,98.94,ร้อยละ,,สำนักงานสถิติแห่งชาติ
2566,ศรีสะเกษ,ร้อยละของค่าใช้จ่ายต่อรายได้,ลูกจ้าง,เสมียนพนักงานขายและให้บริการ,88.98,ร้อยละ,,สำนักงานสถิติแห่งชาติ
2566,ศรีสะเกษ,ร้อยละของค่าใช้จ่ายต่อรายได้,ลูกจ้าง,ผู้ปฏิบัติงานในกระบวนการผลิตก่อสร้างและเหมืองแร่,89.24,ร้อยละ,,สำนักงานสถิติแห่งชาติ
2566,ศรีสะเกษ,ร้อยละของค่าใช้จ่ายต่อรายได้,ผู้ไม่ได้ปฏิบัติงานเชิงเศรษฐกิจ,ผู้ไม่ได้ปฏิบัติงานเชิงเศรษฐกิจ,94.13,ร้อยละ,,สำนักงานสถิติแห่งชาติ
2566,อุบลราชธานี,รายได้ทั้งสิ้นต่อเดือน,รวมทั้งสิ้น,รวมทั้งสิ้น,20317.00,บาท,,สำนักงานสถิติแห่งชาติ
2566,อุบลราชธานี,รายได้ทั้งสิ้นต่อเดือน,ผู้ถือครองทำการเกษตร/เพาะเลี้ยง,ปลูกพืช/เลี้ยงสัตว์/เพาะเลี้ยง_ส่วนใหญ่เป็นเจ้าของที่ดิน,14638.00,บาท,,สำนักงานสถิติแห่งชาติ
2566,อุบลราชธานี,รายได้ทั้งสิ้นต่อเดือน,ผู้ถือครองทำการเกษตร/เพาะเลี้ยง,ปลูกพืช/เลี้ยงสัตว์/เพาะเลี้ยง_ส่วนใหญ่เช่าที่ดิน/ทำฟรี,26711.00,บาท,,สำนักงานสถิติแห่งชาติ
2566,อุบลราชธานี,รายได้ทั้งสิ้นต่อเดือน,ผู้ถือครองทำการเกษตร/เพาะเลี้ยง,ประมงป่าไม้ล่าสัตว์หาของป่าบริการทางการเกษตร,30399.00,บาท,,สำนักงานสถิติแห่งชาติ
2566,อุบลราชธานี,รายได้ทั้งสิ้นต่อเดือน,ผู้ประกอบธุรกิจของตนเองที่ไม่ใช่การเกษตร,ผู้ประกอบธุรกิจของตนเองที่ไม่ใช่การเกษตร,25208.00,บาท,,สำนักงานสถิติแห่งชาติ
2566,อุบลราชธานี,รายได้ทั้งสิ้นต่อเดือน,ลูกจ้าง,ผู้จัดการนักวิชาการและผู้ปฏิบัติงานวิชาชีพ,46517.00,บาท,,สำนักงานสถิติแห่งชาติ
2566,อุบลราชธานี,รายได้ทั้งสิ้นต่อเดือน,ลูกจ้าง,คนงานเกษตรป่าไม้และประมง,11445.00,บาท,,สำนักงานสถิติแห่งชาติ
2566,อุบลราชธานี,รายได้ทั้งสิ้นต่อเดือน,ลูกจ้าง,คนงานด้านการขนส่งและงานพื้นฐาน,13343.00,บาท,,สำนักงานสถิติแห่งชาติ
2566,อุบลราชธานี,รายได้ทั้งสิ้นต่อเดือน,ลูกจ้าง,เสมียนพนักงานขายและให้บริการ,24693.00,บาท,,สำนักงานสถิติแห่งชาติ
2566,อุบลราชธานี,รายได้ทั้งสิ้นต่อเดือน,ลูกจ้าง,ผู้ปฏิบัติงานในกระบวนการผลิตก่อสร้างและเหมืองแร่,17157.00,บาท,,สำนักงานสถิติแห่งชาติ
2566,อุบลราชธานี,รายได้ทั้งสิ้นต่อเดือน,ผู้ไม่ได้ปฏิบัติงานเชิงเศรษฐกิจ,ผู้ไม่ได้ปฏิบัติงานเชิงเศรษฐกิจ,15730.00,บาท,,สำนักงานสถิติแห่งชาติ
2566,อุบลราชธานี,ค่าใช้จ่ายทั้งสิ้นต่อเดือน,รวมทั้งสิ้น,รวมทั้งสิ้น,15750.00,บาท,,สำนักงานสถิติแห่งชาติ
2566,อุบลราชธานี,ค่าใช้จ่ายทั้งสิ้นต่อเดือน,ผู้ถือครองทำการเกษตร/เพาะเลี้ยง,ปลูกพืช/เลี้ยงสัตว์/เพาะเลี้ยง_ส่วนใหญ่เป็นเจ้าของที่ดิน,14471.00,บาท,,สำนักงานสถิติแห่งชาติ
2566,อุบลราชธานี,ค่าใช้จ่ายทั้งสิ้นต่อเดือน,ผู้ถือครองทำการเกษตร/เพาะเลี้ยง,ปลูกพืช/เลี้ยงสัตว์/เพาะเลี้ยง_ส่วนใหญ่เช่าที่ดิน/ทำฟรี,15886.00,บาท,,สำนักงานสถิติแห่งชาติ
2566,อุบลราชธานี,ค่าใช้จ่ายทั้งสิ้นต่อเดือน,ผู้ถือครองทำการเกษตร/เพาะเลี้ยง,ประมงป่าไม้ล่าสัตว์หาของป่าบริการทางการเกษตร,16187.00,บาท,,สำนักงานสถิติแห่งชาติ
2566,อุบลราชธานี,ค่าใช้จ่ายทั้งสิ้นต่อเดือน,ผู้ประกอบธุรกิจของตนเองที่ไม่ใช่การเกษตร,ผู้ประกอบธุรกิจของตนเองที่ไม่ใช่การเกษตร,18408.00,บาท,,สำนักงานสถิติแห่งชาติ
2566,อุบลราชธานี,ค่าใช้จ่ายทั้งสิ้นต่อเดือน,ลูกจ้าง,ผู้จัดการนักวิชาการและผู้ปฏิบัติงานวิชาชีพ,27195.00,บาท,,สำนักงานสถิติแห่งชาติ
2566,อุบลราชธานี,ค่าใช้จ่ายทั้งสิ้นต่อเดือน,ลูกจ้าง,คนงานเกษตรป่าไม้และประมง,13924.00,บาท,,สำนักงานสถิติแห่งชาติ
2566,อุบลราชธานี,ค่าใช้จ่ายทั้งสิ้นต่อเดือน,ลูกจ้าง,คนงานด้านการขนส่งและงานพื้นฐาน,10737.00,บาท,,สำนักงานสถิติแห่งชาติ
2566,อุบลราชธานี,ค่าใช้จ่ายทั้งสิ้นต่อเดือน,ลูกจ้าง,เสมียนพนักงานขายและให้บริการ,20514.00,บาท,,สำนักงานสถิติแห่งชาติ
2566,อุบลราชธานี,ค่าใช้จ่ายทั้งสิ้นต่อเดือน,ลูกจ้าง,ผู้ปฏิบัติงานในกระบวนการผลิตก่อสร้างและเหมืองแร่,13773.00,บาท,,สำนักงานสถิติแห่งชาติ
2566,อุบลราชธานี,ค่าใช้จ่ายทั้งสิ้นต่อเดือน,ผู้ไม่ได้ปฏิบัติงานเชิงเศรษฐกิจ,ผู้ไม่ได้ปฏิบัติงานเชิงเศรษฐกิจ,12629.00,บาท,,สำนักงานสถิติแห่งชาติ
2566,อุบลราชธานี,หนี้สินเฉลี่ยต่อครัวเรือนทั้งสิ้น,รวมทั้งสิ้น,รวมทั้งสิ้น,202806.00,บาท,,สำนักงานสถิติแห่งชาติ
2566,อุบลราชธานี,หนี้สินเฉลี่ยต่อครัวเรือนทั้งสิ้น,ผู้ถือครองทำการเกษตร/เพาะเลี้ยง,ปลูกพืช/เลี้ยงสัตว์/เพาะเลี้ยง_ส่วนใหญ่เป็นเจ้าของที่ดิน,236469.00,บาท,,สำนักงานสถิติแห่งชาติ
2566,อุบลราชธานี,หนี้สินเฉลี่ยต่อครัวเรือนทั้งสิ้น,ผู้ถือครองทำการเกษตร/เพาะเลี้ยง,ปลูกพืช/เลี้ยงสัตว์/เพาะเลี้ยง_ส่วนใหญ่เช่าที่ดิน/ทำฟรี,299162.00,บาท,,สำนักงานสถิติแห่งชาติ
2566,อุบลราชธานี,หนี้สินเฉลี่ยต่อครัวเรือนทั้งสิ้น,ผู้ถือครองทำการเกษตร/เพาะเลี้ยง,ประมงป่าไม้ล่าสัตว์หาของป่าบริการทางการเกษตร,505368.00,บาท,,สำนักงานสถิติแห่งชาติ
2566,อุบลราชธานี,หนี้สินเฉลี่ยต่อครัวเรือนทั้งสิ้น,ผู้ประกอบธุรกิจของตนเองที่ไม่ใช่การเกษตร,ผู้ประกอบธุรกิจของตนเองที่ไม่ใช่การเกษตร,225166.00,บาท,,สำนักงานสถิติแห่งชาติ
2566,อุบลราชธานี,หนี้สินเฉลี่ยต่อครัวเรือนทั้งสิ้น,ลูกจ้าง,ผู้จัดการนักวิชาการและผู้ปฏิบัติงานวิชาชีพ,602984.00,บาท,,สำนักงานสถิติแห่งชาติ
2566,อุบลราชธานี,หนี้สินเฉลี่ยต่อครัวเรือนทั้งสิ้น,ลูกจ้าง,คนงานเกษตรป่าไม้และประมง,26055.00,บาท,,สำนักงานสถิติแห่งชาติ
2566,อุบลราชธานี,หนี้สินเฉลี่ยต่อครัวเรือนทั้งสิ้น,ลูกจ้าง,คนงานด้านการขนส่งและงานพื้นฐาน,52556.00,บาท,,สำนักงานสถิติแห่งชาติ
2566,อุบลราชธานี,หนี้สินเฉลี่ยต่อครัวเรือนทั้งสิ้น,ลูกจ้าง,เสมียนพนักงานขายและให้บริการ,201007.00,บาท,,สำนักงานสถิติแห่งชาติ
2566,อุบลราชธานี,หนี้สินเฉลี่ยต่อครัวเรือนทั้งสิ้น,ลูกจ้าง,ผู้ปฏิบัติงานในกระบวนการผลิตก่อสร้างและเหมืองแร่,71163.00,บาท,,สำนักงานสถิติแห่งชาติ
2566,อุบลราชธานี,หนี้สินเฉลี่ยต่อครัวเรือนทั้งสิ้น,ผู้ไม่ได้ปฏิบัติงานเชิงเศรษฐกิจ,ผู้ไม่ได้ปฏิบัติงานเชิงเศรษฐกิจ,119973.00,บาท,,สำนักงานสถิติแห่งชาติ
2566,อุบลราชธานี,ร้อยละของค่าใช้จ่ายต่อรายได้,รวมทั้งสิ้น,รวมทั้งสิ้น,77.52,ร้อยละ,,สำนักงานสถิติแห่งชาติ
2566,อุบลราชธานี,ร้อยละของค่าใช้จ่ายต่อรายได้,ผู้ถือครองทำการเกษตร/เพาะเลี้ยง,ปลูกพืช/เลี้ยงสัตว์/เพาะเลี้ยง_ส่วนใหญ่เป็นเจ้าของที่ดิน,98.86,ร้อยละ,,สำนักงานสถิติแห่งชาติ
2566,อุบลราชธานี,ร้อยละของค่าใช้จ่ายต่อรายได้,ผู้ถือครองทำการเกษตร/เพาะเลี้ยง,ปลูกพืช/เลี้ยงสัตว์/เพาะเลี้ยง_ส่วนใหญ่เช่าที่ดิน/ทำฟรี,59.47,ร้อยละ,,สำนักงานสถิติแห่งชาติ
2566,อุบลราชธานี,ร้อยละของค่าใช้จ่ายต่อรายได้,ผู้ถือครองทำการเกษตร/เพาะเลี้ยง,ประมงป่าไม้ล่าสัตว์หาของป่าบริการทางการเกษตร,53.25,ร้อยละ,,สำนักงานสถิติแห่งชาติ
2566,อุบลราชธานี,ร้อยละของค่าใช้จ่ายต่อรายได้,ผู้ประกอบธุรกิจของตนเองที่ไม่ใช่การเกษตร,ผู้ประกอบธุรกิจของตนเองที่ไม่ใช่การเกษตร,73.02,ร้อยละ,,สำนักงานสถิติแห่งชาติ
2566,อุบลราชธานี,ร้อยละของค่าใช้จ่ายต่อรายได้,ลูกจ้าง,ผู้จัดการนักวิชาการและผู้ปฏิบัติงานวิชาชีพ,58.46,ร้อยละ,,สำนักงานสถิติแห่งชาติ
2566,อุบลราชธานี,ร้อยละของค่าใช้จ่ายต่อรายได้,ลูกจ้าง,คนงานเกษตรป่าไม้และประมง,121.66,ร้อยละ,,สำนักงานสถิติแห่งชาติ
2566,อุบลราชธานี,ร้อยละของค่าใช้จ่ายต่อรายได้,ลูกจ้าง,คนงานด้านการขนส่งและงานพื้นฐาน,80.47,ร้อยละ,,สำนักงานสถิติแห่งชาติ
2566,อุบลราชธานี,ร้อยละของค่าใช้จ่ายต่อรายได้,ลูกจ้าง,เสมียนพนักงานขายและให้บริการ,83.08,ร้อยละ,,สำนักงานสถิติแห่งชาติ
2566,อุบลราชธานี,ร้อยละของค่าใช้จ่ายต่อรายได้,ลูกจ้าง,ผู้ปฏิบัติงานในกระบวนการผลิตก่อสร้างและเหมืองแร่,80.27,ร้อยละ,,สำนักงานสถิติแห่งชาติ
2566,อุบลราชธานี,ร้อยละของค่าใช้จ่ายต่อรายได้,ผู้ไม่ได้ปฏิบัติงานเชิงเศรษฐกิจ,ผู้ไม่ได้ปฏิบัติงานเชิงเศรษฐกิจ,80.29,ร้อยละ,,สำนักงานสถิติแห่งชาติ
2566,ยโสธร,รายได้ทั้งสิ้นต่อเดือน,รวมทั้งสิ้น,รวมทั้งสิ้น,24439.00,บาท,,สำนักงานสถิติแห่งชาติ
2566,ยโสธร,รายได้ทั้งสิ้นต่อเดือน,ผู้ถือครองทำการเกษตร/เพาะเลี้ยง,ปลูกพืช/เลี้ยงสัตว์/เพาะเลี้ยง_ส่วนใหญ่เป็นเจ้าของที่ดิน,20751.00,บาท,,สำนักงานสถิติแห่งชาติ
2566,ยโสธร,รายได้ทั้งสิ้นต่อเดือน,ผู้ถือครองทำการเกษตร/เพาะเลี้ยง,ปลูกพืช/เลี้ยงสัตว์/เพาะเลี้ยง_ส่วนใหญ่เช่าที่ดิน/ทำฟรี,.00,บาท,"ศูนย์ยกกำลังดับเบิลยู หมายถึง ข้อมูลจากการสำรวจตัวอย่างมีค่าเป็น 0",สำนักงานสถิติแห่งชาติ
2566,ยโสธร,รายได้ทั้งสิ้นต่อเดือน,ผู้ถือครองทำการเกษตร/เพาะเลี้ยง,ประมงป่าไม้ล่าสัตว์หาของป่าบริการทางการเกษตร,16233.00,บาท,,สำนักงานสถิติแห่งชาติ
2566,ยโสธร,รายได้ทั้งสิ้นต่อเดือน,ผู้ประกอบธุรกิจของตนเองที่ไม่ใช่การเกษตร,ผู้ประกอบธุรกิจของตนเองที่ไม่ใช่การเกษตร,34506.00,บาท,,สำนักงานสถิติแห่งชาติ
2566,ยโสธร,รายได้ทั้งสิ้นต่อเดือน,ลูกจ้าง,ผู้จัดการนักวิชาการและผู้ปฏิบัติงานวิชาชีพ,77569.00,บาท,,สำนักงานสถิติแห่งชาติ
2566,ยโสธร,รายได้ทั้งสิ้นต่อเดือน,ลูกจ้าง,คนงานเกษตรป่าไม้และประมง,15932.00,บาท,,สำนักงานสถิติแห่งชาติ
2566,ยโสธร,รายได้ทั้งสิ้นต่อเดือน,ลูกจ้าง,คนงานด้านการขนส่งและงานพื้นฐาน,18483.00,บาท,,สำนักงานสถิติแห่งชาติ
2566,ยโสธร,รายได้ทั้งสิ้นต่อเดือน,ลูกจ้าง,เสมียนพนักงานขายและให้บริการ,23473.00,บาท,,สำนักงานสถิติแห่งชาติ
2566,ยโสธร,รายได้ทั้งสิ้นต่อเดือน,ลูกจ้าง,ผู้ปฏิบัติงานในกระบวนการผลิตก่อสร้างและเหมืองแร่,14920.00,บาท,,สำนักงานสถิติแห่งชาติ
2566,ยโสธร,รายได้ทั้งสิ้นต่อเดือน,ผู้ไม่ได้ปฏิบัติงานเชิงเศรษฐกิจ,ผู้ไม่ได้ปฏิบัติงานเชิงเศรษฐกิจ,16276.00,บาท,,สำนักงานสถิติแห่งชาติ
2566,ยโสธร,ค่าใช้จ่ายทั้งสิ้นต่อเดือน,รวมทั้งสิ้น,รวมทั้งสิ้น,18842.00,บาท,,สำนักงานสถิติแห่งชาติ
2566,ยโสธร,ค่าใช้จ่ายทั้งสิ้นต่อเดือน,ผู้ถือครองทำการเกษตร/เพาะเลี้ยง,ปลูกพืช/เลี้ยงสัตว์/เพาะเลี้ยง_ส่วนใหญ่เป็นเจ้าของที่ดิน,21434.00,บาท,,สำนักงานสถิติแห่งชาติ
2566,ยโสธร,ค่าใช้จ่ายทั้งสิ้นต่อเดือน,ผู้ถือครองทำการเกษตร/เพาะเลี้ยง,ปลูกพืช/เลี้ยงสัตว์/เพาะเลี้ยง_ส่วนใหญ่เช่าที่ดิน/ทำฟรี,.00,บาท,"ศูนย์ยกกำลังดับเบิลยู หมายถึง ข้อมูลจากการสำรวจตัวอย่างมีค่าเป็น 0",สำนักงานสถิติแห่งชาติ
2566,ยโสธร,ค่าใช้จ่ายทั้งสิ้นต่อเดือน,ผู้ถือครองทำการเกษตร/เพาะเลี้ยง,ประมงป่าไม้ล่าสัตว์หาของป่าบริการทางการเกษตร,16247.00,บาท,,สำนักงานสถิติแห่งชาติ
2566,ยโสธร,ค่าใช้จ่ายทั้งสิ้นต่อเดือน,ผู้ประกอบธุรกิจของตนเองที่ไม่ใช่การเกษตร,ผู้ประกอบธุรกิจของตนเองที่ไม่ใช่การเกษตร,23236.00,บาท,,สำนักงานสถิติแห่งชาติ
2566,ยโสธร,ค่าใช้จ่ายทั้งสิ้นต่อเดือน,ลูกจ้าง,ผู้จัดการนักวิชาการและผู้ปฏิบัติงานวิชาชีพ,39390.00,บาท,,สำนักงานสถิติแห่งชาติ
2566,ยโสธร,ค่าใช้จ่ายทั้งสิ้นต่อเดือน,ลูกจ้าง,คนงานเกษตรป่าไม้และประมง,15048.00,บาท,,สำนักงานสถิติแห่งชาติ
2566,ยโสธร,ค่าใช้จ่ายทั้งสิ้นต่อเดือน,ลูกจ้าง,คนงานด้านการขนส่งและงานพื้นฐาน,14638.00,บาท,,สำนักงานสถิติแห่งชาติ
2566,ยโสธร,ค่าใช้จ่ายทั้งสิ้นต่อเดือน,ลูกจ้าง,เสมียนพนักงานขายและให้บริการ,20508.00,บาท,,สำนักงานสถิติแห่งชาติ
2566,ยโสธร,ค่าใช้จ่ายทั้งสิ้นต่อเดือน,ลูกจ้าง,ผู้ปฏิบัติงานในกระบวนการผลิตก่อสร้างและเหมืองแร่,15322.00,บาท,,สำนักงานสถิติแห่งชาติ
2566,ยโสธร,ค่าใช้จ่ายทั้งสิ้นต่อเดือน,ผู้ไม่ได้ปฏิบัติงานเชิงเศรษฐกิจ,ผู้ไม่ได้ปฏิบัติงานเชิงเศรษฐกิจ,14120.00,บาท,,สำนักงานสถิติแห่งชาติ
2566,ยโสธร,หนี้สินเฉลี่ยต่อครัวเรือนทั้งสิ้น,รวมทั้งสิ้น,รวมทั้งสิ้น,167342.00,บาท,,สำนักงานสถิติแห่งชาติ
2566,ยโสธร,หนี้สินเฉลี่ยต่อครัวเรือนทั้งสิ้น,ผู้ถือครองทำการเกษตร/เพาะเลี้ยง,ปลูกพืช/เลี้ยงสัตว์/เพาะเลี้ยง_ส่วนใหญ่เป็นเจ้าของที่ดิน,118624.00,บาท,,สำนักงานสถิติแห่งชาติ
2566,ยโสธร,หนี้สินเฉลี่ยต่อครัวเรือนทั้งสิ้น,ผู้ถือครองทำการเกษตร/เพาะเลี้ยง,ปลูกพืช/เลี้ยงสัตว์/เพาะเลี้ยง_ส่วนใหญ่เช่าที่ดิน/ทำฟรี,.00,บาท,"ศูนย์ยกกำลังดับเบิลยู หมายถึง ข้อมูลจากการสำรวจตัวอย่างมีค่าเป็น 0",สำนักงานสถิติแห่งชาติ
2566,ยโสธร,หนี้สินเฉลี่ยต่อครัวเรือนทั้งสิ้น,ผู้ถือครองทำการเกษตร/เพาะเลี้ยง,ประมงป่าไม้ล่าสัตว์หาของป่าบริการทางการเกษตร,35110.00,บาท,,สำนักงานสถิติแห่งชาติ
2566,ยโสธร,หนี้สินเฉลี่ยต่อครัวเรือนทั้งสิ้น,ผู้ประกอบธุรกิจของตนเองที่ไม่ใช่การเกษตร,ผู้ประกอบธุรกิจของตนเองที่ไม่ใช่การเกษตร,300134.00,บาท,,สำนักงานสถิติแห่งชาติ
2566,ยโสธร,หนี้สินเฉลี่ยต่อครัวเรือนทั้งสิ้น,ลูกจ้าง,ผู้จัดการนักวิชาการและผู้ปฏิบัติงานวิชาชีพ,817774.00,บาท,,สำนักงานสถิติแห่งชาติ
2566,ยโสธร,หนี้สินเฉลี่ยต่อครัวเรือนทั้งสิ้น,ลูกจ้าง,คนงานเกษตรป่าไม้และประมง,50669.00,บาท,,สำนักงานสถิติแห่งชาติ
2566,ยโสธร,หนี้สินเฉลี่ยต่อครัวเรือนทั้งสิ้น,ลูกจ้าง,คนงานด้านการขนส่งและงานพื้นฐาน,19861.00,บาท,,สำนักงานสถิติแห่งชาติ
2566,ยโสธร,หนี้สินเฉลี่ยต่อครัวเรือนทั้งสิ้น,ลูกจ้าง,เสมียนพนักงานขายและให้บริการ,59637.00,บาท,,สำนักงานสถิติแห่งชาติ
2566,ยโสธร,หนี้สินเฉลี่ยต่อครัวเรือนทั้งสิ้น,ลูกจ้าง,ผู้ปฏิบัติงานในกระบวนการผลิตก่อสร้างและเหมืองแร่,41000.00,บาท,,สำนักงานสถิติแห่งชาติ
2566,ยโสธร,หนี้สินเฉลี่ยต่อครัวเรือนทั้งสิ้น,ผู้ไม่ได้ปฏิบัติงานเชิงเศรษฐกิจ,ผู้ไม่ได้ปฏิบัติงานเชิงเศรษฐกิจ,90811.00,บาท,,สำนักงานสถิติแห่งชาติ
2566,ยโสธร,ร้อยละของค่าใช้จ่ายต่อรายได้,รวมทั้งสิ้น,รวมทั้งสิ้น,77.10,ร้อยละ,,สำนักงานสถิติแห่งชาติ
2566,ยโสธร,ร้อยละของค่าใช้จ่ายต่อรายได้,ผู้ถือครองทำการเกษตร/เพาะเลี้ยง,ปลูกพืช/เลี้ยงสัตว์/เพาะเลี้ยง_ส่วนใหญ่เป็นเจ้าของที่ดิน,103.29,ร้อยละ,,สำนักงานสถิติแห่งชาติ
2566,ยโสธร,ร้อยละของค่าใช้จ่ายต่อรายได้,ผู้ถือครองทำการเกษตร/เพาะเลี้ยง,ปลูกพืช/เลี้ยงสัตว์/เพาะเลี้ยง_ส่วนใหญ่เช่าที่ดิน/ทำฟรี,.00,ร้อยละ,"ศูนย์จุดศูนย์ศูนย์ยกกำลังดับเบิลยู หมายถึง ข้อมูลจากการสำรวจตัวอย่างมีค่าเป็น 0",สำนักงานสถิติแห่งชาติ
2566,ยโสธร,ร้อยละของค่าใช้จ่ายต่อรายได้,ผู้ถือครองทำการเกษตร/เพาะเลี้ยง,ประมงป่าไม้ล่าสัตว์หาของป่าบริการทางการเกษตร,100.09,ร้อยละ,,สำนักงานสถิติแห่งชาติ
2566,ยโสธร,ร้อยละของค่าใช้จ่ายต่อรายได้,ผู้ประกอบธุรกิจของตนเองที่ไม่ใช่การเกษตร,ผู้ประกอบธุรกิจของตนเองที่ไม่ใช่การเกษตร,67.34,ร้อยละ,,สำนักงานสถิติแห่งชาติ
2566,ยโสธร,ร้อยละของค่าใช้จ่ายต่อรายได้,ลูกจ้าง,ผู้จัดการนักวิชาการและผู้ปฏิบัติงานวิชาชีพ,50.78,ร้อยละ,,สำนักงานสถิติแห่งชาติ
2566,ยโสธร,ร้อยละของค่าใช้จ่ายต่อรายได้,ลูกจ้าง,คนงานเกษตรป่าไม้และประมง,94.45,ร้อยละ,,สำนักงานสถิติแห่งชาติ
2566,ยโสธร,ร้อยละของค่าใช้จ่ายต่อรายได้,ลูกจ้าง,คนงานด้านการขนส่งและงานพื้นฐาน,79.20,ร้อยละ,,สำนักงานสถิติแห่งชาติ
2566,ยโสธร,ร้อยละของค่าใช้จ่ายต่อรายได้,ลูกจ้าง,เสมียนพนักงานขายและให้บริการ,87.37,ร้อยละ,,สำนักงานสถิติแห่งชาติ
2566,ยโสธร,ร้อยละของค่าใช้จ่ายต่อรายได้,ลูกจ้าง,ผู้ปฏิบัติงานในกระบวนการผลิตก่อสร้างและเหมืองแร่,102.69,ร้อยละ,,สำนักงานสถิติแห่งชาติ
2566,ยโสธร,ร้อยละของค่าใช้จ่ายต่อรายได้,ผู้ไม่ได้ปฏิบัติงานเชิงเศรษฐกิจ,ผู้ไม่ได้ปฏิบัติงานเชิงเศรษฐกิจ,86.75,ร้อยละ,,สำนักงานสถิติแห่งชาติ
2566,ชัยภูมิ,รายได้ทั้งสิ้นต่อเดือน,รวมทั้งสิ้น,รวมทั้งสิ้น,22778.00,บาท,,สำนักงานสถิติแห่งชาติ
2566,ชัยภูมิ,รายได้ทั้งสิ้นต่อเดือน,ผู้ถือครองทำการเกษตร/เพาะเลี้ยง,ปลูกพืช/เลี้ยงสัตว์/เพาะเลี้ยง_ส่วนใหญ่เป็นเจ้าของที่ดิน,30257.00,บาท,,สำนักงานสถิติแห่งชาติ
2566,ชัยภูมิ,รายได้ทั้งสิ้นต่อเดือน,ผู้ถือครองทำการเกษตร/เพาะเลี้ยง,ปลูกพืช/เลี้ยงสัตว์/เพาะเลี้ยง_ส่วนใหญ่เช่าที่ดิน/ทำฟรี,25368.00,บาท,,สำนักงานสถิติแห่งชาติ
2566,ชัยภูมิ,รายได้ทั้งสิ้นต่อเดือน,ผู้ถือครองทำการเกษตร/เพาะเลี้ยง,ประมงป่าไม้ล่าสัตว์หาของป่าบริการทางการเกษตร,22465.00,บาท,,สำนักงานสถิติแห่งชาติ
2566,ชัยภูมิ,รายได้ทั้งสิ้นต่อเดือน,ผู้ประกอบธุรกิจของตนเองที่ไม่ใช่การเกษตร,ผู้ประกอบธุรกิจของตนเองที่ไม่ใช่การเกษตร,35134.00,บาท,,สำนักงานสถิติแห่งชาติ
2566,ชัยภูมิ,รายได้ทั้งสิ้นต่อเดือน,ลูกจ้าง,ผู้จัดการนักวิชาการและผู้ปฏิบัติงานวิชาชีพ,49166.00,บาท,,สำนักงานสถิติแห่งชาติ
2566,ชัยภูมิ,รายได้ทั้งสิ้นต่อเดือน,ลูกจ้าง,คนงานเกษตรป่าไม้และประมง,12632.00,บาท,,สำนักงานสถิติแห่งชาติ
2566,ชัยภูมิ,รายได้ทั้งสิ้นต่อเดือน,ลูกจ้าง,คนงานด้านการขนส่งและงานพื้นฐาน,15729.00,บาท,,สำนักงานสถิติแห่งชาติ
2566,ชัยภูมิ,รายได้ทั้งสิ้นต่อเดือน,ลูกจ้าง,เสมียนพนักงานขายและให้บริการ,24037.00,บาท,,สำนักงานสถิติแห่งชาติ
2566,ชัยภูมิ,รายได้ทั้งสิ้นต่อเดือน,ลูกจ้าง,ผู้ปฏิบัติงานในกระบวนการผลิตก่อสร้างและเหมืองแร่,22169.00,บาท,,สำนักงานสถิติแห่งชาติ
2566,ชัยภูมิ,รายได้ทั้งสิ้นต่อเดือน,ผู้ไม่ได้ปฏิบัติงานเชิงเศรษฐกิจ,ผู้ไม่ได้ปฏิบัติงานเชิงเศรษฐกิจ,17148.00,บาท,,สำนักงานสถิติแห่งชาติ
2566,ชัยภูมิ,ค่าใช้จ่ายทั้งสิ้นต่อเดือน,รวมทั้งสิ้น,รวมทั้งสิ้น,17473.00,บาท,,สำนักงานสถิติแห่งชาติ
2566,ชัยภูมิ,ค่าใช้จ่ายทั้งสิ้นต่อเดือน,ผู้ถือครองทำการเกษตร/เพาะเลี้ยง,ปลูกพืช/เลี้ยงสัตว์/เพาะเลี้ยง_ส่วนใหญ่เป็นเจ้าของที่ดิน,16895.00,บาท,,สำนักงานสถิติแห่งชาติ
2566,ชัยภูมิ,ค่าใช้จ่ายทั้งสิ้นต่อเดือน,ผู้ถือครองทำการเกษตร/เพาะเลี้ยง,ปลูกพืช/เลี้ยงสัตว์/เพาะเลี้ยง_ส่วนใหญ่เช่าที่ดิน/ทำฟรี,21804.00,บาท,,สำนักงานสถิติแห่งชาติ
2566,ชัยภูมิ,ค่าใช้จ่ายทั้งสิ้นต่อเดือน,ผู้ถือครองทำการเกษตร/เพาะเลี้ยง,ประมงป่าไม้ล่าสัตว์หาของป่าบริการทางการเกษตร,18267.00,บาท,,สำนักงานสถิติแห่งชาติ
2566,ชัยภูมิ,ค่าใช้จ่ายทั้งสิ้นต่อเดือน,ผู้ประกอบธุรกิจของตนเองที่ไม่ใช่การเกษตร,ผู้ประกอบธุรกิจของตนเองที่ไม่ใช่การเกษตร,22458.00,บาท,,สำนักงานสถิติแห่งชาติ
2566,ชัยภูมิ,ค่าใช้จ่ายทั้งสิ้นต่อเดือน,ลูกจ้าง,ผู้จัดการนักวิชาการและผู้ปฏิบัติงานวิชาชีพ,33026.00,บาท,,สำนักงานสถิติแห่งชาติ
2566,ชัยภูมิ,ค่าใช้จ่ายทั้งสิ้นต่อเดือน,ลูกจ้าง,คนงานเกษตรป่าไม้และประมง,13539.00,บาท,,สำนักงานสถิติแห่งชาติ
2566,ชัยภูมิ,ค่าใช้จ่ายทั้งสิ้นต่อเดือน,ลูกจ้าง,คนงานด้านการขนส่งและงานพื้นฐาน,14114.00,บาท,,สำนักงานสถิติแห่งชาติ
2566,ชัยภูมิ,ค่าใช้จ่ายทั้งสิ้นต่อเดือน,ลูกจ้าง,เสมียนพนักงานขายและให้บริการ,21699.00,บาท,,สำนักงานสถิติแห่งชาติ
2566,ชัยภูมิ,ค่าใช้จ่ายทั้งสิ้นต่อเดือน,ลูกจ้าง,ผู้ปฏิบัติงานในกระบวนการผลิตก่อสร้างและเหมืองแร่,18917.00,บาท,,สำนักงานสถิติแห่งชาติ
2566,ชัยภูมิ,ค่าใช้จ่ายทั้งสิ้นต่อเดือน,ผู้ไม่ได้ปฏิบัติงานเชิงเศรษฐกิจ,ผู้ไม่ได้ปฏิบัติงานเชิงเศรษฐกิจ,14523.00,บาท,,สำนักงานสถิติแห่งชาติ
2566,ชัยภูมิ,หนี้สินเฉลี่ยต่อครัวเรือนทั้งสิ้น,รวมทั้งสิ้น,รวมทั้งสิ้น,203222.00,บาท,,สำนักงานสถิติแห่งชาติ
2566,ชัยภูมิ,หนี้สินเฉลี่ยต่อครัวเรือนทั้งสิ้น,ผู้ถือครองทำการเกษตร/เพาะเลี้ยง,ปลูกพืช/เลี้ยงสัตว์/เพาะเลี้ยง_ส่วนใหญ่เป็นเจ้าของที่ดิน,350727.00,บาท,,สำนักงานสถิติแห่งชาติ
2566,ชัยภูมิ,หนี้สินเฉลี่ยต่อครัวเรือนทั้งสิ้น,ผู้ถือครองทำการเกษตร/เพาะเลี้ยง,ปลูกพืช/เลี้ยงสัตว์/เพาะเลี้ยง_ส่วนใหญ่เช่าที่ดิน/ทำฟรี,536868.00,บาท,,สำนักงานสถิติแห่งชาติ
2566,ชัยภูมิ,หนี้สินเฉลี่ยต่อครัวเรือนทั้งสิ้น,ผู้ถือครองทำการเกษตร/เพาะเลี้ยง,ประมงป่าไม้ล่าสัตว์หาของป่าบริการทางการเกษตร,326834.00,บาท,,สำนักงานสถิติแห่งชาติ
2566,ชัยภูมิ,หนี้สินเฉลี่ยต่อครัวเรือนทั้งสิ้น,ผู้ประกอบธุรกิจของตนเองที่ไม่ใช่การเกษตร,ผู้ประกอบธุรกิจของตนเองที่ไม่ใช่การเกษตร,288580.00,บาท,,สำนักงานสถิติแห่งชาติ
2566,ชัยภูมิ,หนี้สินเฉลี่ยต่อครัวเรือนทั้งสิ้น,ลูกจ้าง,ผู้จัดการนักวิชาการและผู้ปฏิบัติงานวิชาชีพ,794091.00,บาท,,สำนักงานสถิติแห่งชาติ
2566,ชัยภูมิ,หนี้สินเฉลี่ยต่อครัวเรือนทั้งสิ้น,ลูกจ้าง,คนงานเกษตรป่าไม้และประมง,95575.00,บาท,,สำนักงานสถิติแห่งชาติ
2566,ชัยภูมิ,หนี้สินเฉลี่ยต่อครัวเรือนทั้งสิ้น,ลูกจ้าง,คนงานด้านการขนส่งและงานพื้นฐาน,40174.00,บาท,,สำนักงานสถิติแห่งชาติ
2566,ชัยภูมิ,หนี้สินเฉลี่ยต่อครัวเรือนทั้งสิ้น,ลูกจ้าง,เสมียนพนักงานขายและให้บริการ,246704.00,บาท,,สำนักงานสถิติแห่งชาติ
2566,ชัยภูมิ,หนี้สินเฉลี่ยต่อครัวเรือนทั้งสิ้น,ลูกจ้าง,ผู้ปฏิบัติงานในกระบวนการผลิตก่อสร้างและเหมืองแร่,95232.00,บาท,,สำนักงานสถิติแห่งชาติ
2566,ชัยภูมิ,หนี้สินเฉลี่ยต่อครัวเรือนทั้งสิ้น,ผู้ไม่ได้ปฏิบัติงานเชิงเศรษฐกิจ,ผู้ไม่ได้ปฏิบัติงานเชิงเศรษฐกิจ,128923.00,บาท,,สำนักงานสถิติแห่งชาติ
2566,ชัยภูมิ,ร้อยละของค่าใช้จ่ายต่อรายได้,รวมทั้งสิ้น,รวมทั้งสิ้น,76.71,ร้อยละ,,สำนักงานสถิติแห่งชาติ
2566,ชัยภูมิ,ร้อยละของค่าใช้จ่ายต่อรายได้,ผู้ถือครองทำการเกษตร/เพาะเลี้ยง,ปลูกพืช/เลี้ยงสัตว์/เพาะเลี้ยง_ส่วนใหญ่เป็นเจ้าของที่ดิน,55.84,ร้อยละ,,สำนักงานสถิติแห่งชาติ
2566,ชัยภูมิ,ร้อยละของค่าใช้จ่ายต่อรายได้,ผู้ถือครองทำการเกษตร/เพาะเลี้ยง,ปลูกพืช/เลี้ยงสัตว์/เพาะเลี้ยง_ส่วนใหญ่เช่าที่ดิน/ทำฟรี,85.95,ร้อยละ,,สำนักงานสถิติแห่งชาติ
2566,ชัยภูมิ,ร้อยละของค่าใช้จ่ายต่อรายได้,ผู้ถือครองทำการเกษตร/เพาะเลี้ยง,ประมงป่าไม้ล่าสัตว์หาของป่าบริการทางการเกษตร,81.31,ร้อยละ,,สำนักงานสถิติแห่งชาติ
2566,ชัยภูมิ,ร้อยละของค่าใช้จ่ายต่อรายได้,ผู้ประกอบธุรกิจของตนเองที่ไม่ใช่การเกษตร,ผู้ประกอบธุรกิจของตนเองที่ไม่ใช่การเกษตร,63.92,ร้อยละ,,สำนักงานสถิติแห่งชาติ
2566,ชัยภูมิ,ร้อยละของค่าใช้จ่ายต่อรายได้,ลูกจ้าง,ผู้จัดการนักวิชาการและผู้ปฏิบัติงานวิชาชีพ,67.17,ร้อยละ,,สำนักงานสถิติแห่งชาติ
2566,ชัยภูมิ,ร้อยละของค่าใช้จ่ายต่อรายได้,ลูกจ้าง,คนงานเกษตรป่าไม้และประมง,107.18,ร้อยละ,,สำนักงานสถิติแห่งชาติ
2566,ชัยภูมิ,ร้อยละของค่าใช้จ่ายต่อรายได้,ลูกจ้าง,คนงานด้านการขนส่งและงานพื้นฐาน,89.74,ร้อยละ,,สำนักงานสถิติแห่งชาติ
2566,ชัยภูมิ,ร้อยละของค่าใช้จ่ายต่อรายได้,ลูกจ้าง,เสมียนพนักงานขายและให้บริการ,90.27,ร้อยละ,,สำนักงานสถิติแห่งชาติ
2566,ชัยภูมิ,ร้อยละของค่าใช้จ่ายต่อรายได้,ลูกจ้าง,ผู้ปฏิบัติงานในกระบวนการผลิตก่อสร้างและเหมืองแร่,85.33,ร้อยละ,,สำนักงานสถิติแห่งชาติ
2566,ชัยภูมิ,ร้อยละของค่าใช้จ่ายต่อรายได้,ผู้ไม่ได้ปฏิบัติงานเชิงเศรษฐกิจ,ผู้ไม่ได้ปฏิบัติงานเชิงเศรษฐกิจ,84.69,ร้อยละ,,สำนักงานสถิติแห่งชาติ
2566,อำนาจเจริญ,รายได้ทั้งสิ้นต่อเดือน,รวมทั้งสิ้น,รวมทั้งสิ้น,28515.00,บาท,,สำนักงานสถิติแห่งชาติ
2566,อำนาจเจริญ,รายได้ทั้งสิ้นต่อเดือน,ผู้ถือครองทำการเกษตร/เพาะเลี้ยง,ปลูกพืช/เลี้ยงสัตว์/เพาะเลี้ยง_ส่วนใหญ่เป็นเจ้าของที่ดิน,24013.00,บาท,,สำนักงานสถิติแห่งชาติ
2566,อำนาจเจริญ,รายได้ทั้งสิ้นต่อเดือน,ผู้ถือครองทำการเกษตร/เพาะเลี้ยง,ปลูกพืช/เลี้ยงสัตว์/เพาะเลี้ยง_ส่วนใหญ่เช่าที่ดิน/ทำฟรี,13113.00,บาท,,สำนักงานสถิติแห่งชาติ
2566,อำนาจเจริญ,รายได้ทั้งสิ้นต่อเดือน,ผู้ถือครองทำการเกษตร/เพาะเลี้ยง,ประมงป่าไม้ล่าสัตว์หาของป่าบริการทางการเกษตร,21214.00,บาท,,สำนักงานสถิติแห่งชาติ
2566,อำนาจเจริญ,รายได้ทั้งสิ้นต่อเดือน,ผู้ประกอบธุรกิจของตนเองที่ไม่ใช่การเกษตร,ผู้ประกอบธุรกิจของตนเองที่ไม่ใช่การเกษตร,38718.00,บาท,,สำนักงานสถิติแห่งชาติ
2566,อำนาจเจริญ,รายได้ทั้งสิ้นต่อเดือน,ลูกจ้าง,ผู้จัดการนักวิชาการและผู้ปฏิบัติงานวิชาชีพ,54296.00,บาท,,สำนักงานสถิติแห่งชาติ
2566,อำนาจเจริญ,รายได้ทั้งสิ้นต่อเดือน,ลูกจ้าง,คนงานเกษตรป่าไม้และประมง,15568.00,บาท,,สำนักงานสถิติแห่งชาติ
2566,อำนาจเจริญ,รายได้ทั้งสิ้นต่อเดือน,ลูกจ้าง,คนงานด้านการขนส่งและงานพื้นฐาน,18552.00,บาท,,สำนักงานสถิติแห่งชาติ
2566,อำนาจเจริญ,รายได้ทั้งสิ้นต่อเดือน,ลูกจ้าง,เสมียนพนักงานขายและให้บริการ,27687.00,บาท,,สำนักงานสถิติแห่งชาติ
2566,อำนาจเจริญ,รายได้ทั้งสิ้นต่อเดือน,ลูกจ้าง,ผู้ปฏิบัติงานในกระบวนการผลิตก่อสร้างและเหมืองแร่,18575.00,บาท,,สำนักงานสถิติแห่งชาติ
2566,อำนาจเจริญ,รายได้ทั้งสิ้นต่อเดือน,ผู้ไม่ได้ปฏิบัติงานเชิงเศรษฐกิจ,ผู้ไม่ได้ปฏิบัติงานเชิงเศรษฐกิจ,20195.00,บาท,,สำนักงานสถิติแห่งชาติ
2566,อำนาจเจริญ,ค่าใช้จ่ายทั้งสิ้นต่อเดือน,รวมทั้งสิ้น,รวมทั้งสิ้น,22701.00,บาท,,สำนักงานสถิติแห่งชาติ
2566,อำนาจเจริญ,ค่าใช้จ่ายทั้งสิ้นต่อเดือน,ผู้ถือครองทำการเกษตร/เพาะเลี้ยง,ปลูกพืช/เลี้ยงสัตว์/เพาะเลี้ยง_ส่วนใหญ่เป็นเจ้าของที่ดิน,20547.00,บาท,,สำนักงานสถิติแห่งชาติ
2566,อำนาจเจริญ,ค่าใช้จ่ายทั้งสิ้นต่อเดือน,ผู้ถือครองทำการเกษตร/เพาะเลี้ยง,ปลูกพืช/เลี้ยงสัตว์/เพาะเลี้ยง_ส่วนใหญ่เช่าที่ดิน/ทำฟรี,7767.00,บาท,,สำนักงานสถิติแห่งชาติ
2566,อำนาจเจริญ,ค่าใช้จ่ายทั้งสิ้นต่อเดือน,ผู้ถือครองทำการเกษตร/เพาะเลี้ยง,ประมงป่าไม้ล่าสัตว์หาของป่าบริการทางการเกษตร,19289.00,บาท,,สำนักงานสถิติแห่งชาติ
2566,อำนาจเจริญ,ค่าใช้จ่ายทั้งสิ้นต่อเดือน,ผู้ประกอบธุรกิจของตนเองที่ไม่ใช่การเกษตร,ผู้ประกอบธุรกิจของตนเองที่ไม่ใช่การเกษตร,25882.00,บาท,,สำนักงานสถิติแห่งชาติ
2566,อำนาจเจริญ,ค่าใช้จ่ายทั้งสิ้นต่อเดือน,ลูกจ้าง,ผู้จัดการนักวิชาการและผู้ปฏิบัติงานวิชาชีพ,40261.00,บาท,,สำนักงานสถิติแห่งชาติ
2566,อำนาจเจริญ,ค่าใช้จ่ายทั้งสิ้นต่อเดือน,ลูกจ้าง,คนงานเกษตรป่าไม้และประมง,18504.00,บาท,,สำนักงานสถิติแห่งชาติ
2566,อำนาจเจริญ,ค่าใช้จ่ายทั้งสิ้นต่อเดือน,ลูกจ้าง,คนงานด้านการขนส่งและงานพื้นฐาน,21206.00,บาท,,สำนักงานสถิติแห่งชาติ
2566,อำนาจเจริญ,ค่าใช้จ่ายทั้งสิ้นต่อเดือน,ลูกจ้าง,เสมียนพนักงานขายและให้บริการ,25720.00,บาท,,สำนักงานสถิติแห่งชาติ
2566,อำนาจเจริญ,ค่าใช้จ่ายทั้งสิ้นต่อเดือน,ลูกจ้าง,ผู้ปฏิบัติงานในกระบวนการผลิตก่อสร้างและเหมืองแร่,18266.00,บาท,,สำนักงานสถิติแห่งชาติ
2566,อำนาจเจริญ,ค่าใช้จ่ายทั้งสิ้นต่อเดือน,ผู้ไม่ได้ปฏิบัติงานเชิงเศรษฐกิจ,ผู้ไม่ได้ปฏิบัติงานเชิงเศรษฐกิจ,17515.00,บาท,,สำนักงานสถิติแห่งชาติ
2566,อำนาจเจริญ,หนี้สินเฉลี่ยต่อครัวเรือนทั้งสิ้น,รวมทั้งสิ้น,รวมทั้งสิ้น,337610.00,บาท,,สำนักงานสถิติแห่งชาติ
2566,อำนาจเจริญ,หนี้สินเฉลี่ยต่อครัวเรือนทั้งสิ้น,ผู้ถือครองทำการเกษตร/เพาะเลี้ยง,ปลูกพืช/เลี้ยงสัตว์/เพาะเลี้ยง_ส่วนใหญ่เป็นเจ้าของที่ดิน,268593.00,บาท,,สำนักงานสถิติแห่งชาติ
2566,อำนาจเจริญ,หนี้สินเฉลี่ยต่อครัวเรือนทั้งสิ้น,ผู้ถือครองทำการเกษตร/เพาะเลี้ยง,ปลูกพืช/เลี้ยงสัตว์/เพาะเลี้ยง_ส่วนใหญ่เช่าที่ดิน/ทำฟรี,.00,บาท,"ศูนย์ยกกำลังดับเบิลยู หมายถึง ข้อมูลจากการสำรวจตัวอย่างมีค่าเป็น 0",สำนักงานสถิติแห่งชาติ
2566,อำนาจเจริญ,หนี้สินเฉลี่ยต่อครัวเรือนทั้งสิ้น,ผู้ถือครองทำการเกษตร/เพาะเลี้ยง,ประมงป่าไม้ล่าสัตว์หาของป่าบริการทางการเกษตร,530334.00,บาท,,สำนักงานสถิติแห่งชาติ
2566,อำนาจเจริญ,หนี้สินเฉลี่ยต่อครัวเรือนทั้งสิ้น,ผู้ประกอบธุรกิจของตนเองที่ไม่ใช่การเกษตร,ผู้ประกอบธุรกิจของตนเองที่ไม่ใช่การเกษตร,348918.00,บาท,,สำนักงานสถิติแห่งชาติ
2566,อำนาจเจริญ,หนี้สินเฉลี่ยต่อครัวเรือนทั้งสิ้น,ลูกจ้าง,ผู้จัดการนักวิชาการและผู้ปฏิบัติงานวิชาชีพ,1170315.00,บาท,,สำนักงานสถิติแห่งชาติ
2566,อำนาจเจริญ,หนี้สินเฉลี่ยต่อครัวเรือนทั้งสิ้น,ลูกจ้าง,คนงานเกษตรป่าไม้และประมง,509438.00,บาท,,สำนักงานสถิติแห่งชาติ
2566,อำนาจเจริญ,หนี้สินเฉลี่ยต่อครัวเรือนทั้งสิ้น,ลูกจ้าง,คนงานด้านการขนส่งและงานพื้นฐาน,135210.00,บาท,,สำนักงานสถิติแห่งชาติ
2566,อำนาจเจริญ,หนี้สินเฉลี่ยต่อครัวเรือนทั้งสิ้น,ลูกจ้าง,เสมียนพนักงานขายและให้บริการ,416412.00,บาท,,สำนักงานสถิติแห่งชาติ
2566,อำนาจเจริญ,หนี้สินเฉลี่ยต่อครัวเรือนทั้งสิ้น,ลูกจ้าง,ผู้ปฏิบัติงานในกระบวนการผลิตก่อสร้างและเหมืองแร่,90802.00,บาท,,สำนักงานสถิติแห่งชาติ
2566,อำนาจเจริญ,หนี้สินเฉลี่ยต่อครัวเรือนทั้งสิ้น,ผู้ไม่ได้ปฏิบัติงานเชิงเศรษฐกิจ,ผู้ไม่ได้ปฏิบัติงานเชิงเศรษฐกิจ,177817.00,บาท,,สำนักงานสถิติแห่งชาติ
2566,อำนาจเจริญ,ร้อยละของค่าใช้จ่ายต่อรายได้,รวมทั้งสิ้น,รวมทั้งสิ้น,79.61,ร้อยละ,,สำนักงานสถิติแห่งชาติ
2566,อำนาจเจริญ,ร้อยละของค่าใช้จ่ายต่อรายได้,ผู้ถือครองทำการเกษตร/เพาะเลี้ยง,ปลูกพืช/เลี้ยงสัตว์/เพาะเลี้ยง_ส่วนใหญ่เป็นเจ้าของที่ดิน,85.57,ร้อยละ,,สำนักงานสถิติแห่งชาติ
2566,อำนาจเจริญ,ร้อยละของค่าใช้จ่ายต่อรายได้,ผู้ถือครองทำการเกษตร/เพาะเลี้ยง,ปลูกพืช/เลี้ยงสัตว์/เพาะเลี้ยง_ส่วนใหญ่เช่าที่ดิน/ทำฟรี,59.23,ร้อยละ,,สำนักงานสถิติแห่งชาติ
2566,อำนาจเจริญ,ร้อยละของค่าใช้จ่ายต่อรายได้,ผู้ถือครองทำการเกษตร/เพาะเลี้ยง,ประมงป่าไม้ล่าสัตว์หาของป่าบริการทางการเกษตร,90.93,ร้อยละ,,สำนักงานสถิติแห่งชาติ
2566,อำนาจเจริญ,ร้อยละของค่าใช้จ่ายต่อรายได้,ผู้ประกอบธุรกิจของตนเองที่ไม่ใช่การเกษตร,ผู้ประกอบธุรกิจของตนเองที่ไม่ใช่การเกษตร,66.85,ร้อยละ,,สำนักงานสถิติแห่งชาติ
2566,อำนาจเจริญ,ร้อยละของค่าใช้จ่ายต่อรายได้,ลูกจ้าง,ผู้จัดการนักวิชาการและผู้ปฏิบัติงานวิชาชีพ,74.15,ร้อยละ,,สำนักงานสถิติแห่งชาติ
2566,อำนาจเจริญ,ร้อยละของค่าใช้จ่ายต่อรายได้,ลูกจ้าง,คนงานเกษตรป่าไม้และประมง,118.86,ร้อยละ,,สำนักงานสถิติแห่งชาติ
2566,อำนาจเจริญ,ร้อยละของค่าใช้จ่ายต่อรายได้,ลูกจ้าง,คนงานด้านการขนส่งและงานพื้นฐาน,114.30,ร้อยละ,,สำนักงานสถิติแห่งชาติ
2566,อำนาจเจริญ,ร้อยละของค่าใช้จ่ายต่อรายได้,ลูกจ้าง,เสมียนพนักงานขายและให้บริการ,92.90,ร้อยละ,,สำนักงานสถิติแห่งชาติ
2566,อำนาจเจริญ,ร้อยละของค่าใช้จ่ายต่อรายได้,ลูกจ้าง,ผู้ปฏิบัติงานในกระบวนการผลิตก่อสร้างและเหมืองแร่,98.34,ร้อยละ,,สำนักงานสถิติแห่งชาติ
2566,อำนาจเจริญ,ร้อยละของค่าใช้จ่ายต่อรายได้,ผู้ไม่ได้ปฏิบัติงานเชิงเศรษฐกิจ,ผู้ไม่ได้ปฏิบัติงานเชิงเศรษฐกิจ,86.73,ร้อยละ,,สำนักงานสถิติแห่งชาติ
2566,บึงกาฬ,รายได้ทั้งสิ้นต่อเดือน,รวมทั้งสิ้น,รวมทั้งสิ้น,25137.00,บาท,,สำนักงานสถิติแห่งชาติ
2566,บึงกาฬ,รายได้ทั้งสิ้นต่อเดือน,ผู้ถือครองทำการเกษตร/เพาะเลี้ยง,ปลูกพืช/เลี้ยงสัตว์/เพาะเลี้ยง_ส่วนใหญ่เป็นเจ้าของที่ดิน,24177.00,บาท,,สำนักงานสถิติแห่งชาติ
2566,บึงกาฬ,รายได้ทั้งสิ้นต่อเดือน,ผู้ถือครองทำการเกษตร/เพาะเลี้ยง,ปลูกพืช/เลี้ยงสัตว์/เพาะเลี้ยง_ส่วนใหญ่เช่าที่ดิน/ทำฟรี,22408.00,บาท,,สำนักงานสถิติแห่งชาติ
2566,บึงกาฬ,รายได้ทั้งสิ้นต่อเดือน,ผู้ถือครองทำการเกษตร/เพาะเลี้ยง,ประมงป่าไม้ล่าสัตว์หาของป่าบริการทางการเกษตร,15176.00,บาท,,สำนักงานสถิติแห่งชาติ
2566,บึงกาฬ,รายได้ทั้งสิ้นต่อเดือน,ผู้ประกอบธุรกิจของตนเองที่ไม่ใช่การเกษตร,ผู้ประกอบธุรกิจของตนเองที่ไม่ใช่การเกษตร,35566.00,บาท,,สำนักงานสถิติแห่งชาติ
2566,บึงกาฬ,รายได้ทั้งสิ้นต่อเดือน,ลูกจ้าง,ผู้จัดการนักวิชาการและผู้ปฏิบัติงานวิชาชีพ,51879.00,บาท,,สำนักงานสถิติแห่งชาติ
2566,บึงกาฬ,รายได้ทั้งสิ้นต่อเดือน,ลูกจ้าง,คนงานเกษตรป่าไม้และประมง,16429.00,บาท,,สำนักงานสถิติแห่งชาติ
2566,บึงกาฬ,รายได้ทั้งสิ้นต่อเดือน,ลูกจ้าง,คนงานด้านการขนส่งและงานพื้นฐาน,17316.00,บาท,,สำนักงานสถิติแห่งชาติ
2566,บึงกาฬ,รายได้ทั้งสิ้นต่อเดือน,ลูกจ้าง,เสมียนพนักงานขายและให้บริการ,29758.00,บาท,,สำนักงานสถิติแห่งชาติ
2566,บึงกาฬ,รายได้ทั้งสิ้นต่อเดือน,ลูกจ้าง,ผู้ปฏิบัติงานในกระบวนการผลิตก่อสร้างและเหมืองแร่,24991.00,บาท,,สำนักงานสถิติแห่งชาติ
2566,บึงกาฬ,รายได้ทั้งสิ้นต่อเดือน,ผู้ไม่ได้ปฏิบัติงานเชิงเศรษฐกิจ,ผู้ไม่ได้ปฏิบัติงานเชิงเศรษฐกิจ,19109.00,บาท,,สำนักงานสถิติแห่งชาติ
2566,บึงกาฬ,ค่าใช้จ่ายทั้งสิ้นต่อเดือน,รวมทั้งสิ้น,รวมทั้งสิ้น,23541.00,บาท,,สำนักงานสถิติแห่งชาติ
2566,บึงกาฬ,ค่าใช้จ่ายทั้งสิ้นต่อเดือน,ผู้ถือครองทำการเกษตร/เพาะเลี้ยง,ปลูกพืช/เลี้ยงสัตว์/เพาะเลี้ยง_ส่วนใหญ่เป็นเจ้าของที่ดิน,23618.00,บาท,,สำนักงานสถิติแห่งชาติ
2566,บึงกาฬ,ค่าใช้จ่ายทั้งสิ้นต่อเดือน,ผู้ถือครองทำการเกษตร/เพาะเลี้ยง,ปลูกพืช/เลี้ยงสัตว์/เพาะเลี้ยง_ส่วนใหญ่เช่าที่ดิน/ทำฟรี,14099.00,บาท,,สำนักงานสถิติแห่งชาติ
2566,บึงกาฬ,ค่าใช้จ่ายทั้งสิ้นต่อเดือน,ผู้ถือครองทำการเกษตร/เพาะเลี้ยง,ประมงป่าไม้ล่าสัตว์หาของป่าบริการทางการเกษตร,14589.00,บาท,,สำนักงานสถิติแห่งชาติ
2566,บึงกาฬ,ค่าใช้จ่ายทั้งสิ้นต่อเดือน,ผู้ประกอบธุรกิจของตนเองที่ไม่ใช่การเกษตร,ผู้ประกอบธุรกิจของตนเองที่ไม่ใช่การเกษตร,30826.00,บาท,,สำนักงานสถิติแห่งชาติ
2566,บึงกาฬ,ค่าใช้จ่ายทั้งสิ้นต่อเดือน,ลูกจ้าง,ผู้จัดการนักวิชาการและผู้ปฏิบัติงานวิชาชีพ,42997.00,บาท,,สำนักงานสถิติแห่งชาติ
2566,บึงกาฬ,ค่าใช้จ่ายทั้งสิ้นต่อเดือน,ลูกจ้าง,คนงานเกษตรป่าไม้และประมง,16674.00,บาท,,สำนักงานสถิติแห่งชาติ
2566,บึงกาฬ,ค่าใช้จ่ายทั้งสิ้นต่อเดือน,ลูกจ้าง,คนงานด้านการขนส่งและงานพื้นฐาน,16905.00,บาท,,สำนักงานสถิติแห่งชาติ
2566,บึงกาฬ,ค่าใช้จ่ายทั้งสิ้นต่อเดือน,ลูกจ้าง,เสมียนพนักงานขายและให้บริการ,24922.00,บาท,,สำนักงานสถิติแห่งชาติ
2566,บึงกาฬ,ค่าใช้จ่ายทั้งสิ้นต่อเดือน,ลูกจ้าง,ผู้ปฏิบัติงานในกระบวนการผลิตก่อสร้างและเหมืองแร่,24618.00,บาท,,สำนักงานสถิติแห่งชาติ
2566,บึงกาฬ,ค่าใช้จ่ายทั้งสิ้นต่อเดือน,ผู้ไม่ได้ปฏิบัติงานเชิงเศรษฐกิจ,ผู้ไม่ได้ปฏิบัติงานเชิงเศรษฐกิจ,18614.00,บาท,,สำนักงานสถิติแห่งชาติ
2566,บึงกาฬ,หนี้สินเฉลี่ยต่อครัวเรือนทั้งสิ้น,รวมทั้งสิ้น,รวมทั้งสิ้น,189019.00,บาท,,สำนักงานสถิติแห่งชาติ
2566,บึงกาฬ,หนี้สินเฉลี่ยต่อครัวเรือนทั้งสิ้น,ผู้ถือครองทำการเกษตร/เพาะเลี้ยง,ปลูกพืช/เลี้ยงสัตว์/เพาะเลี้ยง_ส่วนใหญ่เป็นเจ้าของที่ดิน,166293.00,บาท,,สำนักงานสถิติแห่งชาติ
2566,บึงกาฬ,หนี้สินเฉลี่ยต่อครัวเรือนทั้งสิ้น,ผู้ถือครองทำการเกษตร/เพาะเลี้ยง,ปลูกพืช/เลี้ยงสัตว์/เพาะเลี้ยง_ส่วนใหญ่เช่าที่ดิน/ทำฟรี,422626.00,บาท,,สำนักงานสถิติแห่งชาติ
2566,บึงกาฬ,หนี้สินเฉลี่ยต่อครัวเรือนทั้งสิ้น,ผู้ถือครองทำการเกษตร/เพาะเลี้ยง,ประมงป่าไม้ล่าสัตว์หาของป่าบริการทางการเกษตร,111844.00,บาท,,สำนักงานสถิติแห่งชาติ
2566,บึงกาฬ,หนี้สินเฉลี่ยต่อครัวเรือนทั้งสิ้น,ผู้ประกอบธุรกิจของตนเองที่ไม่ใช่การเกษตร,ผู้ประกอบธุรกิจของตนเองที่ไม่ใช่การเกษตร,334996.00,บาท,,สำนักงานสถิติแห่งชาติ
2566,บึงกาฬ,หนี้สินเฉลี่ยต่อครัวเรือนทั้งสิ้น,ลูกจ้าง,ผู้จัดการนักวิชาการและผู้ปฏิบัติงานวิชาชีพ,787764.00,บาท,,สำนักงานสถิติแห่งชาติ
2566,บึงกาฬ,หนี้สินเฉลี่ยต่อครัวเรือนทั้งสิ้น,ลูกจ้าง,คนงานเกษตรป่าไม้และประมง,56714.00,บาท,,สำนักงานสถิติแห่งชาติ
2566,บึงกาฬ,หนี้สินเฉลี่ยต่อครัวเรือนทั้งสิ้น,ลูกจ้าง,คนงานด้านการขนส่งและงานพื้นฐาน,135081.00,บาท,,สำนักงานสถิติแห่งชาติ
2566,บึงกาฬ,หนี้สินเฉลี่ยต่อครัวเรือนทั้งสิ้น,ลูกจ้าง,เสมียนพนักงานขายและให้บริการ,198130.00,บาท,,สำนักงานสถิติแห่งชาติ
2566,บึงกาฬ,หนี้สินเฉลี่ยต่อครัวเรือนทั้งสิ้น,ลูกจ้าง,ผู้ปฏิบัติงานในกระบวนการผลิตก่อสร้างและเหมืองแร่,80756.00,บาท,,สำนักงานสถิติแห่งชาติ
2566,บึงกาฬ,หนี้สินเฉลี่ยต่อครัวเรือนทั้งสิ้น,ผู้ไม่ได้ปฏิบัติงานเชิงเศรษฐกิจ,ผู้ไม่ได้ปฏิบัติงานเชิงเศรษฐกิจ,73653.00,บาท,,สำนักงานสถิติแห่งชาติ
2566,บึงกาฬ,ร้อยละของค่าใช้จ่ายต่อรายได้,รวมทั้งสิ้น,รวมทั้งสิ้น,93.65,ร้อยละ,,สำนักงานสถิติแห่งชาติ
2566,บึงกาฬ,ร้อยละของค่าใช้จ่ายต่อรายได้,ผู้ถือครองทำการเกษตร/เพาะเลี้ยง,ปลูกพืช/เลี้ยงสัตว์/เพาะเลี้ยง_ส่วนใหญ่เป็นเจ้าของที่ดิน,97.69,ร้อยละ,,สำนักงานสถิติแห่งชาติ
2566,บึงกาฬ,ร้อยละของค่าใช้จ่ายต่อรายได้,ผู้ถือครองทำการเกษตร/เพาะเลี้ยง,ปลูกพืช/เลี้ยงสัตว์/เพาะเลี้ยง_ส่วนใหญ่เช่าที่ดิน/ทำฟรี,62.92,ร้อยละ,,สำนักงานสถิติแห่งชาติ
2566,บึงกาฬ,ร้อยละของค่าใช้จ่ายต่อรายได้,ผู้ถือครองทำการเกษตร/เพาะเลี้ยง,ประมงป่าไม้ล่าสัตว์หาของป่าบริการทางการเกษตร,96.13,ร้อยละ,,สำนักงานสถิติแห่งชาติ
2566,บึงกาฬ,ร้อยละของค่าใช้จ่ายต่อรายได้,ผู้ประกอบธุรกิจของตนเองที่ไม่ใช่การเกษตร,ผู้ประกอบธุรกิจของตนเองที่ไม่ใช่การเกษตร,86.67,ร้อยละ,,สำนักงานสถิติแห่งชาติ
2566,บึงกาฬ,ร้อยละของค่าใช้จ่ายต่อรายได้,ลูกจ้าง,ผู้จัดการนักวิชาการและผู้ปฏิบัติงานวิชาชีพ,82.88,ร้อยละ,,สำนักงานสถิติแห่งชาติ
2566,บึงกาฬ,ร้อยละของค่าใช้จ่ายต่อรายได้,ลูกจ้าง,คนงานเกษตรป่าไม้และประมง,101.49,ร้อยละ,,สำนักงานสถิติแห่งชาติ
2566,บึงกาฬ,ร้อยละของค่าใช้จ่ายต่อรายได้,ลูกจ้าง,คนงานด้านการขนส่งและงานพื้นฐาน,97.62,ร้อยละ,,สำนักงานสถิติแห่งชาติ
2566,บึงกาฬ,ร้อยละของค่าใช้จ่ายต่อรายได้,ลูกจ้าง,เสมียนพนักงานขายและให้บริการ,83.75,ร้อยละ,,สำนักงานสถิติแห่งชาติ
2566,บึงกาฬ,ร้อยละของค่าใช้จ่ายต่อรายได้,ลูกจ้าง,ผู้ปฏิบัติงานในกระบวนการผลิตก่อสร้างและเหมืองแร่,98.51,ร้อยละ,,สำนักงานสถิติแห่งชาติ
2566,บึงกาฬ,ร้อยละของค่าใช้จ่ายต่อรายได้,ผู้ไม่ได้ปฏิบัติงานเชิงเศรษฐกิจ,ผู้ไม่ได้ปฏิบัติงานเชิงเศรษฐกิจ,97.41,ร้อยละ,,สำนักงานสถิติแห่งชาติ
2566,หนองบัวลำภู,รายได้ทั้งสิ้นต่อเดือน,รวมทั้งสิ้น,รวมทั้งสิ้น,24491.00,บาท,,สำนักงานสถิติแห่งชาติ
2566,หนองบัวลำภู,รายได้ทั้งสิ้นต่อเดือน,ผู้ถือครองทำการเกษตร/เพาะเลี้ยง,ปลูกพืช/เลี้ยงสัตว์/เพาะเลี้ยง_ส่วนใหญ่เป็นเจ้าของที่ดิน,20350.00,บาท,,สำนักงานสถิติแห่งชาติ
2566,หนองบัวลำภู,รายได้ทั้งสิ้นต่อเดือน,ผู้ถือครองทำการเกษตร/เพาะเลี้ยง,ปลูกพืช/เลี้ยงสัตว์/เพาะเลี้ยง_ส่วนใหญ่เช่าที่ดิน/ทำฟรี,91028.00,บาท,,สำนักงานสถิติแห่งชาติ
2566,หนองบัวลำภู,รายได้ทั้งสิ้นต่อเดือน,ผู้ถือครองทำการเกษตร/เพาะเลี้ยง,ประมงป่าไม้ล่าสัตว์หาของป่าบริการทางการเกษตร,13049.00,บาท,,สำนักงานสถิติแห่งชาติ
2566,หนองบัวลำภู,รายได้ทั้งสิ้นต่อเดือน,ผู้ประกอบธุรกิจของตนเองที่ไม่ใช่การเกษตร,ผู้ประกอบธุรกิจของตนเองที่ไม่ใช่การเกษตร,28144.00,บาท,,สำนักงานสถิติแห่งชาติ
2566,หนองบัวลำภู,รายได้ทั้งสิ้นต่อเดือน,ลูกจ้าง,ผู้จัดการนักวิชาการและผู้ปฏิบัติงานวิชาชีพ,37593.00,บาท,,สำนักงานสถิติแห่งชาติ
2566,หนองบัวลำภู,รายได้ทั้งสิ้นต่อเดือน,ลูกจ้าง,คนงานเกษตรป่าไม้และประมง,16385.00,บาท,,สำนักงานสถิติแห่งชาติ
2566,หนองบัวลำภู,รายได้ทั้งสิ้นต่อเดือน,ลูกจ้าง,คนงานด้านการขนส่งและงานพื้นฐาน,15145.00,บาท,,สำนักงานสถิติแห่งชาติ
2566,หนองบัวลำภู,รายได้ทั้งสิ้นต่อเดือน,ลูกจ้าง,เสมียนพนักงานขายและให้บริการ,25393.00,บาท,,สำนักงานสถิติแห่งชาติ
2566,หนองบัวลำภู,รายได้ทั้งสิ้นต่อเดือน,ลูกจ้าง,ผู้ปฏิบัติงานในกระบวนการผลิตก่อสร้างและเหมืองแร่,20357.00,บาท,,สำนักงานสถิติแห่งชาติ
2566,หนองบัวลำภู,รายได้ทั้งสิ้นต่อเดือน,ผู้ไม่ได้ปฏิบัติงานเชิงเศรษฐกิจ,ผู้ไม่ได้ปฏิบัติงานเชิงเศรษฐกิจ,20705.00,บาท,,สำนักงานสถิติแห่งชาติ
2566,หนองบัวลำภู,ค่าใช้จ่ายทั้งสิ้นต่อเดือน,รวมทั้งสิ้น,รวมทั้งสิ้น,19529.00,บาท,,สำนักงานสถิติแห่งชาติ
2566,หนองบัวลำภู,ค่าใช้จ่ายทั้งสิ้นต่อเดือน,ผู้ถือครองทำการเกษตร/เพาะเลี้ยง,ปลูกพืช/เลี้ยงสัตว์/เพาะเลี้ยง_ส่วนใหญ่เป็นเจ้าของที่ดิน,17394.00,บาท,,สำนักงานสถิติแห่งชาติ
2566,หนองบัวลำภู,ค่าใช้จ่ายทั้งสิ้นต่อเดือน,ผู้ถือครองทำการเกษตร/เพาะเลี้ยง,ปลูกพืช/เลี้ยงสัตว์/เพาะเลี้ยง_ส่วนใหญ่เช่าที่ดิน/ทำฟรี,39138.00,บาท,,สำนักงานสถิติแห่งชาติ
2566,หนองบัวลำภู,ค่าใช้จ่ายทั้งสิ้นต่อเดือน,ผู้ถือครองทำการเกษตร/เพาะเลี้ยง,ประมงป่าไม้ล่าสัตว์หาของป่าบริการทางการเกษตร,13760.00,บาท,,สำนักงานสถิติแห่งชาติ
2566,หนองบัวลำภู,ค่าใช้จ่ายทั้งสิ้นต่อเดือน,ผู้ประกอบธุรกิจของตนเองที่ไม่ใช่การเกษตร,ผู้ประกอบธุรกิจของตนเองที่ไม่ใช่การเกษตร,22988.00,บาท,,สำนักงานสถิติแห่งชาติ
2566,หนองบัวลำภู,ค่าใช้จ่ายทั้งสิ้นต่อเดือน,ลูกจ้าง,ผู้จัดการนักวิชาการและผู้ปฏิบัติงานวิชาชีพ,31593.00,บาท,,สำนักงานสถิติแห่งชาติ
2566,หนองบัวลำภู,ค่าใช้จ่ายทั้งสิ้นต่อเดือน,ลูกจ้าง,คนงานเกษตรป่าไม้และประมง,15618.00,บาท,,สำนักงานสถิติแห่งชาติ
2566,หนองบัวลำภู,ค่าใช้จ่ายทั้งสิ้นต่อเดือน,ลูกจ้าง,คนงานด้านการขนส่งและงานพื้นฐาน,15014.00,บาท,,สำนักงานสถิติแห่งชาติ
2566,หนองบัวลำภู,ค่าใช้จ่ายทั้งสิ้นต่อเดือน,ลูกจ้าง,เสมียนพนักงานขายและให้บริการ,21505.00,บาท,,สำนักงานสถิติแห่งชาติ
2566,หนองบัวลำภู,ค่าใช้จ่ายทั้งสิ้นต่อเดือน,ลูกจ้าง,ผู้ปฏิบัติงานในกระบวนการผลิตก่อสร้างและเหมืองแร่,18605.00,บาท,,สำนักงานสถิติแห่งชาติ
2566,หนองบัวลำภู,ค่าใช้จ่ายทั้งสิ้นต่อเดือน,ผู้ไม่ได้ปฏิบัติงานเชิงเศรษฐกิจ,ผู้ไม่ได้ปฏิบัติงานเชิงเศรษฐกิจ,16274.00,บาท,,สำนักงานสถิติแห่งชาติ
2566,หนองบัวลำภู,หนี้สินเฉลี่ยต่อครัวเรือนทั้งสิ้น,รวมทั้งสิ้น,รวมทั้งสิ้น,260061.00,บาท,,สำนักงานสถิติแห่งชาติ
2566,หนองบัวลำภู,หนี้สินเฉลี่ยต่อครัวเรือนทั้งสิ้น,ผู้ถือครองทำการเกษตร/เพาะเลี้ยง,ปลูกพืช/เลี้ยงสัตว์/เพาะเลี้ยง_ส่วนใหญ่เป็นเจ้าของที่ดิน,253044.00,บาท,,สำนักงานสถิติแห่งชาติ
2566,หนองบัวลำภู,หนี้สินเฉลี่ยต่อครัวเรือนทั้งสิ้น,ผู้ถือครองทำการเกษตร/เพาะเลี้ยง,ปลูกพืช/เลี้ยงสัตว์/เพาะเลี้ยง_ส่วนใหญ่เช่าที่ดิน/ทำฟรี,578167.00,บาท,,สำนักงานสถิติแห่งชาติ
2566,หนองบัวลำภู,หนี้สินเฉลี่ยต่อครัวเรือนทั้งสิ้น,ผู้ถือครองทำการเกษตร/เพาะเลี้ยง,ประมงป่าไม้ล่าสัตว์หาของป่าบริการทางการเกษตร,114576.00,บาท,,สำนักงานสถิติแห่งชาติ
2566,หนองบัวลำภู,หนี้สินเฉลี่ยต่อครัวเรือนทั้งสิ้น,ผู้ประกอบธุรกิจของตนเองที่ไม่ใช่การเกษตร,ผู้ประกอบธุรกิจของตนเองที่ไม่ใช่การเกษตร,421485.00,บาท,,สำนักงานสถิติแห่งชาติ
2566,หนองบัวลำภู,หนี้สินเฉลี่ยต่อครัวเรือนทั้งสิ้น,ลูกจ้าง,ผู้จัดการนักวิชาการและผู้ปฏิบัติงานวิชาชีพ,646562.00,บาท,,สำนักงานสถิติแห่งชาติ
2566,หนองบัวลำภู,หนี้สินเฉลี่ยต่อครัวเรือนทั้งสิ้น,ลูกจ้าง,คนงานเกษตรป่าไม้และประมง,78432.00,บาท,,สำนักงานสถิติแห่งชาติ
2566,หนองบัวลำภู,หนี้สินเฉลี่ยต่อครัวเรือนทั้งสิ้น,ลูกจ้าง,คนงานด้านการขนส่งและงานพื้นฐาน,75280.00,บาท,,สำนักงานสถิติแห่งชาติ
2566,หนองบัวลำภู,หนี้สินเฉลี่ยต่อครัวเรือนทั้งสิ้น,ลูกจ้าง,เสมียนพนักงานขายและให้บริการ,231808.00,บาท,,สำนักงานสถิติแห่งชาติ
2566,หนองบัวลำภู,หนี้สินเฉลี่ยต่อครัวเรือนทั้งสิ้น,ลูกจ้าง,ผู้ปฏิบัติงานในกระบวนการผลิตก่อสร้างและเหมืองแร่,123083.00,บาท,,สำนักงานสถิติแห่งชาติ
2566,หนองบัวลำภู,หนี้สินเฉลี่ยต่อครัวเรือนทั้งสิ้น,ผู้ไม่ได้ปฏิบัติงานเชิงเศรษฐกิจ,ผู้ไม่ได้ปฏิบัติงานเชิงเศรษฐกิจ,173741.00,บาท,,สำนักงานสถิติแห่งชาติ
2566,หนองบัวลำภู,ร้อยละของค่าใช้จ่ายต่อรายได้,รวมทั้งสิ้น,รวมทั้งสิ้น,79.74,ร้อยละ,,สำนักงานสถิติแห่งชาติ
2566,หนองบัวลำภู,ร้อยละของค่าใช้จ่ายต่อรายได้,ผู้ถือครองทำการเกษตร/เพาะเลี้ยง,ปลูกพืช/เลี้ยงสัตว์/เพาะเลี้ยง_ส่วนใหญ่เป็นเจ้าของที่ดิน,85.47,ร้อยละ,,สำนักงานสถิติแห่งชาติ
2566,หนองบัวลำภู,ร้อยละของค่าใช้จ่ายต่อรายได้,ผู้ถือครองทำการเกษตร/เพาะเลี้ยง,ปลูกพืช/เลี้ยงสัตว์/เพาะเลี้ยง_ส่วนใหญ่เช่าที่ดิน/ทำฟรี,43.00,ร้อยละ,,สำนักงานสถิติแห่งชาติ
2566,หนองบัวลำภู,ร้อยละของค่าใช้จ่ายต่อรายได้,ผู้ถือครองทำการเกษตร/เพาะเลี้ยง,ประมงป่าไม้ล่าสัตว์หาของป่าบริการทางการเกษตร,105.45,ร้อยละ,,สำนักงานสถิติแห่งชาติ
2566,หนองบัวลำภู,ร้อยละของค่าใช้จ่ายต่อรายได้,ผู้ประกอบธุรกิจของตนเองที่ไม่ใช่การเกษตร,ผู้ประกอบธุรกิจของตนเองที่ไม่ใช่การเกษตร,81.68,ร้อยละ,,สำนักงานสถิติแห่งชาติ
2566,หนองบัวลำภู,ร้อยละของค่าใช้จ่ายต่อรายได้,ลูกจ้าง,ผู้จัดการนักวิชาการและผู้ปฏิบัติงานวิชาชีพ,84.04,ร้อยละ,,สำนักงานสถิติแห่งชาติ
2566,หนองบัวลำภู,ร้อยละของค่าใช้จ่ายต่อรายได้,ลูกจ้าง,คนงานเกษตรป่าไม้และประมง,95.32,ร้อยละ,,สำนักงานสถิติแห่งชาติ
2566,หนองบัวลำภู,ร้อยละของค่าใช้จ่ายต่อรายได้,ลูกจ้าง,คนงานด้านการขนส่งและงานพื้นฐาน,99.13,ร้อยละ,,สำนักงานสถิติแห่งชาติ
2566,หนองบัวลำภู,ร้อยละของค่าใช้จ่ายต่อรายได้,ลูกจ้าง,เสมียนพนักงานขายและให้บริการ,84.69,ร้อยละ,,สำนักงานสถิติแห่งชาติ
2566,หนองบัวลำภู,ร้อยละของค่าใช้จ่ายต่อรายได้,ลูกจ้าง,ผู้ปฏิบัติงานในกระบวนการผลิตก่อสร้างและเหมืองแร่,91.39,ร้อยละ,,สำนักงานสถิติแห่งชาติ
2566,หนองบัวลำภู,ร้อยละของค่าใช้จ่ายต่อรายได้,ผู้ไม่ได้ปฏิบัติงานเชิงเศรษฐกิจ,ผู้ไม่ได้ปฏิบัติงานเชิงเศรษฐกิจ,78.60,ร้อยละ,,สำนักงานสถิติแห่งชาติ
2566,ขอนแก่น,รายได้ทั้งสิ้นต่อเดือน,รวมทั้งสิ้น,รวมทั้งสิ้น,19326.00,บาท,,สำนักงานสถิติแห่งชาติ
2566,ขอนแก่น,รายได้ทั้งสิ้นต่อเดือน,ผู้ถือครองทำการเกษตร/เพาะเลี้ยง,ปลูกพืช/เลี้ยงสัตว์/เพาะเลี้ยง_ส่วนใหญ่เป็นเจ้าของที่ดิน,16786.00,บาท,,สำนักงานสถิติแห่งชาติ
2566,ขอนแก่น,รายได้ทั้งสิ้นต่อเดือน,ผู้ถือครองทำการเกษตร/เพาะเลี้ยง,ปลูกพืช/เลี้ยงสัตว์/เพาะเลี้ยง_ส่วนใหญ่เช่าที่ดิน/ทำฟรี,.00,บาท,"ศูนย์ยกกำลังดับเบิลยู หมายถึง ข้อมูลจากการสำรวจตัวอย่างมีค่าเป็น 0",สำนักงานสถิติแห่งชาติ
2566,ขอนแก่น,รายได้ทั้งสิ้นต่อเดือน,ผู้ถือครองทำการเกษตร/เพาะเลี้ยง,ประมงป่าไม้ล่าสัตว์หาของป่าบริการทางการเกษตร,5993.00,บาท,,สำนักงานสถิติแห่งชาติ
2566,ขอนแก่น,รายได้ทั้งสิ้นต่อเดือน,ผู้ประกอบธุรกิจของตนเองที่ไม่ใช่การเกษตร,ผู้ประกอบธุรกิจของตนเองที่ไม่ใช่การเกษตร,22200.00,บาท,,สำนักงานสถิติแห่งชาติ
2566,ขอนแก่น,รายได้ทั้งสิ้นต่อเดือน,ลูกจ้าง,ผู้จัดการนักวิชาการและผู้ปฏิบัติงานวิชาชีพ,36547.00,บาท,,สำนักงานสถิติแห่งชาติ
2566,ขอนแก่น,รายได้ทั้งสิ้นต่อเดือน,ลูกจ้าง,คนงานเกษตรป่าไม้และประมง,15498.00,บาท,,สำนักงานสถิติแห่งชาติ
2566,ขอนแก่น,รายได้ทั้งสิ้นต่อเดือน,ลูกจ้าง,คนงานด้านการขนส่งและงานพื้นฐาน,19730.00,บาท,,สำนักงานสถิติแห่งชาติ
2566,ขอนแก่น,รายได้ทั้งสิ้นต่อเดือน,ลูกจ้าง,เสมียนพนักงานขายและให้บริการ,21922.00,บาท,,สำนักงานสถิติแห่งชาติ
2566,ขอนแก่น,รายได้ทั้งสิ้นต่อเดือน,ลูกจ้าง,ผู้ปฏิบัติงานในกระบวนการผลิตก่อสร้างและเหมืองแร่,18030.00,บาท,,สำนักงานสถิติแห่งชาติ
2566,ขอนแก่น,รายได้ทั้งสิ้นต่อเดือน,ผู้ไม่ได้ปฏิบัติงานเชิงเศรษฐกิจ,ผู้ไม่ได้ปฏิบัติงานเชิงเศรษฐกิจ,13121.00,บาท,,สำนักงานสถิติแห่งชาติ
2566,ขอนแก่น,ค่าใช้จ่ายทั้งสิ้นต่อเดือน,รวมทั้งสิ้น,รวมทั้งสิ้น,17191.00,บาท,,สำนักงานสถิติแห่งชาติ
2566,ขอนแก่น,ค่าใช้จ่ายทั้งสิ้นต่อเดือน,ผู้ถือครองทำการเกษตร/เพาะเลี้ยง,ปลูกพืช/เลี้ยงสัตว์/เพาะเลี้ยง_ส่วนใหญ่เป็นเจ้าของที่ดิน,14991.00,บาท,,สำนักงานสถิติแห่งชาติ
2566,ขอนแก่น,ค่าใช้จ่ายทั้งสิ้นต่อเดือน,ผู้ถือครองทำการเกษตร/เพาะเลี้ยง,ปลูกพืช/เลี้ยงสัตว์/เพาะเลี้ยง_ส่วนใหญ่เช่าที่ดิน/ทำฟรี,.00,บาท,"ศูนย์ยกกำลังดับเบิลยู หมายถึง ข้อมูลจากการสำรวจตัวอย่างมีค่าเป็น 0",สำนักงานสถิติแห่งชาติ
2566,ขอนแก่น,ค่าใช้จ่ายทั้งสิ้นต่อเดือน,ผู้ถือครองทำการเกษตร/เพาะเลี้ยง,ประมงป่าไม้ล่าสัตว์หาของป่าบริการทางการเกษตร,6632.00,บาท,,สำนักงานสถิติแห่งชาติ
2566,ขอนแก่น,ค่าใช้จ่ายทั้งสิ้นต่อเดือน,ผู้ประกอบธุรกิจของตนเองที่ไม่ใช่การเกษตร,ผู้ประกอบธุรกิจของตนเองที่ไม่ใช่การเกษตร,18949.00,บาท,,สำนักงานสถิติแห่งชาติ
2566,ขอนแก่น,ค่าใช้จ่ายทั้งสิ้นต่อเดือน,ลูกจ้าง,ผู้จัดการนักวิชาการและผู้ปฏิบัติงานวิชาชีพ,30720.00,บาท,,สำนักงานสถิติแห่งชาติ
2566,ขอนแก่น,ค่าใช้จ่ายทั้งสิ้นต่อเดือน,ลูกจ้าง,คนงานเกษตรป่าไม้และประมง,14128.00,บาท,,สำนักงานสถิติแห่งชาติ
2566,ขอนแก่น,ค่าใช้จ่ายทั้งสิ้นต่อเดือน,ลูกจ้าง,คนงานด้านการขนส่งและงานพื้นฐาน,17424.00,บาท,,สำนักงานสถิติแห่งชาติ
2566,ขอนแก่น,ค่าใช้จ่ายทั้งสิ้นต่อเดือน,ลูกจ้าง,เสมียนพนักงานขายและให้บริการ,19457.00,บาท,,สำนักงานสถิติแห่งชาติ
2566,ขอนแก่น,ค่าใช้จ่ายทั้งสิ้นต่อเดือน,ลูกจ้าง,ผู้ปฏิบัติงานในกระบวนการผลิตก่อสร้างและเหมืองแร่,16652.00,บาท,,สำนักงานสถิติแห่งชาติ
2566,ขอนแก่น,ค่าใช้จ่ายทั้งสิ้นต่อเดือน,ผู้ไม่ได้ปฏิบัติงานเชิงเศรษฐกิจ,ผู้ไม่ได้ปฏิบัติงานเชิงเศรษฐกิจ,12312.00,บาท,,สำนักงานสถิติแห่งชาติ
2566,ขอนแก่น,หนี้สินเฉลี่ยต่อครัวเรือนทั้งสิ้น,รวมทั้งสิ้น,รวมทั้งสิ้น,62884.00,บาท,,สำนักงานสถิติแห่งชาติ
2566,ขอนแก่น,หนี้สินเฉลี่ยต่อครัวเรือนทั้งสิ้น,ผู้ถือครองทำการเกษตร/เพาะเลี้ยง,ปลูกพืช/เลี้ยงสัตว์/เพาะเลี้ยง_ส่วนใหญ่เป็นเจ้าของที่ดิน,112097.00,บาท,,สำนักงานสถิติแห่งชาติ
2566,ขอนแก่น,หนี้สินเฉลี่ยต่อครัวเรือนทั้งสิ้น,ผู้ถือครองทำการเกษตร/เพาะเลี้ยง,ปลูกพืช/เลี้ยงสัตว์/เพาะเลี้ยง_ส่วนใหญ่เช่าที่ดิน/ทำฟรี,.00,บาท,"ศูนย์ยกกำลังดับเบิลยู หมายถึง ข้อมูลจากการสำรวจตัวอย่างมีค่าเป็น 0",สำนักงานสถิติแห่งชาติ
2566,ขอนแก่น,หนี้สินเฉลี่ยต่อครัวเรือนทั้งสิ้น,ผู้ถือครองทำการเกษตร/เพาะเลี้ยง,ประมงป่าไม้ล่าสัตว์หาของป่าบริการทางการเกษตร,.00,บาท,"ศูนย์ยกกำลังดับเบิลยู หมายถึง ข้อมูลจากการสำรวจตัวอย่างมีค่าเป็น 0",สำนักงานสถิติแห่งชาติ
2566,ขอนแก่น,หนี้สินเฉลี่ยต่อครัวเรือนทั้งสิ้น,ผู้ประกอบธุรกิจของตนเองที่ไม่ใช่การเกษตร,ผู้ประกอบธุรกิจของตนเองที่ไม่ใช่การเกษตร,56236.00,บาท,,สำนักงานสถิติแห่งชาติ
2566,ขอนแก่น,หนี้สินเฉลี่ยต่อครัวเรือนทั้งสิ้น,ลูกจ้าง,ผู้จัดการนักวิชาการและผู้ปฏิบัติงานวิชาชีพ,244522.00,บาท,,สำนักงานสถิติแห่งชาติ
2566,ขอนแก่น,หนี้สินเฉลี่ยต่อครัวเรือนทั้งสิ้น,ลูกจ้าง,คนงานเกษตรป่าไม้และประมง,8217.00,บาท,,สำนักงานสถิติแห่งชาติ
2566,ขอนแก่น,หนี้สินเฉลี่ยต่อครัวเรือนทั้งสิ้น,ลูกจ้าง,คนงานด้านการขนส่งและงานพื้นฐาน,34167.00,บาท,,สำนักงานสถิติแห่งชาติ
2566,ขอนแก่น,หนี้สินเฉลี่ยต่อครัวเรือนทั้งสิ้น,ลูกจ้าง,เสมียนพนักงานขายและให้บริการ,44751.00,บาท,,สำนักงานสถิติแห่งชาติ
2566,ขอนแก่น,หนี้สินเฉลี่ยต่อครัวเรือนทั้งสิ้น,ลูกจ้าง,ผู้ปฏิบัติงานในกระบวนการผลิตก่อสร้างและเหมืองแร่,31613.00,บาท,,สำนักงานสถิติแห่งชาติ
2566,ขอนแก่น,หนี้สินเฉลี่ยต่อครัวเรือนทั้งสิ้น,ผู้ไม่ได้ปฏิบัติงานเชิงเศรษฐกิจ,ผู้ไม่ได้ปฏิบัติงานเชิงเศรษฐกิจ,27539.00,บาท,,สำนักงานสถิติแห่งชาติ
2566,ขอนแก่น,ร้อยละของค่าใช้จ่ายต่อรายได้,รวมทั้งสิ้น,รวมทั้งสิ้น,88.95,ร้อยละ,,สำนักงานสถิติแห่งชาติ
2566,ขอนแก่น,ร้อยละของค่าใช้จ่ายต่อรายได้,ผู้ถือครองทำการเกษตร/เพาะเลี้ยง,ปลูกพืช/เลี้ยงสัตว์/เพาะเลี้ยง_ส่วนใหญ่เป็นเจ้าของที่ดิน,89.31,ร้อยละ,,สำนักงานสถิติแห่งชาติ
2566,ขอนแก่น,ร้อยละของค่าใช้จ่ายต่อรายได้,ผู้ถือครองทำการเกษตร/เพาะเลี้ยง,ปลูกพืช/เลี้ยงสัตว์/เพาะเลี้ยง_ส่วนใหญ่เช่าที่ดิน/ทำฟรี,.00,ร้อยละ,"ศูนย์จุดศูนย์ศูนย์ยกกำลังดับเบิลยู หมายถึง ข้อมูลจากการสำรวจตัวอย่างมีค่าเป็น 0",สำนักงานสถิติแห่งชาติ
2566,ขอนแก่น,ร้อยละของค่าใช้จ่ายต่อรายได้,ผู้ถือครองทำการเกษตร/เพาะเลี้ยง,ประมงป่าไม้ล่าสัตว์หาของป่าบริการทางการเกษตร,110.65,ร้อยละ,,สำนักงานสถิติแห่งชาติ
2566,ขอนแก่น,ร้อยละของค่าใช้จ่ายต่อรายได้,ผู้ประกอบธุรกิจของตนเองที่ไม่ใช่การเกษตร,ผู้ประกอบธุรกิจของตนเองที่ไม่ใช่การเกษตร,85.36,ร้อยละ,,สำนักงานสถิติแห่งชาติ
2566,ขอนแก่น,ร้อยละของค่าใช้จ่ายต่อรายได้,ลูกจ้าง,ผู้จัดการนักวิชาการและผู้ปฏิบัติงานวิชาชีพ,84.05,ร้อยละ,,สำนักงานสถิติแห่งชาติ
2566,ขอนแก่น,ร้อยละของค่าใช้จ่ายต่อรายได้,ลูกจ้าง,คนงานเกษตรป่าไม้และประมง,91.16,ร้อยละ,,สำนักงานสถิติแห่งชาติ
2566,ขอนแก่น,ร้อยละของค่าใช้จ่ายต่อรายได้,ลูกจ้าง,คนงานด้านการขนส่งและงานพื้นฐาน,88.31,ร้อยละ,,สำนักงานสถิติแห่งชาติ
2566,ขอนแก่น,ร้อยละของค่าใช้จ่ายต่อรายได้,ลูกจ้าง,เสมียนพนักงานขายและให้บริการ,88.76,ร้อยละ,,สำนักงานสถิติแห่งชาติ
2566,ขอนแก่น,ร้อยละของค่าใช้จ่ายต่อรายได้,ลูกจ้าง,ผู้ปฏิบัติงานในกระบวนการผลิตก่อสร้างและเหมืองแร่,92.36,ร้อยละ,,สำนักงานสถิติแห่งชาติ
2566,ขอนแก่น,ร้อยละของค่าใช้จ่ายต่อรายได้,ผู้ไม่ได้ปฏิบัติงานเชิงเศรษฐกิจ,ผู้ไม่ได้ปฏิบัติงานเชิงเศรษฐกิจ,93.83,ร้อยละ,,สำนักงานสถิติแห่งชาติ
2566,อุดรธานี,รายได้ทั้งสิ้นต่อเดือน,รวมทั้งสิ้น,รวมทั้งสิ้น,21212.00,บาท,,สำนักงานสถิติแห่งชาติ
2566,อุดรธานี,รายได้ทั้งสิ้นต่อเดือน,ผู้ถือครองทำการเกษตร/เพาะเลี้ยง,ปลูกพืช/เลี้ยงสัตว์/เพาะเลี้ยง_ส่วนใหญ่เป็นเจ้าของที่ดิน,29603.00,บาท,,สำนักงานสถิติแห่งชาติ
2566,อุดรธานี,รายได้ทั้งสิ้นต่อเดือน,ผู้ถือครองทำการเกษตร/เพาะเลี้ยง,ปลูกพืช/เลี้ยงสัตว์/เพาะเลี้ยง_ส่วนใหญ่เช่าที่ดิน/ทำฟรี,34268.00,บาท,,สำนักงานสถิติแห่งชาติ
2566,อุดรธานี,รายได้ทั้งสิ้นต่อเดือน,ผู้ถือครองทำการเกษตร/เพาะเลี้ยง,ประมงป่าไม้ล่าสัตว์หาของป่าบริการทางการเกษตร,30197.00,บาท,,สำนักงานสถิติแห่งชาติ
2566,อุดรธานี,รายได้ทั้งสิ้นต่อเดือน,ผู้ประกอบธุรกิจของตนเองที่ไม่ใช่การเกษตร,ผู้ประกอบธุรกิจของตนเองที่ไม่ใช่การเกษตร,28534.00,บาท,,สำนักงานสถิติแห่งชาติ
2566,อุดรธานี,รายได้ทั้งสิ้นต่อเดือน,ลูกจ้าง,ผู้จัดการนักวิชาการและผู้ปฏิบัติงานวิชาชีพ,38879.00,บาท,,สำนักงานสถิติแห่งชาติ
2566,อุดรธานี,รายได้ทั้งสิ้นต่อเดือน,ลูกจ้าง,คนงานเกษตรป่าไม้และประมง,14531.00,บาท,,สำนักงานสถิติแห่งชาติ
2566,อุดรธานี,รายได้ทั้งสิ้นต่อเดือน,ลูกจ้าง,คนงานด้านการขนส่งและงานพื้นฐาน,14541.00,บาท,,สำนักงานสถิติแห่งชาติ
2566,อุดรธานี,รายได้ทั้งสิ้นต่อเดือน,ลูกจ้าง,เสมียนพนักงานขายและให้บริการ,21137.00,บาท,,สำนักงานสถิติแห่งชาติ
2566,อุดรธานี,รายได้ทั้งสิ้นต่อเดือน,ลูกจ้าง,ผู้ปฏิบัติงานในกระบวนการผลิตก่อสร้างและเหมืองแร่,14486.00,บาท,,สำนักงานสถิติแห่งชาติ
2566,อุดรธานี,รายได้ทั้งสิ้นต่อเดือน,ผู้ไม่ได้ปฏิบัติงานเชิงเศรษฐกิจ,ผู้ไม่ได้ปฏิบัติงานเชิงเศรษฐกิจ,18482.00,บาท,,สำนักงานสถิติแห่งชาติ
2566,อุดรธานี,ค่าใช้จ่ายทั้งสิ้นต่อเดือน,รวมทั้งสิ้น,รวมทั้งสิ้น,17489.00,บาท,,สำนักงานสถิติแห่งชาติ
2566,อุดรธานี,ค่าใช้จ่ายทั้งสิ้นต่อเดือน,ผู้ถือครองทำการเกษตร/เพาะเลี้ยง,ปลูกพืช/เลี้ยงสัตว์/เพาะเลี้ยง_ส่วนใหญ่เป็นเจ้าของที่ดิน,21195.00,บาท,,สำนักงานสถิติแห่งชาติ
2566,อุดรธานี,ค่าใช้จ่ายทั้งสิ้นต่อเดือน,ผู้ถือครองทำการเกษตร/เพาะเลี้ยง,ปลูกพืช/เลี้ยงสัตว์/เพาะเลี้ยง_ส่วนใหญ่เช่าที่ดิน/ทำฟรี,14461.00,บาท,,สำนักงานสถิติแห่งชาติ
2566,อุดรธานี,ค่าใช้จ่ายทั้งสิ้นต่อเดือน,ผู้ถือครองทำการเกษตร/เพาะเลี้ยง,ประมงป่าไม้ล่าสัตว์หาของป่าบริการทางการเกษตร,20103.00,บาท,,สำนักงานสถิติแห่งชาติ
2566,อุดรธานี,ค่าใช้จ่ายทั้งสิ้นต่อเดือน,ผู้ประกอบธุรกิจของตนเองที่ไม่ใช่การเกษตร,ผู้ประกอบธุรกิจของตนเองที่ไม่ใช่การเกษตร,22077.00,บาท,,สำนักงานสถิติแห่งชาติ
2566,อุดรธานี,ค่าใช้จ่ายทั้งสิ้นต่อเดือน,ลูกจ้าง,ผู้จัดการนักวิชาการและผู้ปฏิบัติงานวิชาชีพ,33235.00,บาท,,สำนักงานสถิติแห่งชาติ
2566,อุดรธานี,ค่าใช้จ่ายทั้งสิ้นต่อเดือน,ลูกจ้าง,คนงานเกษตรป่าไม้และประมง,15230.00,บาท,,สำนักงานสถิติแห่งชาติ
2566,อุดรธานี,ค่าใช้จ่ายทั้งสิ้นต่อเดือน,ลูกจ้าง,คนงานด้านการขนส่งและงานพื้นฐาน,13146.00,บาท,,สำนักงานสถิติแห่งชาติ
2566,อุดรธานี,ค่าใช้จ่ายทั้งสิ้นต่อเดือน,ลูกจ้าง,เสมียนพนักงานขายและให้บริการ,20871.00,บาท,,สำนักงานสถิติแห่งชาติ
2566,อุดรธานี,ค่าใช้จ่ายทั้งสิ้นต่อเดือน,ลูกจ้าง,ผู้ปฏิบัติงานในกระบวนการผลิตก่อสร้างและเหมืองแร่,13353.00,บาท,,สำนักงานสถิติแห่งชาติ
2566,อุดรธานี,ค่าใช้จ่ายทั้งสิ้นต่อเดือน,ผู้ไม่ได้ปฏิบัติงานเชิงเศรษฐกิจ,ผู้ไม่ได้ปฏิบัติงานเชิงเศรษฐกิจ,14968.00,บาท,,สำนักงานสถิติแห่งชาติ
2566,อุดรธานี,หนี้สินเฉลี่ยต่อครัวเรือนทั้งสิ้น,รวมทั้งสิ้น,รวมทั้งสิ้น,105266.00,บาท,,สำนักงานสถิติแห่งชาติ
2566,อุดรธานี,หนี้สินเฉลี่ยต่อครัวเรือนทั้งสิ้น,ผู้ถือครองทำการเกษตร/เพาะเลี้ยง,ปลูกพืช/เลี้ยงสัตว์/เพาะเลี้ยง_ส่วนใหญ่เป็นเจ้าของที่ดิน,184084.00,บาท,,สำนักงานสถิติแห่งชาติ
2566,อุดรธานี,หนี้สินเฉลี่ยต่อครัวเรือนทั้งสิ้น,ผู้ถือครองทำการเกษตร/เพาะเลี้ยง,ปลูกพืช/เลี้ยงสัตว์/เพาะเลี้ยง_ส่วนใหญ่เช่าที่ดิน/ทำฟรี,50000.00,บาท,,สำนักงานสถิติแห่งชาติ
2566,อุดรธานี,หนี้สินเฉลี่ยต่อครัวเรือนทั้งสิ้น,ผู้ถือครองทำการเกษตร/เพาะเลี้ยง,ประมงป่าไม้ล่าสัตว์หาของป่าบริการทางการเกษตร,.00,บาท,"ศูนย์ยกกำลังดับเบิลยู หมายถึง ข้อมูลจากการสำรวจตัวอย่างมีค่าเป็น 0",สำนักงานสถิติแห่งชาติ
2566,อุดรธานี,หนี้สินเฉลี่ยต่อครัวเรือนทั้งสิ้น,ผู้ประกอบธุรกิจของตนเองที่ไม่ใช่การเกษตร,ผู้ประกอบธุรกิจของตนเองที่ไม่ใช่การเกษตร,198456.00,บาท,,สำนักงานสถิติแห่งชาติ
2566,อุดรธานี,หนี้สินเฉลี่ยต่อครัวเรือนทั้งสิ้น,ลูกจ้าง,ผู้จัดการนักวิชาการและผู้ปฏิบัติงานวิชาชีพ,242799.00,บาท,,สำนักงานสถิติแห่งชาติ
2566,อุดรธานี,หนี้สินเฉลี่ยต่อครัวเรือนทั้งสิ้น,ลูกจ้าง,คนงานเกษตรป่าไม้และประมง,48399.00,บาท,,สำนักงานสถิติแห่งชาติ
2566,อุดรธานี,หนี้สินเฉลี่ยต่อครัวเรือนทั้งสิ้น,ลูกจ้าง,คนงานด้านการขนส่งและงานพื้นฐาน,92731.00,บาท,,สำนักงานสถิติแห่งชาติ
2566,อุดรธานี,หนี้สินเฉลี่ยต่อครัวเรือนทั้งสิ้น,ลูกจ้าง,เสมียนพนักงานขายและให้บริการ,93057.00,บาท,,สำนักงานสถิติแห่งชาติ
2566,อุดรธานี,หนี้สินเฉลี่ยต่อครัวเรือนทั้งสิ้น,ลูกจ้าง,ผู้ปฏิบัติงานในกระบวนการผลิตก่อสร้างและเหมืองแร่,21054.00,บาท,,สำนักงานสถิติแห่งชาติ
2566,อุดรธานี,หนี้สินเฉลี่ยต่อครัวเรือนทั้งสิ้น,ผู้ไม่ได้ปฏิบัติงานเชิงเศรษฐกิจ,ผู้ไม่ได้ปฏิบัติงานเชิงเศรษฐกิจ,78213.00,บาท,,สำนักงานสถิติแห่งชาติ
2566,อุดรธานี,ร้อยละของค่าใช้จ่ายต่อรายได้,รวมทั้งสิ้น,รวมทั้งสิ้น,82.45,ร้อยละ,,สำนักงานสถิติแห่งชาติ
2566,อุดรธานี,ร้อยละของค่าใช้จ่ายต่อรายได้,ผู้ถือครองทำการเกษตร/เพาะเลี้ยง,ปลูกพืช/เลี้ยงสัตว์/เพาะเลี้ยง_ส่วนใหญ่เป็นเจ้าของที่ดิน,71.60,ร้อยละ,,สำนักงานสถิติแห่งชาติ
2566,อุดรธานี,ร้อยละของค่าใช้จ่ายต่อรายได้,ผู้ถือครองทำการเกษตร/เพาะเลี้ยง,ปลูกพืช/เลี้ยงสัตว์/เพาะเลี้ยง_ส่วนใหญ่เช่าที่ดิน/ทำฟรี,42.20,ร้อยละ,,สำนักงานสถิติแห่งชาติ
2566,อุดรธานี,ร้อยละของค่าใช้จ่ายต่อรายได้,ผู้ถือครองทำการเกษตร/เพาะเลี้ยง,ประมงป่าไม้ล่าสัตว์หาของป่าบริการทางการเกษตร,66.57,ร้อยละ,,สำนักงานสถิติแห่งชาติ
2566,อุดรธานี,ร้อยละของค่าใช้จ่ายต่อรายได้,ผู้ประกอบธุรกิจของตนเองที่ไม่ใช่การเกษตร,ผู้ประกอบธุรกิจของตนเองที่ไม่ใช่การเกษตร,77.37,ร้อยละ,,สำนักงานสถิติแห่งชาติ
2566,อุดรธานี,ร้อยละของค่าใช้จ่ายต่อรายได้,ลูกจ้าง,ผู้จัดการนักวิชาการและผู้ปฏิบัติงานวิชาชีพ,85.48,ร้อยละ,,สำนักงานสถิติแห่งชาติ
2566,อุดรธานี,ร้อยละของค่าใช้จ่ายต่อรายได้,ลูกจ้าง,คนงานเกษตรป่าไม้และประมง,104.81,ร้อยละ,,สำนักงานสถิติแห่งชาติ
2566,อุดรธานี,ร้อยละของค่าใช้จ่ายต่อรายได้,ลูกจ้าง,คนงานด้านการขนส่งและงานพื้นฐาน,90.41,ร้อยละ,,สำนักงานสถิติแห่งชาติ
2566,อุดรธานี,ร้อยละของค่าใช้จ่ายต่อรายได้,ลูกจ้าง,เสมียนพนักงานขายและให้บริการ,98.74,ร้อยละ,,สำนักงานสถิติแห่งชาติ
2566,อุดรธานี,ร้อยละของค่าใช้จ่ายต่อรายได้,ลูกจ้าง,ผู้ปฏิบัติงานในกระบวนการผลิตก่อสร้างและเหมืองแร่,92.18,ร้อยละ,,สำนักงานสถิติแห่งชาติ
2566,อุดรธานี,ร้อยละของค่าใช้จ่ายต่อรายได้,ผู้ไม่ได้ปฏิบัติงานเชิงเศรษฐกิจ,ผู้ไม่ได้ปฏิบัติงานเชิงเศรษฐกิจ,80.98,ร้อยละ,,สำนักงานสถิติแห่งชาติ
2566,เลย,รายได้ทั้งสิ้นต่อเดือน,รวมทั้งสิ้น,รวมทั้งสิ้น,23766.00,บาท,,สำนักงานสถิติแห่งชาติ
2566,เลย,รายได้ทั้งสิ้นต่อเดือน,ผู้ถือครองทำการเกษตร/เพาะเลี้ยง,ปลูกพืช/เลี้ยงสัตว์/เพาะเลี้ยง_ส่วนใหญ่เป็นเจ้าของที่ดิน,19117.00,บาท,,สำนักงานสถิติแห่งชาติ
2566,เลย,รายได้ทั้งสิ้นต่อเดือน,ผู้ถือครองทำการเกษตร/เพาะเลี้ยง,ปลูกพืช/เลี้ยงสัตว์/เพาะเลี้ยง_ส่วนใหญ่เช่าที่ดิน/ทำฟรี,37512.00,บาท,,สำนักงานสถิติแห่งชาติ
2566,เลย,รายได้ทั้งสิ้นต่อเดือน,ผู้ถือครองทำการเกษตร/เพาะเลี้ยง,ประมงป่าไม้ล่าสัตว์หาของป่าบริการทางการเกษตร,.00,บาท,"ศูนย์ยกกำลังดับเบิลยู หมายถึง ข้อมูลจากการสำรวจตัวอย่างมีค่าเป็น 0",สำนักงานสถิติแห่งชาติ
2566,เลย,รายได้ทั้งสิ้นต่อเดือน,ผู้ประกอบธุรกิจของตนเองที่ไม่ใช่การเกษตร,ผู้ประกอบธุรกิจของตนเองที่ไม่ใช่การเกษตร,31430.00,บาท,,สำนักงานสถิติแห่งชาติ
2566,เลย,รายได้ทั้งสิ้นต่อเดือน,ลูกจ้าง,ผู้จัดการนักวิชาการและผู้ปฏิบัติงานวิชาชีพ,58999.00,บาท,,สำนักงานสถิติแห่งชาติ
2566,เลย,รายได้ทั้งสิ้นต่อเดือน,ลูกจ้าง,คนงานเกษตรป่าไม้และประมง,8621.00,บาท,,สำนักงานสถิติแห่งชาติ
2566,เลย,รายได้ทั้งสิ้นต่อเดือน,ลูกจ้าง,คนงานด้านการขนส่งและงานพื้นฐาน,15238.00,บาท,,สำนักงานสถิติแห่งชาติ
2566,เลย,รายได้ทั้งสิ้นต่อเดือน,ลูกจ้าง,เสมียนพนักงานขายและให้บริการ,32763.00,บาท,,สำนักงานสถิติแห่งชาติ
2566,เลย,รายได้ทั้งสิ้นต่อเดือน,ลูกจ้าง,ผู้ปฏิบัติงานในกระบวนการผลิตก่อสร้างและเหมืองแร่,20544.00,บาท,,สำนักงานสถิติแห่งชาติ
2566,เลย,รายได้ทั้งสิ้นต่อเดือน,ผู้ไม่ได้ปฏิบัติงานเชิงเศรษฐกิจ,ผู้ไม่ได้ปฏิบัติงานเชิงเศรษฐกิจ,16837.00,บาท,,สำนักงานสถิติแห่งชาติ
2566,เลย,ค่าใช้จ่ายทั้งสิ้นต่อเดือน,รวมทั้งสิ้น,รวมทั้งสิ้น,19278.00,บาท,,สำนักงานสถิติแห่งชาติ
2566,เลย,ค่าใช้จ่ายทั้งสิ้นต่อเดือน,ผู้ถือครองทำการเกษตร/เพาะเลี้ยง,ปลูกพืช/เลี้ยงสัตว์/เพาะเลี้ยง_ส่วนใหญ่เป็นเจ้าของที่ดิน,19003.00,บาท,,สำนักงานสถิติแห่งชาติ
2566,เลย,ค่าใช้จ่ายทั้งสิ้นต่อเดือน,ผู้ถือครองทำการเกษตร/เพาะเลี้ยง,ปลูกพืช/เลี้ยงสัตว์/เพาะเลี้ยง_ส่วนใหญ่เช่าที่ดิน/ทำฟรี,20066.00,บาท,,สำนักงานสถิติแห่งชาติ
2566,เลย,ค่าใช้จ่ายทั้งสิ้นต่อเดือน,ผู้ประกอบธุรกิจของตนเองที่ไม่ใช่การเกษตร,ผู้ประกอบธุรกิจของตนเองที่ไม่ใช่การเกษตร,23950.00,บาท,,สำนักงานสถิติแห่งชาติ
2566,เลย,ค่าใช้จ่ายทั้งสิ้นต่อเดือน,ลูกจ้าง,ผู้จัดการนักวิชาการและผู้ปฏิบัติงานวิชาชีพ,34559.00,บาท,,สำนักงานสถิติแห่งชาติ
2566,เลย,ค่าใช้จ่ายทั้งสิ้นต่อเดือน,ผู้ถือครองทำการเกษตร/เพาะเลี้ยง,ประมงป่าไม้ล่าสัตว์หาของป่าบริการทางการเกษตร,.00,บาท,"ศูนย์ยกกำลังดับเบิลยู หมายถึง ข้อมูลจากการสำรวจตัวอย่างมีค่าเป็น 0",สำนักงานสถิติแห่งชาติ
2566,เลย,ค่าใช้จ่ายทั้งสิ้นต่อเดือน,ลูกจ้าง,คนงานเกษตรป่าไม้และประมง,8775.00,บาท,,สำนักงานสถิติแห่งชาติ
2566,เลย,ค่าใช้จ่ายทั้งสิ้นต่อเดือน,ลูกจ้าง,คนงานด้านการขนส่งและงานพื้นฐาน,13829.00,บาท,,สำนักงานสถิติแห่งชาติ
2566,เลย,ค่าใช้จ่ายทั้งสิ้นต่อเดือน,ลูกจ้าง,เสมียนพนักงานขายและให้บริการ,23547.00,บาท,,สำนักงานสถิติแห่งชาติ
2566,เลย,ค่าใช้จ่ายทั้งสิ้นต่อเดือน,ลูกจ้าง,ผู้ปฏิบัติงานในกระบวนการผลิตก่อสร้างและเหมืองแร่,20114.00,บาท,,สำนักงานสถิติแห่งชาติ
2566,เลย,ค่าใช้จ่ายทั้งสิ้นต่อเดือน,ผู้ไม่ได้ปฏิบัติงานเชิงเศรษฐกิจ,ผู้ไม่ได้ปฏิบัติงานเชิงเศรษฐกิจ,13831.00,บาท,,สำนักงานสถิติแห่งชาติ
2566,เลย,หนี้สินเฉลี่ยต่อครัวเรือนทั้งสิ้น,รวมทั้งสิ้น,รวมทั้งสิ้น,257883.00,บาท,,สำนักงานสถิติแห่งชาติ
2566,เลย,หนี้สินเฉลี่ยต่อครัวเรือนทั้งสิ้น,ผู้ถือครองทำการเกษตร/เพาะเลี้ยง,ปลูกพืช/เลี้ยงสัตว์/เพาะเลี้ยง_ส่วนใหญ่เป็นเจ้าของที่ดิน,172422.00,บาท,,สำนักงานสถิติแห่งชาติ
2566,เลย,หนี้สินเฉลี่ยต่อครัวเรือนทั้งสิ้น,ผู้ถือครองทำการเกษตร/เพาะเลี้ยง,ปลูกพืช/เลี้ยงสัตว์/เพาะเลี้ยง_ส่วนใหญ่เช่าที่ดิน/ทำฟรี,17284.00,บาท,,สำนักงานสถิติแห่งชาติ
2566,เลย,หนี้สินเฉลี่ยต่อครัวเรือนทั้งสิ้น,ผู้ถือครองทำการเกษตร/เพาะเลี้ยง,ประมงป่าไม้ล่าสัตว์หาของป่าบริการทางการเกษตร,.00,บาท,"ศูนย์ยกกำลังดับเบิลยู หมายถึง ข้อมูลจากการสำรวจตัวอย่างมีค่าเป็น 0",สำนักงานสถิติแห่งชาติ
2566,เลย,หนี้สินเฉลี่ยต่อครัวเรือนทั้งสิ้น,ผู้ประกอบธุรกิจของตนเองที่ไม่ใช่การเกษตร,ผู้ประกอบธุรกิจของตนเองที่ไม่ใช่การเกษตร,197303.00,บาท,,สำนักงานสถิติแห่งชาติ
2566,เลย,หนี้สินเฉลี่ยต่อครัวเรือนทั้งสิ้น,ลูกจ้าง,ผู้จัดการนักวิชาการและผู้ปฏิบัติงานวิชาชีพ,1301790.00,บาท,,สำนักงานสถิติแห่งชาติ
2566,เลย,หนี้สินเฉลี่ยต่อครัวเรือนทั้งสิ้น,ลูกจ้าง,คนงานเกษตรป่าไม้และประมง,35309.00,บาท,,สำนักงานสถิติแห่งชาติ
2566,เลย,หนี้สินเฉลี่ยต่อครัวเรือนทั้งสิ้น,ลูกจ้าง,คนงานด้านการขนส่งและงานพื้นฐาน,47747.00,บาท,,สำนักงานสถิติแห่งชาติ
2566,เลย,หนี้สินเฉลี่ยต่อครัวเรือนทั้งสิ้น,ลูกจ้าง,เสมียนพนักงานขายและให้บริการ,458488.00,บาท,,สำนักงานสถิติแห่งชาติ
2566,เลย,หนี้สินเฉลี่ยต่อครัวเรือนทั้งสิ้น,ลูกจ้าง,ผู้ปฏิบัติงานในกระบวนการผลิตก่อสร้างและเหมืองแร่,107420.00,บาท,,สำนักงานสถิติแห่งชาติ
2566,เลย,หนี้สินเฉลี่ยต่อครัวเรือนทั้งสิ้น,ผู้ไม่ได้ปฏิบัติงานเชิงเศรษฐกิจ,ผู้ไม่ได้ปฏิบัติงานเชิงเศรษฐกิจ,132669.00,บาท,,สำนักงานสถิติแห่งชาติ
2566,เลย,ร้อยละของค่าใช้จ่ายต่อรายได้,รวมทั้งสิ้น,รวมทั้งสิ้น,81.12,ร้อยละ,,สำนักงานสถิติแห่งชาติ
2566,เลย,ร้อยละของค่าใช้จ่ายต่อรายได้,ผู้ถือครองทำการเกษตร/เพาะเลี้ยง,ปลูกพืช/เลี้ยงสัตว์/เพาะเลี้ยง_ส่วนใหญ่เป็นเจ้าของที่ดิน,99.40,ร้อยละ,,สำนักงานสถิติแห่งชาติ
2566,เลย,ร้อยละของค่าใช้จ่ายต่อรายได้,ผู้ถือครองทำการเกษตร/เพาะเลี้ยง,ปลูกพืช/เลี้ยงสัตว์/เพาะเลี้ยง_ส่วนใหญ่เช่าที่ดิน/ทำฟรี,53.49,ร้อยละ,,สำนักงานสถิติแห่งชาติ
2566,เลย,ร้อยละของค่าใช้จ่ายต่อรายได้,ผู้ถือครองทำการเกษตร/เพาะเลี้ยง,ประมงป่าไม้ล่าสัตว์หาของป่าบริการทางการเกษตร,.00,ร้อยละ,"ศูนย์จุดศูนย์ศูนย์ยกกำลังดับเบิลยู หมายถึง ข้อมูลจากการสำรวจตัวอย่างมีค่าเป็น 0",สำนักงานสถิติแห่งชาติ
2566,เลย,ร้อยละของค่าใช้จ่ายต่อรายได้,ผู้ประกอบธุรกิจของตนเองที่ไม่ใช่การเกษตร,ผู้ประกอบธุรกิจของตนเองที่ไม่ใช่การเกษตร,76.20,ร้อยละ,,สำนักงานสถิติแห่งชาติ
2566,เลย,ร้อยละของค่าใช้จ่ายต่อรายได้,ลูกจ้าง,ผู้จัดการนักวิชาการและผู้ปฏิบัติงานวิชาชีพ,58.58,ร้อยละ,,สำนักงานสถิติแห่งชาติ
2566,เลย,ร้อยละของค่าใช้จ่ายต่อรายได้,ลูกจ้าง,คนงานเกษตรป่าไม้และประมง,101.78,ร้อยละ,,สำนักงานสถิติแห่งชาติ
2566,เลย,ร้อยละของค่าใช้จ่ายต่อรายได้,ลูกจ้าง,คนงานด้านการขนส่งและงานพื้นฐาน,90.75,ร้อยละ,,สำนักงานสถิติแห่งชาติ
2566,เลย,ร้อยละของค่าใช้จ่ายต่อรายได้,ลูกจ้าง,เสมียนพนักงานขายและให้บริการ,71.87,ร้อยละ,,สำนักงานสถิติแห่งชาติ
2566,เลย,ร้อยละของค่าใช้จ่ายต่อรายได้,ลูกจ้าง,ผู้ปฏิบัติงานในกระบวนการผลิตก่อสร้างและเหมืองแร่,97.91,ร้อยละ,,สำนักงานสถิติแห่งชาติ
2566,เลย,ร้อยละของค่าใช้จ่ายต่อรายได้,ผู้ไม่ได้ปฏิบัติงานเชิงเศรษฐกิจ,ผู้ไม่ได้ปฏิบัติงานเชิงเศรษฐกิจ,82.15,ร้อยละ,,สำนักงานสถิติแห่งชาติ
2566,หนองคาย,รายได้ทั้งสิ้นต่อเดือน,รวมทั้งสิ้น,รวมทั้งสิ้น,26201.00,บาท,,สำนักงานสถิติแห่งชาติ
2566,หนองคาย,รายได้ทั้งสิ้นต่อเดือน,ผู้ถือครองทำการเกษตร/เพาะเลี้ยง,ปลูกพืช/เลี้ยงสัตว์/เพาะเลี้ยง_ส่วนใหญ่เป็นเจ้าของที่ดิน,24887.00,บาท,,สำนักงานสถิติแห่งชาติ
2566,หนองคาย,รายได้ทั้งสิ้นต่อเดือน,ผู้ถือครองทำการเกษตร/เพาะเลี้ยง,ปลูกพืช/เลี้ยงสัตว์/เพาะเลี้ยง_ส่วนใหญ่เช่าที่ดิน/ทำฟรี,25395.00,บาท,,สำนักงานสถิติแห่งชาติ
2566,หนองคาย,รายได้ทั้งสิ้นต่อเดือน,ผู้ถือครองทำการเกษตร/เพาะเลี้ยง,ประมงป่าไม้ล่าสัตว์หาของป่าบริการทางการเกษตร,18011.00,บาท,,สำนักงานสถิติแห่งชาติ
2566,หนองคาย,รายได้ทั้งสิ้นต่อเดือน,ผู้ประกอบธุรกิจของตนเองที่ไม่ใช่การเกษตร,ผู้ประกอบธุรกิจของตนเองที่ไม่ใช่การเกษตร,32497.00,บาท,,สำนักงานสถิติแห่งชาติ
2566,หนองคาย,รายได้ทั้งสิ้นต่อเดือน,ลูกจ้าง,ผู้จัดการนักวิชาการและผู้ปฏิบัติงานวิชาชีพ,50588.00,บาท,,สำนักงานสถิติแห่งชาติ
2566,หนองคาย,รายได้ทั้งสิ้นต่อเดือน,ลูกจ้าง,คนงานเกษตรป่าไม้และประมง,13548.00,บาท,,สำนักงานสถิติแห่งชาติ
2566,หนองคาย,รายได้ทั้งสิ้นต่อเดือน,ลูกจ้าง,คนงานด้านการขนส่งและงานพื้นฐาน,24912.00,บาท,,สำนักงานสถิติแห่งชาติ
2566,หนองคาย,รายได้ทั้งสิ้นต่อเดือน,ลูกจ้าง,เสมียนพนักงานขายและให้บริการ,25665.00,บาท,,สำนักงานสถิติแห่งชาติ
2566,หนองคาย,รายได้ทั้งสิ้นต่อเดือน,ลูกจ้าง,ผู้ปฏิบัติงานในกระบวนการผลิตก่อสร้างและเหมืองแร่,19345.00,บาท,,สำนักงานสถิติแห่งชาติ
2566,หนองคาย,รายได้ทั้งสิ้นต่อเดือน,ผู้ไม่ได้ปฏิบัติงานเชิงเศรษฐกิจ,ผู้ไม่ได้ปฏิบัติงานเชิงเศรษฐกิจ,20132.00,บาท,,สำนักงานสถิติแห่งชาติ
2566,หนองคาย,ค่าใช้จ่ายทั้งสิ้นต่อเดือน,รวมทั้งสิ้น,รวมทั้งสิ้น,22691.00,บาท,,สำนักงานสถิติแห่งชาติ
2566,หนองคาย,ค่าใช้จ่ายทั้งสิ้นต่อเดือน,ผู้ถือครองทำการเกษตร/เพาะเลี้ยง,ปลูกพืช/เลี้ยงสัตว์/เพาะเลี้ยง_ส่วนใหญ่เป็นเจ้าของที่ดิน,21040.00,บาท,,สำนักงานสถิติแห่งชาติ
2566,หนองคาย,ค่าใช้จ่ายทั้งสิ้นต่อเดือน,ผู้ถือครองทำการเกษตร/เพาะเลี้ยง,ปลูกพืช/เลี้ยงสัตว์/เพาะเลี้ยง_ส่วนใหญ่เช่าที่ดิน/ทำฟรี,14874.00,บาท,,สำนักงานสถิติแห่งชาติ
2566,หนองคาย,ค่าใช้จ่ายทั้งสิ้นต่อเดือน,ผู้ถือครองทำการเกษตร/เพาะเลี้ยง,ประมงป่าไม้ล่าสัตว์หาของป่าบริการทางการเกษตร,16751.00,บาท,,สำนักงานสถิติแห่งชาติ
2566,หนองคาย,ค่าใช้จ่ายทั้งสิ้นต่อเดือน,ผู้ประกอบธุรกิจของตนเองที่ไม่ใช่การเกษตร,ผู้ประกอบธุรกิจของตนเองที่ไม่ใช่การเกษตร,27720.00,บาท,,สำนักงานสถิติแห่งชาติ
2566,หนองคาย,ค่าใช้จ่ายทั้งสิ้นต่อเดือน,ลูกจ้าง,ผู้จัดการนักวิชาการและผู้ปฏิบัติงานวิชาชีพ,42535.00,บาท,,สำนักงานสถิติแห่งชาติ
2566,หนองคาย,ค่าใช้จ่ายทั้งสิ้นต่อเดือน,ลูกจ้าง,คนงานเกษตรป่าไม้และประมง,12776.00,บาท,,สำนักงานสถิติแห่งชาติ
2566,หนองคาย,ค่าใช้จ่ายทั้งสิ้นต่อเดือน,ลูกจ้าง,คนงานด้านการขนส่งและงานพื้นฐาน,21365.00,บาท,,สำนักงานสถิติแห่งชาติ
2566,หนองคาย,ค่าใช้จ่ายทั้งสิ้นต่อเดือน,ลูกจ้าง,เสมียนพนักงานขายและให้บริการ,23438.00,บาท,,สำนักงานสถิติแห่งชาติ
2566,หนองคาย,ค่าใช้จ่ายทั้งสิ้นต่อเดือน,ลูกจ้าง,ผู้ปฏิบัติงานในกระบวนการผลิตก่อสร้างและเหมืองแร่,18417.00,บาท,,สำนักงานสถิติแห่งชาติ
2566,หนองคาย,ค่าใช้จ่ายทั้งสิ้นต่อเดือน,ผู้ไม่ได้ปฏิบัติงานเชิงเศรษฐกิจ,ผู้ไม่ได้ปฏิบัติงานเชิงเศรษฐกิจ,17526.00,บาท,,สำนักงานสถิติแห่งชาติ
2566,หนองคาย,หนี้สินเฉลี่ยต่อครัวเรือนทั้งสิ้น,รวมทั้งสิ้น,รวมทั้งสิ้น,193443.00,บาท,,สำนักงานสถิติแห่งชาติ
2566,หนองคาย,หนี้สินเฉลี่ยต่อครัวเรือนทั้งสิ้น,ผู้ถือครองทำการเกษตร/เพาะเลี้ยง,ปลูกพืช/เลี้ยงสัตว์/เพาะเลี้ยง_ส่วนใหญ่เป็นเจ้าของที่ดิน,206515.00,บาท,,สำนักงานสถิติแห่งชาติ
2566,หนองคาย,หนี้สินเฉลี่ยต่อครัวเรือนทั้งสิ้น,ผู้ถือครองทำการเกษตร/เพาะเลี้ยง,ปลูกพืช/เลี้ยงสัตว์/เพาะเลี้ยง_ส่วนใหญ่เช่าที่ดิน/ทำฟรี,175321.00,บาท,,สำนักงานสถิติแห่งชาติ
2566,หนองคาย,หนี้สินเฉลี่ยต่อครัวเรือนทั้งสิ้น,ผู้ถือครองทำการเกษตร/เพาะเลี้ยง,ประมงป่าไม้ล่าสัตว์หาของป่าบริการทางการเกษตร,160636.00,บาท,,สำนักงานสถิติแห่งชาติ
2566,หนองคาย,หนี้สินเฉลี่ยต่อครัวเรือนทั้งสิ้น,ผู้ประกอบธุรกิจของตนเองที่ไม่ใช่การเกษตร,ผู้ประกอบธุรกิจของตนเองที่ไม่ใช่การเกษตร,261350.00,บาท,,สำนักงานสถิติแห่งชาติ
2566,หนองคาย,หนี้สินเฉลี่ยต่อครัวเรือนทั้งสิ้น,ลูกจ้าง,ผู้จัดการนักวิชาการและผู้ปฏิบัติงานวิชาชีพ,723680.00,บาท,,สำนักงานสถิติแห่งชาติ
2566,หนองคาย,หนี้สินเฉลี่ยต่อครัวเรือนทั้งสิ้น,ลูกจ้าง,คนงานเกษตรป่าไม้และประมง,80093.00,บาท,,สำนักงานสถิติแห่งชาติ
2566,หนองคาย,หนี้สินเฉลี่ยต่อครัวเรือนทั้งสิ้น,ลูกจ้าง,คนงานด้านการขนส่งและงานพื้นฐาน,61081.00,บาท,,สำนักงานสถิติแห่งชาติ
2566,หนองคาย,หนี้สินเฉลี่ยต่อครัวเรือนทั้งสิ้น,ลูกจ้าง,เสมียนพนักงานขายและให้บริการ,146769.00,บาท,,สำนักงานสถิติแห่งชาติ
2566,หนองคาย,หนี้สินเฉลี่ยต่อครัวเรือนทั้งสิ้น,ลูกจ้าง,ผู้ปฏิบัติงานในกระบวนการผลิตก่อสร้างและเหมืองแร่,85974.00,บาท,,สำนักงานสถิติแห่งชาติ
2566,หนองคาย,หนี้สินเฉลี่ยต่อครัวเรือนทั้งสิ้น,ผู้ไม่ได้ปฏิบัติงานเชิงเศรษฐกิจ,ผู้ไม่ได้ปฏิบัติงานเชิงเศรษฐกิจ,57084.00,บาท,,สำนักงานสถิติแห่งชาติ
2566,หนองคาย,ร้อยละของค่าใช้จ่ายต่อรายได้,รวมทั้งสิ้น,รวมทั้งสิ้น,86.61,ร้อยละ,,สำนักงานสถิติแห่งชาติ
2566,หนองคาย,ร้อยละของค่าใช้จ่ายต่อรายได้,ผู้ถือครองทำการเกษตร/เพาะเลี้ยง,ปลูกพืช/เลี้ยงสัตว์/เพาะเลี้ยง_ส่วนใหญ่เป็นเจ้าของที่ดิน,84.54,ร้อยละ,,สำนักงานสถิติแห่งชาติ
2566,หนองคาย,ร้อยละของค่าใช้จ่ายต่อรายได้,ผู้ถือครองทำการเกษตร/เพาะเลี้ยง,ปลูกพืช/เลี้ยงสัตว์/เพาะเลี้ยง_ส่วนใหญ่เช่าที่ดิน/ทำฟรี,58.57,ร้อยละ,,สำนักงานสถิติแห่งชาติ
2566,หนองคาย,ร้อยละของค่าใช้จ่ายต่อรายได้,ผู้ถือครองทำการเกษตร/เพาะเลี้ยง,ประมงป่าไม้ล่าสัตว์หาของป่าบริการทางการเกษตร,93.01,ร้อยละ,,สำนักงานสถิติแห่งชาติ
2566,หนองคาย,ร้อยละของค่าใช้จ่ายต่อรายได้,ผู้ประกอบธุรกิจของตนเองที่ไม่ใช่การเกษตร,ผู้ประกอบธุรกิจของตนเองที่ไม่ใช่การเกษตร,85.30,ร้อยละ,,สำนักงานสถิติแห่งชาติ
2566,หนองคาย,ร้อยละของค่าใช้จ่ายต่อรายได้,ลูกจ้าง,ผู้จัดการนักวิชาการและผู้ปฏิบัติงานวิชาชีพ,84.08,ร้อยละ,,สำนักงานสถิติแห่งชาติ
2566,หนองคาย,ร้อยละของค่าใช้จ่ายต่อรายได้,ลูกจ้าง,คนงานเกษตรป่าไม้และประมง,94.30,ร้อยละ,,สำนักงานสถิติแห่งชาติ
2566,หนองคาย,ร้อยละของค่าใช้จ่ายต่อรายได้,ลูกจ้าง,คนงานด้านการขนส่งและงานพื้นฐาน,85.76,ร้อยละ,,สำนักงานสถิติแห่งชาติ
2566,หนองคาย,ร้อยละของค่าใช้จ่ายต่อรายได้,ลูกจ้าง,เสมียนพนักงานขายและให้บริการ,91.32,ร้อยละ,,สำนักงานสถิติแห่งชาติ
2566,หนองคาย,ร้อยละของค่าใช้จ่ายต่อรายได้,ลูกจ้าง,ผู้ปฏิบัติงานในกระบวนการผลิตก่อสร้างและเหมืองแร่,95.20,ร้อยละ,,สำนักงานสถิติแห่งชาติ
2566,หนองคาย,ร้อยละของค่าใช้จ่ายต่อรายได้,ผู้ไม่ได้ปฏิบัติงานเชิงเศรษฐกิจ,ผู้ไม่ได้ปฏิบัติงานเชิงเศรษฐกิจ,87.05,ร้อยละ,,สำนักงานสถิติแห่งชาติ
2566,มหาสารคาม,รายได้ทั้งสิ้นต่อเดือน,รวมทั้งสิ้น,รวมทั้งสิ้น,21169.00,บาท,,สำนักงานสถิติแห่งชาติ
2566,มหาสารคาม,รายได้ทั้งสิ้นต่อเดือน,ผู้ถือครองทำการเกษตร/เพาะเลี้ยง,ปลูกพืช/เลี้ยงสัตว์/เพาะเลี้ยง_ส่วนใหญ่เป็นเจ้าของที่ดิน,21297.00,บาท,,สำนักงานสถิติแห่งชาติ
2566,มหาสารคาม,รายได้ทั้งสิ้นต่อเดือน,ผู้ถือครองทำการเกษตร/เพาะเลี้ยง,ปลูกพืช/เลี้ยงสัตว์/เพาะเลี้ยง_ส่วนใหญ่เช่าที่ดิน/ทำฟรี,14495.00,บาท,,สำนักงานสถิติแห่งชาติ
2566,มหาสารคาม,รายได้ทั้งสิ้นต่อเดือน,ผู้ถือครองทำการเกษตร/เพาะเลี้ยง,ประมงป่าไม้ล่าสัตว์หาของป่าบริการทางการเกษตร,14635.00,บาท,,สำนักงานสถิติแห่งชาติ
2566,มหาสารคาม,รายได้ทั้งสิ้นต่อเดือน,ผู้ประกอบธุรกิจของตนเองที่ไม่ใช่การเกษตร,ผู้ประกอบธุรกิจของตนเองที่ไม่ใช่การเกษตร,29341.00,บาท,,สำนักงานสถิติแห่งชาติ
2566,มหาสารคาม,รายได้ทั้งสิ้นต่อเดือน,ลูกจ้าง,ผู้จัดการนักวิชาการและผู้ปฏิบัติงานวิชาชีพ,51703.00,บาท,,สำนักงานสถิติแห่งชาติ
2566,มหาสารคาม,รายได้ทั้งสิ้นต่อเดือน,ลูกจ้าง,คนงานเกษตรป่าไม้และประมง,10760.00,บาท,,สำนักงานสถิติแห่งชาติ
2566,มหาสารคาม,รายได้ทั้งสิ้นต่อเดือน,ลูกจ้าง,คนงานด้านการขนส่งและงานพื้นฐาน,19241.00,บาท,,สำนักงานสถิติแห่งชาติ
2566,มหาสารคาม,รายได้ทั้งสิ้นต่อเดือน,ลูกจ้าง,เสมียนพนักงานขายและให้บริการ,26769.00,บาท,,สำนักงานสถิติแห่งชาติ
2566,มหาสารคาม,รายได้ทั้งสิ้นต่อเดือน,ลูกจ้าง,ผู้ปฏิบัติงานในกระบวนการผลิตก่อสร้างและเหมืองแร่,17676.00,บาท,,สำนักงานสถิติแห่งชาติ
2566,มหาสารคาม,รายได้ทั้งสิ้นต่อเดือน,ผู้ไม่ได้ปฏิบัติงานเชิงเศรษฐกิจ,ผู้ไม่ได้ปฏิบัติงานเชิงเศรษฐกิจ,15377.00,บาท,,สำนักงานสถิติแห่งชาติ
2566,มหาสารคาม,ค่าใช้จ่ายทั้งสิ้นต่อเดือน,รวมทั้งสิ้น,รวมทั้งสิ้น,18142.00,บาท,,สำนักงานสถิติแห่งชาติ
2566,มหาสารคาม,ค่าใช้จ่ายทั้งสิ้นต่อเดือน,ผู้ถือครองทำการเกษตร/เพาะเลี้ยง,ปลูกพืช/เลี้ยงสัตว์/เพาะเลี้ยง_ส่วนใหญ่เป็นเจ้าของที่ดิน,15584.00,บาท,,สำนักงานสถิติแห่งชาติ
2566,มหาสารคาม,ค่าใช้จ่ายทั้งสิ้นต่อเดือน,ผู้ถือครองทำการเกษตร/เพาะเลี้ยง,ปลูกพืช/เลี้ยงสัตว์/เพาะเลี้ยง_ส่วนใหญ่เช่าที่ดิน/ทำฟรี,10895.00,บาท,,สำนักงานสถิติแห่งชาติ
2566,มหาสารคาม,ค่าใช้จ่ายทั้งสิ้นต่อเดือน,ผู้ถือครองทำการเกษตร/เพาะเลี้ยง,ประมงป่าไม้ล่าสัตว์หาของป่าบริการทางการเกษตร,19148.00,บาท,,สำนักงานสถิติแห่งชาติ
2566,มหาสารคาม,ค่าใช้จ่ายทั้งสิ้นต่อเดือน,ผู้ประกอบธุรกิจของตนเองที่ไม่ใช่การเกษตร,ผู้ประกอบธุรกิจของตนเองที่ไม่ใช่การเกษตร,23263.00,บาท,,สำนักงานสถิติแห่งชาติ
2566,มหาสารคาม,ค่าใช้จ่ายทั้งสิ้นต่อเดือน,ลูกจ้าง,ผู้จัดการนักวิชาการและผู้ปฏิบัติงานวิชาชีพ,34534.00,บาท,,สำนักงานสถิติแห่งชาติ
2566,มหาสารคาม,ค่าใช้จ่ายทั้งสิ้นต่อเดือน,ลูกจ้าง,คนงานเกษตรป่าไม้และประมง,13093.00,บาท,,สำนักงานสถิติแห่งชาติ
2566,มหาสารคาม,ค่าใช้จ่ายทั้งสิ้นต่อเดือน,ลูกจ้าง,คนงานด้านการขนส่งและงานพื้นฐาน,17735.00,บาท,,สำนักงานสถิติแห่งชาติ
2566,มหาสารคาม,ค่าใช้จ่ายทั้งสิ้นต่อเดือน,ลูกจ้าง,เสมียนพนักงานขายและให้บริการ,21502.00,บาท,,สำนักงานสถิติแห่งชาติ
2566,มหาสารคาม,ค่าใช้จ่ายทั้งสิ้นต่อเดือน,ลูกจ้าง,ผู้ปฏิบัติงานในกระบวนการผลิตก่อสร้างและเหมืองแร่,16174.00,บาท,,สำนักงานสถิติแห่งชาติ
2566,มหาสารคาม,ค่าใช้จ่ายทั้งสิ้นต่อเดือน,ผู้ไม่ได้ปฏิบัติงานเชิงเศรษฐกิจ,ผู้ไม่ได้ปฏิบัติงานเชิงเศรษฐกิจ,15094.00,บาท,,สำนักงานสถิติแห่งชาติ
2566,มหาสารคาม,หนี้สินเฉลี่ยต่อครัวเรือนทั้งสิ้น,รวมทั้งสิ้น,รวมทั้งสิ้น,154313.00,บาท,,สำนักงานสถิติแห่งชาติ
2566,มหาสารคาม,หนี้สินเฉลี่ยต่อครัวเรือนทั้งสิ้น,ผู้ถือครองทำการเกษตร/เพาะเลี้ยง,ปลูกพืช/เลี้ยงสัตว์/เพาะเลี้ยง_ส่วนใหญ่เป็นเจ้าของที่ดิน,147626.00,บาท,,สำนักงานสถิติแห่งชาติ
2566,มหาสารคาม,หนี้สินเฉลี่ยต่อครัวเรือนทั้งสิ้น,ผู้ถือครองทำการเกษตร/เพาะเลี้ยง,ปลูกพืช/เลี้ยงสัตว์/เพาะเลี้ยง_ส่วนใหญ่เช่าที่ดิน/ทำฟรี,20000.00,บาท,,สำนักงานสถิติแห่งชาติ
2566,มหาสารคาม,หนี้สินเฉลี่ยต่อครัวเรือนทั้งสิ้น,ผู้ถือครองทำการเกษตร/เพาะเลี้ยง,ประมงป่าไม้ล่าสัตว์หาของป่าบริการทางการเกษตร,50000.00,บาท,,สำนักงานสถิติแห่งชาติ
2566,มหาสารคาม,หนี้สินเฉลี่ยต่อครัวเรือนทั้งสิ้น,ผู้ประกอบธุรกิจของตนเองที่ไม่ใช่การเกษตร,ผู้ประกอบธุรกิจของตนเองที่ไม่ใช่การเกษตร,297972.00,บาท,,สำนักงานสถิติแห่งชาติ
2566,มหาสารคาม,หนี้สินเฉลี่ยต่อครัวเรือนทั้งสิ้น,ลูกจ้าง,ผู้จัดการนักวิชาการและผู้ปฏิบัติงานวิชาชีพ,447322.00,บาท,,สำนักงานสถิติแห่งชาติ
2566,มหาสารคาม,หนี้สินเฉลี่ยต่อครัวเรือนทั้งสิ้น,ลูกจ้าง,คนงานเกษตรป่าไม้และประมง,60500.00,บาท,,สำนักงานสถิติแห่งชาติ
2566,มหาสารคาม,หนี้สินเฉลี่ยต่อครัวเรือนทั้งสิ้น,ลูกจ้าง,คนงานด้านการขนส่งและงานพื้นฐาน,52010.00,บาท,,สำนักงานสถิติแห่งชาติ
2566,มหาสารคาม,หนี้สินเฉลี่ยต่อครัวเรือนทั้งสิ้น,ลูกจ้าง,เสมียนพนักงานขายและให้บริการ,179987.00,บาท,,สำนักงานสถิติแห่งชาติ
2566,มหาสารคาม,หนี้สินเฉลี่ยต่อครัวเรือนทั้งสิ้น,ลูกจ้าง,ผู้ปฏิบัติงานในกระบวนการผลิตก่อสร้างและเหมืองแร่,33860.00,บาท,,สำนักงานสถิติแห่งชาติ
2566,มหาสารคาม,หนี้สินเฉลี่ยต่อครัวเรือนทั้งสิ้น,ผู้ไม่ได้ปฏิบัติงานเชิงเศรษฐกิจ,ผู้ไม่ได้ปฏิบัติงานเชิงเศรษฐกิจ,99682.00,บาท,,สำนักงานสถิติแห่งชาติ
2566,มหาสารคาม,ร้อยละของค่าใช้จ่ายต่อรายได้,รวมทั้งสิ้น,รวมทั้งสิ้น,85.70,ร้อยละ,,สำนักงานสถิติแห่งชาติ
2566,มหาสารคาม,ร้อยละของค่าใช้จ่ายต่อรายได้,ผู้ถือครองทำการเกษตร/เพาะเลี้ยง,ปลูกพืช/เลี้ยงสัตว์/เพาะเลี้ยง_ส่วนใหญ่เป็นเจ้าของที่ดิน,73.17,ร้อยละ,,สำนักงานสถิติแห่งชาติ
2566,มหาสารคาม,ร้อยละของค่าใช้จ่ายต่อรายได้,ผู้ถือครองทำการเกษตร/เพาะเลี้ยง,ปลูกพืช/เลี้ยงสัตว์/เพาะเลี้ยง_ส่วนใหญ่เช่าที่ดิน/ทำฟรี,75.16,ร้อยละ,,สำนักงานสถิติแห่งชาติ
2566,มหาสารคาม,ร้อยละของค่าใช้จ่ายต่อรายได้,ผู้ถือครองทำการเกษตร/เพาะเลี้ยง,ประมงป่าไม้ล่าสัตว์หาของป่าบริการทางการเกษตร,130.84,ร้อยละ,,สำนักงานสถิติแห่งชาติ
2566,มหาสารคาม,ร้อยละของค่าใช้จ่ายต่อรายได้,ผู้ประกอบธุรกิจของตนเองที่ไม่ใช่การเกษตร,ผู้ประกอบธุรกิจของตนเองที่ไม่ใช่การเกษตร,79.29,ร้อยละ,,สำนักงานสถิติแห่งชาติ
2566,มหาสารคาม,ร้อยละของค่าใช้จ่ายต่อรายได้,ลูกจ้าง,ผู้จัดการนักวิชาการและผู้ปฏิบัติงานวิชาชีพ,66.79,ร้อยละ,,สำนักงานสถิติแห่งชาติ
2566,มหาสารคาม,ร้อยละของค่าใช้จ่ายต่อรายได้,ลูกจ้าง,คนงานเกษตรป่าไม้และประมง,121.68,ร้อยละ,,สำนักงานสถิติแห่งชาติ
2566,มหาสารคาม,ร้อยละของค่าใช้จ่ายต่อรายได้,ลูกจ้าง,คนงานด้านการขนส่งและงานพื้นฐาน,92.17,ร้อยละ,,สำนักงานสถิติแห่งชาติ
2566,มหาสารคาม,ร้อยละของค่าใช้จ่ายต่อรายได้,ลูกจ้าง,เสมียนพนักงานขายและให้บริการ,80.32,ร้อยละ,,สำนักงานสถิติแห่งชาติ
2566,มหาสารคาม,ร้อยละของค่าใช้จ่ายต่อรายได้,ลูกจ้าง,ผู้ปฏิบัติงานในกระบวนการผลิตก่อสร้างและเหมืองแร่,91.50,ร้อยละ,,สำนักงานสถิติแห่งชาติ
2566,มหาสารคาม,ร้อยละของค่าใช้จ่ายต่อรายได้,ผู้ไม่ได้ปฏิบัติงานเชิงเศรษฐกิจ,ผู้ไม่ได้ปฏิบัติงานเชิงเศรษฐกิจ,98.16,ร้อยละ,,สำนักงานสถิติแห่งชาติ
2566,ร้อยเอ็ด,รายได้ทั้งสิ้นต่อเดือน,รวมทั้งสิ้น,รวมทั้งสิ้น,20354.00,บาท,,สำนักงานสถิติแห่งชาติ
2566,ร้อยเอ็ด,รายได้ทั้งสิ้นต่อเดือน,ผู้ถือครองทำการเกษตร/เพาะเลี้ยง,ปลูกพืช/เลี้ยงสัตว์/เพาะเลี้ยง_ส่วนใหญ่เป็นเจ้าของที่ดิน,13371.00,บาท,,สำนักงานสถิติแห่งชาติ
2566,ร้อยเอ็ด,รายได้ทั้งสิ้นต่อเดือน,ผู้ถือครองทำการเกษตร/เพาะเลี้ยง,ปลูกพืช/เลี้ยงสัตว์/เพาะเลี้ยง_ส่วนใหญ่เช่าที่ดิน/ทำฟรี,17057.00,บาท,,สำนักงานสถิติแห่งชาติ
2566,ร้อยเอ็ด,รายได้ทั้งสิ้นต่อเดือน,ผู้ถือครองทำการเกษตร/เพาะเลี้ยง,ประมงป่าไม้ล่าสัตว์หาของป่าบริการทางการเกษตร,16341.00,บาท,,สำนักงานสถิติแห่งชาติ
2566,ร้อยเอ็ด,รายได้ทั้งสิ้นต่อเดือน,ผู้ประกอบธุรกิจของตนเองที่ไม่ใช่การเกษตร,ผู้ประกอบธุรกิจของตนเองที่ไม่ใช่การเกษตร,31686.00,บาท,,สำนักงานสถิติแห่งชาติ
2566,ร้อยเอ็ด,รายได้ทั้งสิ้นต่อเดือน,ลูกจ้าง,ผู้จัดการนักวิชาการและผู้ปฏิบัติงานวิชาชีพ,54735.00,บาท,,สำนักงานสถิติแห่งชาติ
2566,ร้อยเอ็ด,รายได้ทั้งสิ้นต่อเดือน,ลูกจ้าง,คนงานเกษตรป่าไม้และประมง,38627.00,บาท,,สำนักงานสถิติแห่งชาติ
2566,ร้อยเอ็ด,รายได้ทั้งสิ้นต่อเดือน,ลูกจ้าง,คนงานด้านการขนส่งและงานพื้นฐาน,14359.00,บาท,,สำนักงานสถิติแห่งชาติ
2566,ร้อยเอ็ด,รายได้ทั้งสิ้นต่อเดือน,ลูกจ้าง,เสมียนพนักงานขายและให้บริการ,26604.00,บาท,,สำนักงานสถิติแห่งชาติ
2566,ร้อยเอ็ด,รายได้ทั้งสิ้นต่อเดือน,ลูกจ้าง,ผู้ปฏิบัติงานในกระบวนการผลิตก่อสร้างและเหมืองแร่,19585.00,บาท,,สำนักงานสถิติแห่งชาติ
2566,ร้อยเอ็ด,รายได้ทั้งสิ้นต่อเดือน,ผู้ไม่ได้ปฏิบัติงานเชิงเศรษฐกิจ,ผู้ไม่ได้ปฏิบัติงานเชิงเศรษฐกิจ,15417.00,บาท,,สำนักงานสถิติแห่งชาติ
2566,ร้อยเอ็ด,ค่าใช้จ่ายทั้งสิ้นต่อเดือน,รวมทั้งสิ้น,รวมทั้งสิ้น,19675.00,บาท,,สำนักงานสถิติแห่งชาติ
2566,ร้อยเอ็ด,ค่าใช้จ่ายทั้งสิ้นต่อเดือน,ผู้ถือครองทำการเกษตร/เพาะเลี้ยง,ปลูกพืช/เลี้ยงสัตว์/เพาะเลี้ยง_ส่วนใหญ่เป็นเจ้าของที่ดิน,18459.00,บาท,,สำนักงานสถิติแห่งชาติ
2566,ร้อยเอ็ด,ค่าใช้จ่ายทั้งสิ้นต่อเดือน,ผู้ถือครองทำการเกษตร/เพาะเลี้ยง,ปลูกพืช/เลี้ยงสัตว์/เพาะเลี้ยง_ส่วนใหญ่เช่าที่ดิน/ทำฟรี,20614.00,บาท,,สำนักงานสถิติแห่งชาติ
2566,ร้อยเอ็ด,ค่าใช้จ่ายทั้งสิ้นต่อเดือน,ผู้ถือครองทำการเกษตร/เพาะเลี้ยง,ประมงป่าไม้ล่าสัตว์หาของป่าบริการทางการเกษตร,17555.00,บาท,,สำนักงานสถิติแห่งชาติ
2566,ร้อยเอ็ด,ค่าใช้จ่ายทั้งสิ้นต่อเดือน,ผู้ประกอบธุรกิจของตนเองที่ไม่ใช่การเกษตร,ผู้ประกอบธุรกิจของตนเองที่ไม่ใช่การเกษตร,26457.00,บาท,,สำนักงานสถิติแห่งชาติ
2566,ร้อยเอ็ด,ค่าใช้จ่ายทั้งสิ้นต่อเดือน,ลูกจ้าง,ผู้จัดการนักวิชาการและผู้ปฏิบัติงานวิชาชีพ,40495.00,บาท,,สำนักงานสถิติแห่งชาติ
2566,ร้อยเอ็ด,ค่าใช้จ่ายทั้งสิ้นต่อเดือน,ลูกจ้าง,คนงานเกษตรป่าไม้และประมง,36460.00,บาท,,สำนักงานสถิติแห่งชาติ
2566,ร้อยเอ็ด,ค่าใช้จ่ายทั้งสิ้นต่อเดือน,ลูกจ้าง,คนงานด้านการขนส่งและงานพื้นฐาน,13753.00,บาท,,สำนักงานสถิติแห่งชาติ
2566,ร้อยเอ็ด,ค่าใช้จ่ายทั้งสิ้นต่อเดือน,ลูกจ้าง,เสมียนพนักงานขายและให้บริการ,22850.00,บาท,,สำนักงานสถิติแห่งชาติ
2566,ร้อยเอ็ด,ค่าใช้จ่ายทั้งสิ้นต่อเดือน,ลูกจ้าง,ผู้ปฏิบัติงานในกระบวนการผลิตก่อสร้างและเหมืองแร่,18976.00,บาท,,สำนักงานสถิติแห่งชาติ
2566,ร้อยเอ็ด,ค่าใช้จ่ายทั้งสิ้นต่อเดือน,ผู้ไม่ได้ปฏิบัติงานเชิงเศรษฐกิจ,ผู้ไม่ได้ปฏิบัติงานเชิงเศรษฐกิจ,15571.00,บาท,,สำนักงานสถิติแห่งชาติ
2566,ร้อยเอ็ด,หนี้สินเฉลี่ยต่อครัวเรือนทั้งสิ้น,รวมทั้งสิ้น,รวมทั้งสิ้น,161510.00,บาท,,สำนักงานสถิติแห่งชาติ
2566,ร้อยเอ็ด,หนี้สินเฉลี่ยต่อครัวเรือนทั้งสิ้น,ผู้ถือครองทำการเกษตร/เพาะเลี้ยง,ปลูกพืช/เลี้ยงสัตว์/เพาะเลี้ยง_ส่วนใหญ่เป็นเจ้าของที่ดิน,57668.00,บาท,,สำนักงานสถิติแห่งชาติ
2566,ร้อยเอ็ด,หนี้สินเฉลี่ยต่อครัวเรือนทั้งสิ้น,ผู้ถือครองทำการเกษตร/เพาะเลี้ยง,ปลูกพืช/เลี้ยงสัตว์/เพาะเลี้ยง_ส่วนใหญ่เช่าที่ดิน/ทำฟรี,349703.00,บาท,,สำนักงานสถิติแห่งชาติ
2566,ร้อยเอ็ด,หนี้สินเฉลี่ยต่อครัวเรือนทั้งสิ้น,ผู้ถือครองทำการเกษตร/เพาะเลี้ยง,ประมงป่าไม้ล่าสัตว์หาของป่าบริการทางการเกษตร,504515.00,บาท,,สำนักงานสถิติแห่งชาติ
2566,ร้อยเอ็ด,หนี้สินเฉลี่ยต่อครัวเรือนทั้งสิ้น,ผู้ประกอบธุรกิจของตนเองที่ไม่ใช่การเกษตร,ผู้ประกอบธุรกิจของตนเองที่ไม่ใช่การเกษตร,154814.00,บาท,,สำนักงานสถิติแห่งชาติ
2566,ร้อยเอ็ด,หนี้สินเฉลี่ยต่อครัวเรือนทั้งสิ้น,ลูกจ้าง,ผู้จัดการนักวิชาการและผู้ปฏิบัติงานวิชาชีพ,1057602.00,บาท,,สำนักงานสถิติแห่งชาติ
2566,ร้อยเอ็ด,หนี้สินเฉลี่ยต่อครัวเรือนทั้งสิ้น,ลูกจ้าง,คนงานเกษตรป่าไม้และประมง,32300.00,บาท,,สำนักงานสถิติแห่งชาติ
2566,ร้อยเอ็ด,หนี้สินเฉลี่ยต่อครัวเรือนทั้งสิ้น,ลูกจ้าง,คนงานด้านการขนส่งและงานพื้นฐาน,61113.00,บาท,,สำนักงานสถิติแห่งชาติ
2566,ร้อยเอ็ด,หนี้สินเฉลี่ยต่อครัวเรือนทั้งสิ้น,ลูกจ้าง,เสมียนพนักงานขายและให้บริการ,109194.00,บาท,,สำนักงานสถิติแห่งชาติ
2566,ร้อยเอ็ด,หนี้สินเฉลี่ยต่อครัวเรือนทั้งสิ้น,ลูกจ้าง,ผู้ปฏิบัติงานในกระบวนการผลิตก่อสร้างและเหมืองแร่,191441.00,บาท,,สำนักงานสถิติแห่งชาติ
2566,ร้อยเอ็ด,หนี้สินเฉลี่ยต่อครัวเรือนทั้งสิ้น,ผู้ไม่ได้ปฏิบัติงานเชิงเศรษฐกิจ,ผู้ไม่ได้ปฏิบัติงานเชิงเศรษฐกิจ,93249.00,บาท,,สำนักงานสถิติแห่งชาติ
2566,ร้อยเอ็ด,ร้อยละของค่าใช้จ่ายต่อรายได้,รวมทั้งสิ้น,รวมทั้งสิ้น,96.66,ร้อยละ,,สำนักงานสถิติแห่งชาติ
2566,ร้อยเอ็ด,ร้อยละของค่าใช้จ่ายต่อรายได้,ผู้ถือครองทำการเกษตร/เพาะเลี้ยง,ปลูกพืช/เลี้ยงสัตว์/เพาะเลี้ยง_ส่วนใหญ่เป็นเจ้าของที่ดิน,138.05,ร้อยละ,,สำนักงานสถิติแห่งชาติ
2566,ร้อยเอ็ด,ร้อยละของค่าใช้จ่ายต่อรายได้,ผู้ถือครองทำการเกษตร/เพาะเลี้ยง,ปลูกพืช/เลี้ยงสัตว์/เพาะเลี้ยง_ส่วนใหญ่เช่าที่ดิน/ทำฟรี,120.85,ร้อยละ,,สำนักงานสถิติแห่งชาติ
2566,ร้อยเอ็ด,ร้อยละของค่าใช้จ่ายต่อรายได้,ผู้ถือครองทำการเกษตร/เพาะเลี้ยง,ประมงป่าไม้ล่าสัตว์หาของป่าบริการทางการเกษตร,107.43,ร้อยละ,,สำนักงานสถิติแห่งชาติ
2566,ร้อยเอ็ด,ร้อยละของค่าใช้จ่ายต่อรายได้,ผู้ประกอบธุรกิจของตนเองที่ไม่ใช่การเกษตร,ผู้ประกอบธุรกิจของตนเองที่ไม่ใช่การเกษตร,83.50,ร้อยละ,,สำนักงานสถิติแห่งชาติ
2566,ร้อยเอ็ด,ร้อยละของค่าใช้จ่ายต่อรายได้,ลูกจ้าง,ผู้จัดการนักวิชาการและผู้ปฏิบัติงานวิชาชีพ,73.98,ร้อยละ,,สำนักงานสถิติแห่งชาติ
2566,ร้อยเอ็ด,ร้อยละของค่าใช้จ่ายต่อรายได้,ลูกจ้าง,คนงานเกษตรป่าไม้และประมง,94.39,ร้อยละ,,สำนักงานสถิติแห่งชาติ
2566,ร้อยเอ็ด,ร้อยละของค่าใช้จ่ายต่อรายได้,ลูกจ้าง,คนงานด้านการขนส่งและงานพื้นฐาน,95.78,ร้อยละ,,สำนักงานสถิติแห่งชาติ
2566,ร้อยเอ็ด,ร้อยละของค่าใช้จ่ายต่อรายได้,ลูกจ้าง,เสมียนพนักงานขายและให้บริการ,85.89,ร้อยละ,,สำนักงานสถิติแห่งชาติ
2566,ร้อยเอ็ด,ร้อยละของค่าใช้จ่ายต่อรายได้,ลูกจ้าง,ผู้ปฏิบัติงานในกระบวนการผลิตก่อสร้างและเหมืองแร่,96.89,ร้อยละ,,สำนักงานสถิติแห่งชาติ
2566,ร้อยเอ็ด,ร้อยละของค่าใช้จ่ายต่อรายได้,ผู้ไม่ได้ปฏิบัติงานเชิงเศรษฐกิจ,ผู้ไม่ได้ปฏิบัติงานเชิงเศรษฐกิจ,101.00,ร้อยละ,,สำนักงานสถิติแห่งชาติ
2566,กาฬสินธุ์,รายได้ทั้งสิ้นต่อเดือน,รวมทั้งสิ้น,รวมทั้งสิ้น,20600.00,บาท,,สำนักงานสถิติแห่งชาติ
2566,กาฬสินธุ์,รายได้ทั้งสิ้นต่อเดือน,ผู้ถือครองทำการเกษตร/เพาะเลี้ยง,ปลูกพืช/เลี้ยงสัตว์/เพาะเลี้ยง_ส่วนใหญ่เป็นเจ้าของที่ดิน,18894.00,บาท,,สำนักงานสถิติแห่งชาติ
2566,กาฬสินธุ์,รายได้ทั้งสิ้นต่อเดือน,ผู้ถือครองทำการเกษตร/เพาะเลี้ยง,ปลูกพืช/เลี้ยงสัตว์/เพาะเลี้ยง_ส่วนใหญ่เช่าที่ดิน/ทำฟรี,34870.00,บาท,,สำนักงานสถิติแห่งชาติ
2566,กาฬสินธุ์,รายได้ทั้งสิ้นต่อเดือน,ผู้ถือครองทำการเกษตร/เพาะเลี้ยง,ประมงป่าไม้ล่าสัตว์หาของป่าบริการทางการเกษตร,12912.00,บาท,,สำนักงานสถิติแห่งชาติ
2566,กาฬสินธุ์,รายได้ทั้งสิ้นต่อเดือน,ผู้ประกอบธุรกิจของตนเองที่ไม่ใช่การเกษตร,ผู้ประกอบธุรกิจของตนเองที่ไม่ใช่การเกษตร,34218.00,บาท,,สำนักงานสถิติแห่งชาติ
2566,กาฬสินธุ์,รายได้ทั้งสิ้นต่อเดือน,ลูกจ้าง,ผู้จัดการนักวิชาการและผู้ปฏิบัติงานวิชาชีพ,46726.00,บาท,,สำนักงานสถิติแห่งชาติ
2566,กาฬสินธุ์,รายได้ทั้งสิ้นต่อเดือน,ลูกจ้าง,คนงานเกษตรป่าไม้และประมง,.00,บาท,"ศูนย์ยกกำลังดับเบิลยู หมายถึง ข้อมูลจากการสำรวจตัวอย่างมีค่าเป็น 0",สำนักงานสถิติแห่งชาติ
2566,กาฬสินธุ์,รายได้ทั้งสิ้นต่อเดือน,ลูกจ้าง,คนงานด้านการขนส่งและงานพื้นฐาน,12565.00,บาท,,สำนักงานสถิติแห่งชาติ
2566,กาฬสินธุ์,รายได้ทั้งสิ้นต่อเดือน,ลูกจ้าง,เสมียนพนักงานขายและให้บริการ,21039.00,บาท,,สำนักงานสถิติแห่งชาติ
2566,กาฬสินธุ์,รายได้ทั้งสิ้นต่อเดือน,ลูกจ้าง,ผู้ปฏิบัติงานในกระบวนการผลิตก่อสร้างและเหมืองแร่,15503.00,บาท,,สำนักงานสถิติแห่งชาติ
2566,กาฬสินธุ์,รายได้ทั้งสิ้นต่อเดือน,ผู้ไม่ได้ปฏิบัติงานเชิงเศรษฐกิจ,ผู้ไม่ได้ปฏิบัติงานเชิงเศรษฐกิจ,15877.00,บาท,,สำนักงานสถิติแห่งชาติ
2566,กาฬสินธุ์,ค่าใช้จ่ายทั้งสิ้นต่อเดือน,รวมทั้งสิ้น,รวมทั้งสิ้น,16247.00,บาท,,สำนักงานสถิติแห่งชาติ
2566,กาฬสินธุ์,ค่าใช้จ่ายทั้งสิ้นต่อเดือน,ผู้ถือครองทำการเกษตร/เพาะเลี้ยง,ปลูกพืช/เลี้ยงสัตว์/เพาะเลี้ยง_ส่วนใหญ่เป็นเจ้าของที่ดิน,15453.00,บาท,,สำนักงานสถิติแห่งชาติ
2566,กาฬสินธุ์,ค่าใช้จ่ายทั้งสิ้นต่อเดือน,ผู้ถือครองทำการเกษตร/เพาะเลี้ยง,ปลูกพืช/เลี้ยงสัตว์/เพาะเลี้ยง_ส่วนใหญ่เช่าที่ดิน/ทำฟรี,30504.00,บาท,,สำนักงานสถิติแห่งชาติ
2566,กาฬสินธุ์,ค่าใช้จ่ายทั้งสิ้นต่อเดือน,ผู้ถือครองทำการเกษตร/เพาะเลี้ยง,ประมงป่าไม้ล่าสัตว์หาของป่าบริการทางการเกษตร,11540.00,บาท,,สำนักงานสถิติแห่งชาติ
2566,กาฬสินธุ์,ค่าใช้จ่ายทั้งสิ้นต่อเดือน,ผู้ประกอบธุรกิจของตนเองที่ไม่ใช่การเกษตร,ผู้ประกอบธุรกิจของตนเองที่ไม่ใช่การเกษตร,21330.00,บาท,,สำนักงานสถิติแห่งชาติ
2566,กาฬสินธุ์,ค่าใช้จ่ายทั้งสิ้นต่อเดือน,ลูกจ้าง,ผู้จัดการนักวิชาการและผู้ปฏิบัติงานวิชาชีพ,29188.00,บาท,,สำนักงานสถิติแห่งชาติ
2566,กาฬสินธุ์,ค่าใช้จ่ายทั้งสิ้นต่อเดือน,ลูกจ้าง,คนงานเกษตรป่าไม้และประมง,.00,บาท,"ศูนย์ยกกำลังดับเบิลยู หมายถึง ข้อมูลจากการสำรวจตัวอย่างมีค่าเป็น 0",สำนักงานสถิติแห่งชาติ
2566,กาฬสินธุ์,ค่าใช้จ่ายทั้งสิ้นต่อเดือน,ลูกจ้าง,คนงานด้านการขนส่งและงานพื้นฐาน,14026.00,บาท,,สำนักงานสถิติแห่งชาติ
2566,กาฬสินธุ์,ค่าใช้จ่ายทั้งสิ้นต่อเดือน,ลูกจ้าง,เสมียนพนักงานขายและให้บริการ,18088.00,บาท,,สำนักงานสถิติแห่งชาติ
2566,กาฬสินธุ์,ค่าใช้จ่ายทั้งสิ้นต่อเดือน,ลูกจ้าง,ผู้ปฏิบัติงานในกระบวนการผลิตก่อสร้างและเหมืองแร่,14076.00,บาท,,สำนักงานสถิติแห่งชาติ
2566,กาฬสินธุ์,ค่าใช้จ่ายทั้งสิ้นต่อเดือน,ผู้ไม่ได้ปฏิบัติงานเชิงเศรษฐกิจ,ผู้ไม่ได้ปฏิบัติงานเชิงเศรษฐกิจ,13944.00,บาท,,สำนักงานสถิติแห่งชาติ
2566,กาฬสินธุ์,หนี้สินเฉลี่ยต่อครัวเรือนทั้งสิ้น,รวมทั้งสิ้น,รวมทั้งสิ้น,164052.00,บาท,,สำนักงานสถิติแห่งชาติ
2566,กาฬสินธุ์,หนี้สินเฉลี่ยต่อครัวเรือนทั้งสิ้น,ผู้ถือครองทำการเกษตร/เพาะเลี้ยง,ปลูกพืช/เลี้ยงสัตว์/เพาะเลี้ยง_ส่วนใหญ่เป็นเจ้าของที่ดิน,200347.00,บาท,,สำนักงานสถิติแห่งชาติ
2566,กาฬสินธุ์,หนี้สินเฉลี่ยต่อครัวเรือนทั้งสิ้น,ผู้ถือครองทำการเกษตร/เพาะเลี้ยง,ปลูกพืช/เลี้ยงสัตว์/เพาะเลี้ยง_ส่วนใหญ่เช่าที่ดิน/ทำฟรี,474067.00,บาท,,สำนักงานสถิติแห่งชาติ
2566,กาฬสินธุ์,หนี้สินเฉลี่ยต่อครัวเรือนทั้งสิ้น,ผู้ถือครองทำการเกษตร/เพาะเลี้ยง,ประมงป่าไม้ล่าสัตว์หาของป่าบริการทางการเกษตร,115606.00,บาท,,สำนักงานสถิติแห่งชาติ
2566,กาฬสินธุ์,หนี้สินเฉลี่ยต่อครัวเรือนทั้งสิ้น,ผู้ประกอบธุรกิจของตนเองที่ไม่ใช่การเกษตร,ผู้ประกอบธุรกิจของตนเองที่ไม่ใช่การเกษตร,244331.00,บาท,,สำนักงานสถิติแห่งชาติ
2566,กาฬสินธุ์,หนี้สินเฉลี่ยต่อครัวเรือนทั้งสิ้น,ลูกจ้าง,ผู้จัดการนักวิชาการและผู้ปฏิบัติงานวิชาชีพ,490995.00,บาท,,สำนักงานสถิติแห่งชาติ
2566,กาฬสินธุ์,หนี้สินเฉลี่ยต่อครัวเรือนทั้งสิ้น,ลูกจ้าง,คนงานเกษตรป่าไม้และประมง,.00,บาท,"ศูนย์ยกกำลังดับเบิลยู หมายถึง ข้อมูลจากการสำรวจตัวอย่างมีค่าเป็น 0",สำนักงานสถิติแห่งชาติ
2566,กาฬสินธุ์,หนี้สินเฉลี่ยต่อครัวเรือนทั้งสิ้น,ลูกจ้าง,คนงานด้านการขนส่งและงานพื้นฐาน,26583.00,บาท,,สำนักงานสถิติแห่งชาติ
2566,กาฬสินธุ์,หนี้สินเฉลี่ยต่อครัวเรือนทั้งสิ้น,ลูกจ้าง,เสมียนพนักงานขายและให้บริการ,99202.00,บาท,,สำนักงานสถิติแห่งชาติ
2566,กาฬสินธุ์,หนี้สินเฉลี่ยต่อครัวเรือนทั้งสิ้น,ลูกจ้าง,ผู้ปฏิบัติงานในกระบวนการผลิตก่อสร้างและเหมืองแร่,61840.00,บาท,,สำนักงานสถิติแห่งชาติ
2566,กาฬสินธุ์,หนี้สินเฉลี่ยต่อครัวเรือนทั้งสิ้น,ผู้ไม่ได้ปฏิบัติงานเชิงเศรษฐกิจ,ผู้ไม่ได้ปฏิบัติงานเชิงเศรษฐกิจ,118882.00,บาท,,สำนักงานสถิติแห่งชาติ
2566,กาฬสินธุ์,ร้อยละของค่าใช้จ่ายต่อรายได้,รวมทั้งสิ้น,รวมทั้งสิ้น,78.87,ร้อยละ,,สำนักงานสถิติแห่งชาติ
2566,กาฬสินธุ์,ร้อยละของค่าใช้จ่ายต่อรายได้,ผู้ถือครองทำการเกษตร/เพาะเลี้ยง,ปลูกพืช/เลี้ยงสัตว์/เพาะเลี้ยง_ส่วนใหญ่เป็นเจ้าของที่ดิน,81.79,ร้อยละ,,สำนักงานสถิติแห่งชาติ
2566,กาฬสินธุ์,ร้อยละของค่าใช้จ่ายต่อรายได้,ผู้ถือครองทำการเกษตร/เพาะเลี้ยง,ปลูกพืช/เลี้ยงสัตว์/เพาะเลี้ยง_ส่วนใหญ่เช่าที่ดิน/ทำฟรี,87.48,ร้อยละ,,สำนักงานสถิติแห่งชาติ
2566,กาฬสินธุ์,ร้อยละของค่าใช้จ่ายต่อรายได้,ผู้ถือครองทำการเกษตร/เพาะเลี้ยง,ประมงป่าไม้ล่าสัตว์หาของป่าบริการทางการเกษตร,89.38,ร้อยละ,,สำนักงานสถิติแห่งชาติ
2566,กาฬสินธุ์,ร้อยละของค่าใช้จ่ายต่อรายได้,ผู้ประกอบธุรกิจของตนเองที่ไม่ใช่การเกษตร,ผู้ประกอบธุรกิจของตนเองที่ไม่ใช่การเกษตร,62.33,ร้อยละ,,สำนักงานสถิติแห่งชาติ
2566,กาฬสินธุ์,ร้อยละของค่าใช้จ่ายต่อรายได้,ลูกจ้าง,ผู้จัดการนักวิชาการและผู้ปฏิบัติงานวิชาชีพ,62.47,ร้อยละ,,สำนักงานสถิติแห่งชาติ
2566,กาฬสินธุ์,ร้อยละของค่าใช้จ่ายต่อรายได้,ลูกจ้าง,คนงานเกษตรป่าไม้และประมง,.00,ร้อยละ,"ศูนย์จุดศูนย์ศูนย์ยกกำลังดับเบิลยู หมายถึง ข้อมูลจากการสำรวจตัวอย่างมีค่าเป็น 0",สำนักงานสถิติแห่งชาติ
2566,กาฬสินธุ์,ร้อยละของค่าใช้จ่ายต่อรายได้,ลูกจ้าง,คนงานด้านการขนส่งและงานพื้นฐาน,111.62,ร้อยละ,,สำนักงานสถิติแห่งชาติ
2566,กาฬสินธุ์,ร้อยละของค่าใช้จ่ายต่อรายได้,ลูกจ้าง,เสมียนพนักงานขายและให้บริการ,85.97,ร้อยละ,,สำนักงานสถิติแห่งชาติ
2566,กาฬสินธุ์,ร้อยละของค่าใช้จ่ายต่อรายได้,ลูกจ้าง,ผู้ปฏิบัติงานในกระบวนการผลิตก่อสร้างและเหมืองแร่,90.80,ร้อยละ,,สำนักงานสถิติแห่งชาติ
2566,กาฬสินธุ์,ร้อยละของค่าใช้จ่ายต่อรายได้,ผู้ไม่ได้ปฏิบัติงานเชิงเศรษฐกิจ,ผู้ไม่ได้ปฏิบัติงานเชิงเศรษฐกิจ,87.83,ร้อยละ,,สำนักงานสถิติแห่งชาติ
2566,สกลนคร,รายได้ทั้งสิ้นต่อเดือน,รวมทั้งสิ้น,รวมทั้งสิ้น,20652.00,บาท,,สำนักงานสถิติแห่งชาติ
2566,สกลนคร,รายได้ทั้งสิ้นต่อเดือน,ผู้ถือครองทำการเกษตร/เพาะเลี้ยง,ปลูกพืช/เลี้ยงสัตว์/เพาะเลี้ยง_ส่วนใหญ่เป็นเจ้าของที่ดิน,13848.00,บาท,,สำนักงานสถิติแห่งชาติ
2566,สกลนคร,รายได้ทั้งสิ้นต่อเดือน,ผู้ถือครองทำการเกษตร/เพาะเลี้ยง,ปลูกพืช/เลี้ยงสัตว์/เพาะเลี้ยง_ส่วนใหญ่เช่าที่ดิน/ทำฟรี,26166.00,บาท,,สำนักงานสถิติแห่งชาติ
2566,สกลนคร,รายได้ทั้งสิ้นต่อเดือน,ผู้ถือครองทำการเกษตร/เพาะเลี้ยง,ประมงป่าไม้ล่าสัตว์หาของป่าบริการทางการเกษตร,26409.00,บาท,,สำนักงานสถิติแห่งชาติ
2566,สกลนคร,รายได้ทั้งสิ้นต่อเดือน,ผู้ประกอบธุรกิจของตนเองที่ไม่ใช่การเกษตร,ผู้ประกอบธุรกิจของตนเองที่ไม่ใช่การเกษตร,31493.00,บาท,,สำนักงานสถิติแห่งชาติ
2566,สกลนคร,รายได้ทั้งสิ้นต่อเดือน,ลูกจ้าง,ผู้จัดการนักวิชาการและผู้ปฏิบัติงานวิชาชีพ,43561.00,บาท,,สำนักงานสถิติแห่งชาติ
2566,สกลนคร,รายได้ทั้งสิ้นต่อเดือน,ลูกจ้าง,คนงานเกษตรป่าไม้และประมง,14804.00,บาท,,สำนักงานสถิติแห่งชาติ
2566,สกลนคร,รายได้ทั้งสิ้นต่อเดือน,ลูกจ้าง,คนงานด้านการขนส่งและงานพื้นฐาน,13797.00,บาท,,สำนักงานสถิติแห่งชาติ
2566,สกลนคร,รายได้ทั้งสิ้นต่อเดือน,ลูกจ้าง,เสมียนพนักงานขายและให้บริการ,23975.00,บาท,,สำนักงานสถิติแห่งชาติ
2566,สกลนคร,รายได้ทั้งสิ้นต่อเดือน,ลูกจ้าง,ผู้ปฏิบัติงานในกระบวนการผลิตก่อสร้างและเหมืองแร่,15920.00,บาท,,สำนักงานสถิติแห่งชาติ
2566,สกลนคร,รายได้ทั้งสิ้นต่อเดือน,ผู้ไม่ได้ปฏิบัติงานเชิงเศรษฐกิจ,ผู้ไม่ได้ปฏิบัติงานเชิงเศรษฐกิจ,16512.00,บาท,,สำนักงานสถิติแห่งชาติ
2566,สกลนคร,ค่าใช้จ่ายทั้งสิ้นต่อเดือน,รวมทั้งสิ้น,รวมทั้งสิ้น,17171.00,บาท,,สำนักงานสถิติแห่งชาติ
2566,สกลนคร,ค่าใช้จ่ายทั้งสิ้นต่อเดือน,ผู้ถือครองทำการเกษตร/เพาะเลี้ยง,ปลูกพืช/เลี้ยงสัตว์/เพาะเลี้ยง_ส่วนใหญ่เป็นเจ้าของที่ดิน,16129.00,บาท,,สำนักงานสถิติแห่งชาติ
2566,สกลนคร,ค่าใช้จ่ายทั้งสิ้นต่อเดือน,ผู้ถือครองทำการเกษตร/เพาะเลี้ยง,ปลูกพืช/เลี้ยงสัตว์/เพาะเลี้ยง_ส่วนใหญ่เช่าที่ดิน/ทำฟรี,22306.00,บาท,,สำนักงานสถิติแห่งชาติ
2566,สกลนคร,ค่าใช้จ่ายทั้งสิ้นต่อเดือน,ผู้ถือครองทำการเกษตร/เพาะเลี้ยง,ประมงป่าไม้ล่าสัตว์หาของป่าบริการทางการเกษตร,20575.00,บาท,,สำนักงานสถิติแห่งชาติ
2566,สกลนคร,ค่าใช้จ่ายทั้งสิ้นต่อเดือน,ผู้ประกอบธุรกิจของตนเองที่ไม่ใช่การเกษตร,ผู้ประกอบธุรกิจของตนเองที่ไม่ใช่การเกษตร,22574.00,บาท,,สำนักงานสถิติแห่งชาติ
2566,สกลนคร,ค่าใช้จ่ายทั้งสิ้นต่อเดือน,ลูกจ้าง,ผู้จัดการนักวิชาการและผู้ปฏิบัติงานวิชาชีพ,31050.00,บาท,,สำนักงานสถิติแห่งชาติ
2566,สกลนคร,ค่าใช้จ่ายทั้งสิ้นต่อเดือน,ลูกจ้าง,คนงานเกษตรป่าไม้และประมง,13070.00,บาท,,สำนักงานสถิติแห่งชาติ
2566,สกลนคร,ค่าใช้จ่ายทั้งสิ้นต่อเดือน,ลูกจ้าง,คนงานด้านการขนส่งและงานพื้นฐาน,12335.00,บาท,,สำนักงานสถิติแห่งชาติ
2566,สกลนคร,ค่าใช้จ่ายทั้งสิ้นต่อเดือน,ลูกจ้าง,เสมียนพนักงานขายและให้บริการ,19651.00,บาท,,สำนักงานสถิติแห่งชาติ
2566,สกลนคร,ค่าใช้จ่ายทั้งสิ้นต่อเดือน,ลูกจ้าง,ผู้ปฏิบัติงานในกระบวนการผลิตก่อสร้างและเหมืองแร่,14126.00,บาท,,สำนักงานสถิติแห่งชาติ
2566,สกลนคร,ค่าใช้จ่ายทั้งสิ้นต่อเดือน,ผู้ไม่ได้ปฏิบัติงานเชิงเศรษฐกิจ,ผู้ไม่ได้ปฏิบัติงานเชิงเศรษฐกิจ,14922.00,บาท,,สำนักงานสถิติแห่งชาติ
2566,สกลนคร,หนี้สินเฉลี่ยต่อครัวเรือนทั้งสิ้น,รวมทั้งสิ้น,รวมทั้งสิ้น,221537.00,บาท,,สำนักงานสถิติแห่งชาติ
2566,สกลนคร,หนี้สินเฉลี่ยต่อครัวเรือนทั้งสิ้น,ผู้ถือครองทำการเกษตร/เพาะเลี้ยง,ปลูกพืช/เลี้ยงสัตว์/เพาะเลี้ยง_ส่วนใหญ่เป็นเจ้าของที่ดิน,178963.00,บาท,,สำนักงานสถิติแห่งชาติ
2566,สกลนคร,หนี้สินเฉลี่ยต่อครัวเรือนทั้งสิ้น,ผู้ถือครองทำการเกษตร/เพาะเลี้ยง,ปลูกพืช/เลี้ยงสัตว์/เพาะเลี้ยง_ส่วนใหญ่เช่าที่ดิน/ทำฟรี,139542.00,บาท,,สำนักงานสถิติแห่งชาติ
2566,สกลนคร,หนี้สินเฉลี่ยต่อครัวเรือนทั้งสิ้น,ผู้ถือครองทำการเกษตร/เพาะเลี้ยง,ประมงป่าไม้ล่าสัตว์หาของป่าบริการทางการเกษตร,718441.00,บาท,,สำนักงานสถิติแห่งชาติ
2566,สกลนคร,หนี้สินเฉลี่ยต่อครัวเรือนทั้งสิ้น,ผู้ประกอบธุรกิจของตนเองที่ไม่ใช่การเกษตร,ผู้ประกอบธุรกิจของตนเองที่ไม่ใช่การเกษตร,291168.00,บาท,,สำนักงานสถิติแห่งชาติ
2566,สกลนคร,หนี้สินเฉลี่ยต่อครัวเรือนทั้งสิ้น,ลูกจ้าง,ผู้จัดการนักวิชาการและผู้ปฏิบัติงานวิชาชีพ,558605.00,บาท,,สำนักงานสถิติแห่งชาติ
2566,สกลนคร,หนี้สินเฉลี่ยต่อครัวเรือนทั้งสิ้น,ลูกจ้าง,คนงานเกษตรป่าไม้และประมง,83861.00,บาท,,สำนักงานสถิติแห่งชาติ
2566,สกลนคร,หนี้สินเฉลี่ยต่อครัวเรือนทั้งสิ้น,ลูกจ้าง,คนงานด้านการขนส่งและงานพื้นฐาน,68221.00,บาท,,สำนักงานสถิติแห่งชาติ
2566,สกลนคร,หนี้สินเฉลี่ยต่อครัวเรือนทั้งสิ้น,ลูกจ้าง,เสมียนพนักงานขายและให้บริการ,270902.00,บาท,,สำนักงานสถิติแห่งชาติ
2566,สกลนคร,หนี้สินเฉลี่ยต่อครัวเรือนทั้งสิ้น,ลูกจ้าง,ผู้ปฏิบัติงานในกระบวนการผลิตก่อสร้างและเหมืองแร่,95154.00,บาท,,สำนักงานสถิติแห่งชาติ
2566,สกลนคร,หนี้สินเฉลี่ยต่อครัวเรือนทั้งสิ้น,ผู้ไม่ได้ปฏิบัติงานเชิงเศรษฐกิจ,ผู้ไม่ได้ปฏิบัติงานเชิงเศรษฐกิจ,205629.00,บาท,,สำนักงานสถิติแห่งชาติ
2566,สกลนคร,ร้อยละของค่าใช้จ่ายต่อรายได้,รวมทั้งสิ้น,รวมทั้งสิ้น,83.15,ร้อยละ,,สำนักงานสถิติแห่งชาติ
2566,สกลนคร,ร้อยละของค่าใช้จ่ายต่อรายได้,ผู้ถือครองทำการเกษตร/เพาะเลี้ยง,ปลูกพืช/เลี้ยงสัตว์/เพาะเลี้ยง_ส่วนใหญ่เป็นเจ้าของที่ดิน,116.47,ร้อยละ,,สำนักงานสถิติแห่งชาติ
2566,สกลนคร,ร้อยละของค่าใช้จ่ายต่อรายได้,ผู้ถือครองทำการเกษตร/เพาะเลี้ยง,ปลูกพืช/เลี้ยงสัตว์/เพาะเลี้ยง_ส่วนใหญ่เช่าที่ดิน/ทำฟรี,85.25,ร้อยละ,,สำนักงานสถิติแห่งชาติ
2566,สกลนคร,ร้อยละของค่าใช้จ่ายต่อรายได้,ผู้ถือครองทำการเกษตร/เพาะเลี้ยง,ประมงป่าไม้ล่าสัตว์หาของป่าบริการทางการเกษตร,77.91,ร้อยละ,,สำนักงานสถิติแห่งชาติ
2566,สกลนคร,ร้อยละของค่าใช้จ่ายต่อรายได้,ผู้ประกอบธุรกิจของตนเองที่ไม่ใช่การเกษตร,ผู้ประกอบธุรกิจของตนเองที่ไม่ใช่การเกษตร,71.68,ร้อยละ,,สำนักงานสถิติแห่งชาติ
2566,สกลนคร,ร้อยละของค่าใช้จ่ายต่อรายได้,ลูกจ้าง,ผู้จัดการนักวิชาการและผู้ปฏิบัติงานวิชาชีพ,71.28,ร้อยละ,,สำนักงานสถิติแห่งชาติ
2566,สกลนคร,ร้อยละของค่าใช้จ่ายต่อรายได้,ลูกจ้าง,คนงานเกษตรป่าไม้และประมง,88.29,ร้อยละ,,สำนักงานสถิติแห่งชาติ
2566,สกลนคร,ร้อยละของค่าใช้จ่ายต่อรายได้,ลูกจ้าง,คนงานด้านการขนส่งและงานพื้นฐาน,89.40,ร้อยละ,,สำนักงานสถิติแห่งชาติ
2566,สกลนคร,ร้อยละของค่าใช้จ่ายต่อรายได้,ลูกจ้าง,เสมียนพนักงานขายและให้บริการ,81.97,ร้อยละ,,สำนักงานสถิติแห่งชาติ
2566,สกลนคร,ร้อยละของค่าใช้จ่ายต่อรายได้,ลูกจ้าง,ผู้ปฏิบัติงานในกระบวนการผลิตก่อสร้างและเหมืองแร่,88.73,ร้อยละ,,สำนักงานสถิติแห่งชาติ
2566,สกลนคร,ร้อยละของค่าใช้จ่ายต่อรายได้,ผู้ไม่ได้ปฏิบัติงานเชิงเศรษฐกิจ,ผู้ไม่ได้ปฏิบัติงานเชิงเศรษฐกิจ,90.37,ร้อยละ,,สำนักงานสถิติแห่งชาติ
2566,นครพนม,รายได้ทั้งสิ้นต่อเดือน,รวมทั้งสิ้น,รวมทั้งสิ้น,22099.00,บาท,,สำนักงานสถิติแห่งชาติ
2566,นครพนม,รายได้ทั้งสิ้นต่อเดือน,ผู้ถือครองทำการเกษตร/เพาะเลี้ยง,ปลูกพืช/เลี้ยงสัตว์/เพาะเลี้ยง_ส่วนใหญ่เป็นเจ้าของที่ดิน,16899.00,บาท,,สำนักงานสถิติแห่งชาติ
2566,นครพนม,รายได้ทั้งสิ้นต่อเดือน,ผู้ถือครองทำการเกษตร/เพาะเลี้ยง,ปลูกพืช/เลี้ยงสัตว์/เพาะเลี้ยง_ส่วนใหญ่เช่าที่ดิน/ทำฟรี,15386.00,บาท,,สำนักงานสถิติแห่งชาติ
2566,นครพนม,รายได้ทั้งสิ้นต่อเดือน,ผู้ถือครองทำการเกษตร/เพาะเลี้ยง,ประมงป่าไม้ล่าสัตว์หาของป่าบริการทางการเกษตร,21910.00,บาท,,สำนักงานสถิติแห่งชาติ
2566,นครพนม,รายได้ทั้งสิ้นต่อเดือน,ผู้ประกอบธุรกิจของตนเองที่ไม่ใช่การเกษตร,ผู้ประกอบธุรกิจของตนเองที่ไม่ใช่การเกษตร,32481.00,บาท,,สำนักงานสถิติแห่งชาติ
2566,นครพนม,รายได้ทั้งสิ้นต่อเดือน,ลูกจ้าง,ผู้จัดการนักวิชาการและผู้ปฏิบัติงานวิชาชีพ,42047.00,บาท,,สำนักงานสถิติแห่งชาติ
2566,นครพนม,รายได้ทั้งสิ้นต่อเดือน,ลูกจ้าง,คนงานเกษตรป่าไม้และประมง,10758.00,บาท,,สำนักงานสถิติแห่งชาติ
2566,นครพนม,รายได้ทั้งสิ้นต่อเดือน,ลูกจ้าง,คนงานด้านการขนส่งและงานพื้นฐาน,15743.00,บาท,,สำนักงานสถิติแห่งชาติ
2566,นครพนม,รายได้ทั้งสิ้นต่อเดือน,ลูกจ้าง,เสมียนพนักงานขายและให้บริการ,24850.00,บาท,,สำนักงานสถิติแห่งชาติ
2566,นครพนม,รายได้ทั้งสิ้นต่อเดือน,ลูกจ้าง,ผู้ปฏิบัติงานในกระบวนการผลิตก่อสร้างและเหมืองแร่,15752.00,บาท,,สำนักงานสถิติแห่งชาติ
2566,นครพนม,รายได้ทั้งสิ้นต่อเดือน,ผู้ไม่ได้ปฏิบัติงานเชิงเศรษฐกิจ,ผู้ไม่ได้ปฏิบัติงานเชิงเศรษฐกิจ,18410.00,บาท,,สำนักงานสถิติแห่งชาติ
2566,นครพนม,ค่าใช้จ่ายทั้งสิ้นต่อเดือน,รวมทั้งสิ้น,รวมทั้งสิ้น,20287.00,บาท,,สำนักงานสถิติแห่งชาติ
2566,นครพนม,ค่าใช้จ่ายทั้งสิ้นต่อเดือน,ผู้ถือครองทำการเกษตร/เพาะเลี้ยง,ปลูกพืช/เลี้ยงสัตว์/เพาะเลี้ยง_ส่วนใหญ่เป็นเจ้าของที่ดิน,20199.00,บาท,,สำนักงานสถิติแห่งชาติ
2566,นครพนม,ค่าใช้จ่ายทั้งสิ้นต่อเดือน,ผู้ถือครองทำการเกษตร/เพาะเลี้ยง,ปลูกพืช/เลี้ยงสัตว์/เพาะเลี้ยง_ส่วนใหญ่เช่าที่ดิน/ทำฟรี,15246.00,บาท,,สำนักงานสถิติแห่งชาติ
2566,นครพนม,ค่าใช้จ่ายทั้งสิ้นต่อเดือน,ผู้ถือครองทำการเกษตร/เพาะเลี้ยง,ประมงป่าไม้ล่าสัตว์หาของป่าบริการทางการเกษตร,21431.00,บาท,,สำนักงานสถิติแห่งชาติ
2566,นครพนม,ค่าใช้จ่ายทั้งสิ้นต่อเดือน,ผู้ประกอบธุรกิจของตนเองที่ไม่ใช่การเกษตร,ผู้ประกอบธุรกิจของตนเองที่ไม่ใช่การเกษตร,28739.00,บาท,,สำนักงานสถิติแห่งชาติ
2566,นครพนม,ค่าใช้จ่ายทั้งสิ้นต่อเดือน,ลูกจ้าง,ผู้จัดการนักวิชาการและผู้ปฏิบัติงานวิชาชีพ,30747.00,บาท,,สำนักงานสถิติแห่งชาติ
2566,นครพนม,ค่าใช้จ่ายทั้งสิ้นต่อเดือน,ลูกจ้าง,คนงานเกษตรป่าไม้และประมง,8444.00,บาท,,สำนักงานสถิติแห่งชาติ
2566,นครพนม,ค่าใช้จ่ายทั้งสิ้นต่อเดือน,ลูกจ้าง,คนงานด้านการขนส่งและงานพื้นฐาน,17668.00,บาท,,สำนักงานสถิติแห่งชาติ
2566,นครพนม,ค่าใช้จ่ายทั้งสิ้นต่อเดือน,ลูกจ้าง,เสมียนพนักงานขายและให้บริการ,21942.00,บาท,,สำนักงานสถิติแห่งชาติ
2566,นครพนม,ค่าใช้จ่ายทั้งสิ้นต่อเดือน,ลูกจ้าง,ผู้ปฏิบัติงานในกระบวนการผลิตก่อสร้างและเหมืองแร่,15426.00,บาท,,สำนักงานสถิติแห่งชาติ
2566,นครพนม,ค่าใช้จ่ายทั้งสิ้นต่อเดือน,ผู้ไม่ได้ปฏิบัติงานเชิงเศรษฐกิจ,ผู้ไม่ได้ปฏิบัติงานเชิงเศรษฐกิจ,16913.00,บาท,,สำนักงานสถิติแห่งชาติ
2566,นครพนม,หนี้สินเฉลี่ยต่อครัวเรือนทั้งสิ้น,รวมทั้งสิ้น,รวมทั้งสิ้น,193929.00,บาท,,สำนักงานสถิติแห่งชาติ
2566,นครพนม,หนี้สินเฉลี่ยต่อครัวเรือนทั้งสิ้น,ผู้ถือครองทำการเกษตร/เพาะเลี้ยง,ปลูกพืช/เลี้ยงสัตว์/เพาะเลี้ยง_ส่วนใหญ่เป็นเจ้าของที่ดิน,92870.00,บาท,,สำนักงานสถิติแห่งชาติ
2566,นครพนม,หนี้สินเฉลี่ยต่อครัวเรือนทั้งสิ้น,ผู้ถือครองทำการเกษตร/เพาะเลี้ยง,ปลูกพืช/เลี้ยงสัตว์/เพาะเลี้ยง_ส่วนใหญ่เช่าที่ดิน/ทำฟรี,127000.00,บาท,,สำนักงานสถิติแห่งชาติ
2566,นครพนม,หนี้สินเฉลี่ยต่อครัวเรือนทั้งสิ้น,ผู้ถือครองทำการเกษตร/เพาะเลี้ยง,ประมงป่าไม้ล่าสัตว์หาของป่าบริการทางการเกษตร,494914.00,บาท,,สำนักงานสถิติแห่งชาติ
2566,นครพนม,หนี้สินเฉลี่ยต่อครัวเรือนทั้งสิ้น,ผู้ประกอบธุรกิจของตนเองที่ไม่ใช่การเกษตร,ผู้ประกอบธุรกิจของตนเองที่ไม่ใช่การเกษตร,300597.00,บาท,,สำนักงานสถิติแห่งชาติ
2566,นครพนม,หนี้สินเฉลี่ยต่อครัวเรือนทั้งสิ้น,ลูกจ้าง,ผู้จัดการนักวิชาการและผู้ปฏิบัติงานวิชาชีพ,740977.00,บาท,,สำนักงานสถิติแห่งชาติ
2566,นครพนม,หนี้สินเฉลี่ยต่อครัวเรือนทั้งสิ้น,ลูกจ้าง,คนงานเกษตรป่าไม้และประมง,5275.00,บาท,,สำนักงานสถิติแห่งชาติ
2566,นครพนม,หนี้สินเฉลี่ยต่อครัวเรือนทั้งสิ้น,ลูกจ้าง,คนงานด้านการขนส่งและงานพื้นฐาน,21819.00,บาท,,สำนักงานสถิติแห่งชาติ
2566,นครพนม,หนี้สินเฉลี่ยต่อครัวเรือนทั้งสิ้น,ลูกจ้าง,เสมียนพนักงานขายและให้บริการ,218947.00,บาท,,สำนักงานสถิติแห่งชาติ
2566,นครพนม,หนี้สินเฉลี่ยต่อครัวเรือนทั้งสิ้น,ลูกจ้าง,ผู้ปฏิบัติงานในกระบวนการผลิตก่อสร้างและเหมืองแร่,63740.00,บาท,,สำนักงานสถิติแห่งชาติ
2566,นครพนม,หนี้สินเฉลี่ยต่อครัวเรือนทั้งสิ้น,ผู้ไม่ได้ปฏิบัติงานเชิงเศรษฐกิจ,ผู้ไม่ได้ปฏิบัติงานเชิงเศรษฐกิจ,130523.00,บาท,,สำนักงานสถิติแห่งชาติ
2566,นครพนม,ร้อยละของค่าใช้จ่ายต่อรายได้,รวมทั้งสิ้น,รวมทั้งสิ้น,91.80,ร้อยละ,,สำนักงานสถิติแห่งชาติ
2566,นครพนม,ร้อยละของค่าใช้จ่ายต่อรายได้,ผู้ถือครองทำการเกษตร/เพาะเลี้ยง,ปลูกพืช/เลี้ยงสัตว์/เพาะเลี้ยง_ส่วนใหญ่เป็นเจ้าของที่ดิน,119.53,ร้อยละ,,สำนักงานสถิติแห่งชาติ
2566,นครพนม,ร้อยละของค่าใช้จ่ายต่อรายได้,ผู้ถือครองทำการเกษตร/เพาะเลี้ยง,ปลูกพืช/เลี้ยงสัตว์/เพาะเลี้ยง_ส่วนใหญ่เช่าที่ดิน/ทำฟรี,99.09,ร้อยละ,,สำนักงานสถิติแห่งชาติ
2566,นครพนม,ร้อยละของค่าใช้จ่ายต่อรายได้,ผู้ถือครองทำการเกษตร/เพาะเลี้ยง,ประมงป่าไม้ล่าสัตว์หาของป่าบริการทางการเกษตร,97.81,ร้อยละ,,สำนักงานสถิติแห่งชาติ
2566,นครพนม,ร้อยละของค่าใช้จ่ายต่อรายได้,ผู้ประกอบธุรกิจของตนเองที่ไม่ใช่การเกษตร,ผู้ประกอบธุรกิจของตนเองที่ไม่ใช่การเกษตร,88.48,ร้อยละ,,สำนักงานสถิติแห่งชาติ
2566,นครพนม,ร้อยละของค่าใช้จ่ายต่อรายได้,ลูกจ้าง,ผู้จัดการนักวิชาการและผู้ปฏิบัติงานวิชาชีพ,73.13,ร้อยละ,,สำนักงานสถิติแห่งชาติ
2566,นครพนม,ร้อยละของค่าใช้จ่ายต่อรายได้,ลูกจ้าง,คนงานเกษตรป่าไม้และประมง,78.49,ร้อยละ,,สำนักงานสถิติแห่งชาติ
2566,นครพนม,ร้อยละของค่าใช้จ่ายต่อรายได้,ลูกจ้าง,คนงานด้านการขนส่งและงานพื้นฐาน,112.23,ร้อยละ,,สำนักงานสถิติแห่งชาติ
2566,นครพนม,ร้อยละของค่าใช้จ่ายต่อรายได้,ลูกจ้าง,เสมียนพนักงานขายและให้บริการ,88.30,ร้อยละ,,สำนักงานสถิติแห่งชาติ
2566,นครพนม,ร้อยละของค่าใช้จ่ายต่อรายได้,ลูกจ้าง,ผู้ปฏิบัติงานในกระบวนการผลิตก่อสร้างและเหมืองแร่,97.93,ร้อยละ,,สำนักงานสถิติแห่งชาติ
2566,นครพนม,ร้อยละของค่าใช้จ่ายต่อรายได้,ผู้ไม่ได้ปฏิบัติงานเชิงเศรษฐกิจ,ผู้ไม่ได้ปฏิบัติงานเชิงเศรษฐกิจ,91.87,ร้อยละ,,สำนักงานสถิติแห่งชาติ
2566,มุกดาหาร,รายได้ทั้งสิ้นต่อเดือน,รวมทั้งสิ้น,รวมทั้งสิ้น,24925.00,บาท,,สำนักงานสถิติแห่งชาติ
2566,มุกดาหาร,รายได้ทั้งสิ้นต่อเดือน,ผู้ถือครองทำการเกษตร/เพาะเลี้ยง,ปลูกพืช/เลี้ยงสัตว์/เพาะเลี้ยง_ส่วนใหญ่เป็นเจ้าของที่ดิน,19582.00,บาท,,สำนักงานสถิติแห่งชาติ
2566,มุกดาหาร,รายได้ทั้งสิ้นต่อเดือน,ผู้ถือครองทำการเกษตร/เพาะเลี้ยง,ปลูกพืช/เลี้ยงสัตว์/เพาะเลี้ยง_ส่วนใหญ่เช่าที่ดิน/ทำฟรี,18642.00,บาท,,สำนักงานสถิติแห่งชาติ
2566,มุกดาหาร,รายได้ทั้งสิ้นต่อเดือน,ผู้ถือครองทำการเกษตร/เพาะเลี้ยง,ประมงป่าไม้ล่าสัตว์หาของป่าบริการทางการเกษตร,17316.00,บาท,,สำนักงานสถิติแห่งชาติ
2566,มุกดาหาร,รายได้ทั้งสิ้นต่อเดือน,ผู้ประกอบธุรกิจของตนเองที่ไม่ใช่การเกษตร,ผู้ประกอบธุรกิจของตนเองที่ไม่ใช่การเกษตร,27564.00,บาท,,สำนักงานสถิติแห่งชาติ
2566,มุกดาหาร,รายได้ทั้งสิ้นต่อเดือน,ลูกจ้าง,ผู้จัดการนักวิชาการและผู้ปฏิบัติงานวิชาชีพ,51812.00,บาท,,สำนักงานสถิติแห่งชาติ
2566,มุกดาหาร,รายได้ทั้งสิ้นต่อเดือน,ลูกจ้าง,คนงานเกษตรป่าไม้และประมง,11998.00,บาท,,สำนักงานสถิติแห่งชาติ
2566,มุกดาหาร,รายได้ทั้งสิ้นต่อเดือน,ลูกจ้าง,คนงานด้านการขนส่งและงานพื้นฐาน,15790.00,บาท,,สำนักงานสถิติแห่งชาติ
2566,มุกดาหาร,รายได้ทั้งสิ้นต่อเดือน,ลูกจ้าง,เสมียนพนักงานขายและให้บริการ,22153.00,บาท,,สำนักงานสถิติแห่งชาติ
2566,มุกดาหาร,รายได้ทั้งสิ้นต่อเดือน,ลูกจ้าง,ผู้ปฏิบัติงานในกระบวนการผลิตก่อสร้างและเหมืองแร่,18604.00,บาท,,สำนักงานสถิติแห่งชาติ
2566,มุกดาหาร,รายได้ทั้งสิ้นต่อเดือน,ผู้ไม่ได้ปฏิบัติงานเชิงเศรษฐกิจ,ผู้ไม่ได้ปฏิบัติงานเชิงเศรษฐกิจ,24766.00,บาท,,สำนักงานสถิติแห่งชาติ
2566,มุกดาหาร,ค่าใช้จ่ายทั้งสิ้นต่อเดือน,รวมทั้งสิ้น,รวมทั้งสิ้น,19449.00,บาท,,สำนักงานสถิติแห่งชาติ
2566,มุกดาหาร,ค่าใช้จ่ายทั้งสิ้นต่อเดือน,ผู้ถือครองทำการเกษตร/เพาะเลี้ยง,ปลูกพืช/เลี้ยงสัตว์/เพาะเลี้ยง_ส่วนใหญ่เป็นเจ้าของที่ดิน,16790.00,บาท,,สำนักงานสถิติแห่งชาติ
2566,มุกดาหาร,ค่าใช้จ่ายทั้งสิ้นต่อเดือน,ผู้ถือครองทำการเกษตร/เพาะเลี้ยง,ปลูกพืช/เลี้ยงสัตว์/เพาะเลี้ยง_ส่วนใหญ่เช่าที่ดิน/ทำฟรี,21619.00,บาท,,สำนักงานสถิติแห่งชาติ
2566,มุกดาหาร,ค่าใช้จ่ายทั้งสิ้นต่อเดือน,ผู้ถือครองทำการเกษตร/เพาะเลี้ยง,ประมงป่าไม้ล่าสัตว์หาของป่าบริการทางการเกษตร,11258.00,บาท,,สำนักงานสถิติแห่งชาติ
2566,มุกดาหาร,ค่าใช้จ่ายทั้งสิ้นต่อเดือน,ผู้ประกอบธุรกิจของตนเองที่ไม่ใช่การเกษตร,ผู้ประกอบธุรกิจของตนเองที่ไม่ใช่การเกษตร,22503.00,บาท,,สำนักงานสถิติแห่งชาติ
2566,มุกดาหาร,ค่าใช้จ่ายทั้งสิ้นต่อเดือน,ลูกจ้าง,ผู้จัดการนักวิชาการและผู้ปฏิบัติงานวิชาชีพ,37942.00,บาท,,สำนักงานสถิติแห่งชาติ
2566,มุกดาหาร,ค่าใช้จ่ายทั้งสิ้นต่อเดือน,ลูกจ้าง,คนงานเกษตรป่าไม้และประมง,12399.00,บาท,,สำนักงานสถิติแห่งชาติ
2566,มุกดาหาร,ค่าใช้จ่ายทั้งสิ้นต่อเดือน,ลูกจ้าง,คนงานด้านการขนส่งและงานพื้นฐาน,13054.00,บาท,,สำนักงานสถิติแห่งชาติ
2566,มุกดาหาร,ค่าใช้จ่ายทั้งสิ้นต่อเดือน,ลูกจ้าง,เสมียนพนักงานขายและให้บริการ,18274.00,บาท,,สำนักงานสถิติแห่งชาติ
2566,มุกดาหาร,ค่าใช้จ่ายทั้งสิ้นต่อเดือน,ลูกจ้าง,ผู้ปฏิบัติงานในกระบวนการผลิตก่อสร้างและเหมืองแร่,14892.00,บาท,,สำนักงานสถิติแห่งชาติ
2566,มุกดาหาร,ค่าใช้จ่ายทั้งสิ้นต่อเดือน,ผู้ไม่ได้ปฏิบัติงานเชิงเศรษฐกิจ,ผู้ไม่ได้ปฏิบัติงานเชิงเศรษฐกิจ,17050.00,บาท,,สำนักงานสถิติแห่งชาติ
2566,มุกดาหาร,หนี้สินเฉลี่ยต่อครัวเรือนทั้งสิ้น,รวมทั้งสิ้น,รวมทั้งสิ้น,285176.00,บาท,,สำนักงานสถิติแห่งชาติ
2566,มุกดาหาร,หนี้สินเฉลี่ยต่อครัวเรือนทั้งสิ้น,ผู้ถือครองทำการเกษตร/เพาะเลี้ยง,ปลูกพืช/เลี้ยงสัตว์/เพาะเลี้ยง_ส่วนใหญ่เป็นเจ้าของที่ดิน,150455.00,บาท,,สำนักงานสถิติแห่งชาติ
2566,มุกดาหาร,หนี้สินเฉลี่ยต่อครัวเรือนทั้งสิ้น,ผู้ถือครองทำการเกษตร/เพาะเลี้ยง,ปลูกพืช/เลี้ยงสัตว์/เพาะเลี้ยง_ส่วนใหญ่เช่าที่ดิน/ทำฟรี,628100.00,บาท,,สำนักงานสถิติแห่งชาติ
2566,มุกดาหาร,หนี้สินเฉลี่ยต่อครัวเรือนทั้งสิ้น,ผู้ถือครองทำการเกษตร/เพาะเลี้ยง,ประมงป่าไม้ล่าสัตว์หาของป่าบริการทางการเกษตร,96165.00,บาท,,สำนักงานสถิติแห่งชาติ
2566,มุกดาหาร,หนี้สินเฉลี่ยต่อครัวเรือนทั้งสิ้น,ผู้ประกอบธุรกิจของตนเองที่ไม่ใช่การเกษตร,ผู้ประกอบธุรกิจของตนเองที่ไม่ใช่การเกษตร,311953.00,บาท,,สำนักงานสถิติแห่งชาติ
2566,มุกดาหาร,หนี้สินเฉลี่ยต่อครัวเรือนทั้งสิ้น,ลูกจ้าง,ผู้จัดการนักวิชาการและผู้ปฏิบัติงานวิชาชีพ,1280385.00,บาท,,สำนักงานสถิติแห่งชาติ
2566,มุกดาหาร,หนี้สินเฉลี่ยต่อครัวเรือนทั้งสิ้น,ลูกจ้าง,คนงานเกษตรป่าไม้และประมง,68164.00,บาท,,สำนักงานสถิติแห่งชาติ
2566,มุกดาหาร,หนี้สินเฉลี่ยต่อครัวเรือนทั้งสิ้น,ลูกจ้าง,คนงานด้านการขนส่งและงานพื้นฐาน,19588.00,บาท,,สำนักงานสถิติแห่งชาติ
2566,มุกดาหาร,หนี้สินเฉลี่ยต่อครัวเรือนทั้งสิ้น,ลูกจ้าง,เสมียนพนักงานขายและให้บริการ,181828.00,บาท,,สำนักงานสถิติแห่งชาติ
2566,มุกดาหาร,หนี้สินเฉลี่ยต่อครัวเรือนทั้งสิ้น,ลูกจ้าง,ผู้ปฏิบัติงานในกระบวนการผลิตก่อสร้างและเหมืองแร่,79959.00,บาท,,สำนักงานสถิติแห่งชาติ
2566,มุกดาหาร,หนี้สินเฉลี่ยต่อครัวเรือนทั้งสิ้น,ผู้ไม่ได้ปฏิบัติงานเชิงเศรษฐกิจ,ผู้ไม่ได้ปฏิบัติงานเชิงเศรษฐกิจ,182496.00,บาท,,สำนักงานสถิติแห่งชาติ
2566,มุกดาหาร,ร้อยละของค่าใช้จ่ายต่อรายได้,รวมทั้งสิ้น,รวมทั้งสิ้น,78.03,ร้อยละ,,สำนักงานสถิติแห่งชาติ
2566,มุกดาหาร,ร้อยละของค่าใช้จ่ายต่อรายได้,ผู้ถือครองทำการเกษตร/เพาะเลี้ยง,ปลูกพืช/เลี้ยงสัตว์/เพาะเลี้ยง_ส่วนใหญ่เป็นเจ้าของที่ดิน,85.74,ร้อยละ,,สำนักงานสถิติแห่งชาติ
2566,มุกดาหาร,ร้อยละของค่าใช้จ่ายต่อรายได้,ผู้ถือครองทำการเกษตร/เพาะเลี้ยง,ปลูกพืช/เลี้ยงสัตว์/เพาะเลี้ยง_ส่วนใหญ่เช่าที่ดิน/ทำฟรี,115.97,ร้อยละ,,สำนักงานสถิติแห่งชาติ
2566,มุกดาหาร,ร้อยละของค่าใช้จ่ายต่อรายได้,ผู้ถือครองทำการเกษตร/เพาะเลี้ยง,ประมงป่าไม้ล่าสัตว์หาของป่าบริการทางการเกษตร,65.01,ร้อยละ,,สำนักงานสถิติแห่งชาติ
2566,มุกดาหาร,ร้อยละของค่าใช้จ่ายต่อรายได้,ผู้ประกอบธุรกิจของตนเองที่ไม่ใช่การเกษตร,ผู้ประกอบธุรกิจของตนเองที่ไม่ใช่การเกษตร,81.64,ร้อยละ,,สำนักงานสถิติแห่งชาติ
2566,มุกดาหาร,ร้อยละของค่าใช้จ่ายต่อรายได้,ลูกจ้าง,ผู้จัดการนักวิชาการและผู้ปฏิบัติงานวิชาชีพ,73.23,ร้อยละ,,สำนักงานสถิติแห่งชาติ
2566,มุกดาหาร,ร้อยละของค่าใช้จ่ายต่อรายได้,ลูกจ้าง,คนงานเกษตรป่าไม้และประมง,103.35,ร้อยละ,,สำนักงานสถิติแห่งชาติ
2566,มุกดาหาร,ร้อยละของค่าใช้จ่ายต่อรายได้,ลูกจ้าง,คนงานด้านการขนส่งและงานพื้นฐาน,82.67,ร้อยละ,,สำนักงานสถิติแห่งชาติ
2566,มุกดาหาร,ร้อยละของค่าใช้จ่ายต่อรายได้,ลูกจ้าง,เสมียนพนักงานขายและให้บริการ,82.49,ร้อยละ,,สำนักงานสถิติแห่งชาติ
2566,มุกดาหาร,ร้อยละของค่าใช้จ่ายต่อรายได้,ลูกจ้าง,ผู้ปฏิบัติงานในกระบวนการผลิตก่อสร้างและเหมืองแร่,80.05,ร้อยละ,,สำนักงานสถิติแห่งชาติ
2566,มุกดาหาร,ร้อยละของค่าใช้จ่ายต่อรายได้,ผู้ไม่ได้ปฏิบัติงานเชิงเศรษฐกิจ,ผู้ไม่ได้ปฏิบัติงานเชิงเศรษฐกิจ,68.84,ร้อยละ,,สำนักงานสถิติแห่งชาติ
2566,เชียงใหม่,รายได้ทั้งสิ้นต่อเดือน,รวมทั้งสิ้น,รวมทั้งสิ้น,29252.00,บาท,,สำนักงานสถิติแห่งชาติ
2566,เชียงใหม่,รายได้ทั้งสิ้นต่อเดือน,ผู้ถือครองทำการเกษตร/เพาะเลี้ยง,ปลูกพืช/เลี้ยงสัตว์/เพาะเลี้ยง_ส่วนใหญ่เป็นเจ้าของที่ดิน,21814.00,บาท,,สำนักงานสถิติแห่งชาติ
2566,เชียงใหม่,รายได้ทั้งสิ้นต่อเดือน,ผู้ถือครองทำการเกษตร/เพาะเลี้ยง,ปลูกพืช/เลี้ยงสัตว์/เพาะเลี้ยง_ส่วนใหญ่เช่าที่ดิน/ทำฟรี,19095.00,บาท,,สำนักงานสถิติแห่งชาติ
2566,เชียงใหม่,รายได้ทั้งสิ้นต่อเดือน,ผู้ถือครองทำการเกษตร/เพาะเลี้ยง,ประมงป่าไม้ล่าสัตว์หาของป่าบริการทางการเกษตร,12763.00,บาท,,สำนักงานสถิติแห่งชาติ
2566,เชียงใหม่,รายได้ทั้งสิ้นต่อเดือน,ผู้ประกอบธุรกิจของตนเองที่ไม่ใช่การเกษตร,ผู้ประกอบธุรกิจของตนเองที่ไม่ใช่การเกษตร,50813.00,บาท,,สำนักงานสถิติแห่งชาติ
2566,เชียงใหม่,รายได้ทั้งสิ้นต่อเดือน,ลูกจ้าง,ผู้จัดการนักวิชาการและผู้ปฏิบัติงานวิชาชีพ,52758.00,บาท,,สำนักงานสถิติแห่งชาติ
2566,เชียงใหม่,รายได้ทั้งสิ้นต่อเดือน,ลูกจ้าง,คนงานเกษตรป่าไม้และประมง,10935.00,บาท,,สำนักงานสถิติแห่งชาติ
2566,เชียงใหม่,รายได้ทั้งสิ้นต่อเดือน,ลูกจ้าง,คนงานด้านการขนส่งและงานพื้นฐาน,31365.00,บาท,,สำนักงานสถิติแห่งชาติ
2566,เชียงใหม่,รายได้ทั้งสิ้นต่อเดือน,ลูกจ้าง,เสมียนพนักงานขายและให้บริการ,24504.00,บาท,,สำนักงานสถิติแห่งชาติ
2566,เชียงใหม่,รายได้ทั้งสิ้นต่อเดือน,ลูกจ้าง,ผู้ปฏิบัติงานในกระบวนการผลิตก่อสร้างและเหมืองแร่,18977.00,บาท,,สำนักงานสถิติแห่งชาติ
2566,เชียงใหม่,รายได้ทั้งสิ้นต่อเดือน,ผู้ไม่ได้ปฏิบัติงานเชิงเศรษฐกิจ,ผู้ไม่ได้ปฏิบัติงานเชิงเศรษฐกิจ,24227.00,บาท,,สำนักงานสถิติแห่งชาติ
2566,เชียงใหม่,ค่าใช้จ่ายทั้งสิ้นต่อเดือน,รวมทั้งสิ้น,รวมทั้งสิ้น,22658.00,บาท,,สำนักงานสถิติแห่งชาติ
2566,เชียงใหม่,ค่าใช้จ่ายทั้งสิ้นต่อเดือน,ผู้ถือครองทำการเกษตร/เพาะเลี้ยง,ปลูกพืช/เลี้ยงสัตว์/เพาะเลี้ยง_ส่วนใหญ่เป็นเจ้าของที่ดิน,19323.00,บาท,,สำนักงานสถิติแห่งชาติ
2566,เชียงใหม่,ค่าใช้จ่ายทั้งสิ้นต่อเดือน,ผู้ถือครองทำการเกษตร/เพาะเลี้ยง,ปลูกพืช/เลี้ยงสัตว์/เพาะเลี้ยง_ส่วนใหญ่เช่าที่ดิน/ทำฟรี,17428.00,บาท,,สำนักงานสถิติแห่งชาติ
2566,เชียงใหม่,ค่าใช้จ่ายทั้งสิ้นต่อเดือน,ผู้ถือครองทำการเกษตร/เพาะเลี้ยง,ประมงป่าไม้ล่าสัตว์หาของป่าบริการทางการเกษตร,11269.00,บาท,,สำนักงานสถิติแห่งชาติ
2566,เชียงใหม่,ค่าใช้จ่ายทั้งสิ้นต่อเดือน,ผู้ประกอบธุรกิจของตนเองที่ไม่ใช่การเกษตร,ผู้ประกอบธุรกิจของตนเองที่ไม่ใช่การเกษตร,32425.00,บาท,,สำนักงานสถิติแห่งชาติ
2566,เชียงใหม่,ค่าใช้จ่ายทั้งสิ้นต่อเดือน,ลูกจ้าง,ผู้จัดการนักวิชาการและผู้ปฏิบัติงานวิชาชีพ,42972.00,บาท,,สำนักงานสถิติแห่งชาติ
2566,เชียงใหม่,ค่าใช้จ่ายทั้งสิ้นต่อเดือน,ลูกจ้าง,คนงานเกษตรป่าไม้และประมง,9356.00,บาท,,สำนักงานสถิติแห่งชาติ
2566,เชียงใหม่,ค่าใช้จ่ายทั้งสิ้นต่อเดือน,ลูกจ้าง,คนงานด้านการขนส่งและงานพื้นฐาน,23270.00,บาท,,สำนักงานสถิติแห่งชาติ
2566,เชียงใหม่,ค่าใช้จ่ายทั้งสิ้นต่อเดือน,ลูกจ้าง,เสมียนพนักงานขายและให้บริการ,21161.00,บาท,,สำนักงานสถิติแห่งชาติ
2566,เชียงใหม่,ค่าใช้จ่ายทั้งสิ้นต่อเดือน,ลูกจ้าง,ผู้ปฏิบัติงานในกระบวนการผลิตก่อสร้างและเหมืองแร่,17241.00,บาท,,สำนักงานสถิติแห่งชาติ
2566,เชียงใหม่,ค่าใช้จ่ายทั้งสิ้นต่อเดือน,ผู้ไม่ได้ปฏิบัติงานเชิงเศรษฐกิจ,ผู้ไม่ได้ปฏิบัติงานเชิงเศรษฐกิจ,19080.00,บาท,,สำนักงานสถิติแห่งชาติ
2566,เชียงใหม่,หนี้สินเฉลี่ยต่อครัวเรือนทั้งสิ้น,รวมทั้งสิ้น,รวมทั้งสิ้น,144064.00,บาท,,สำนักงานสถิติแห่งชาติ
2566,เชียงใหม่,หนี้สินเฉลี่ยต่อครัวเรือนทั้งสิ้น,ผู้ถือครองทำการเกษตร/เพาะเลี้ยง,ปลูกพืช/เลี้ยงสัตว์/เพาะเลี้ยง_ส่วนใหญ่เป็นเจ้าของที่ดิน,157500.00,บาท,,สำนักงานสถิติแห่งชาติ
2566,เชียงใหม่,หนี้สินเฉลี่ยต่อครัวเรือนทั้งสิ้น,ผู้ถือครองทำการเกษตร/เพาะเลี้ยง,ปลูกพืช/เลี้ยงสัตว์/เพาะเลี้ยง_ส่วนใหญ่เช่าที่ดิน/ทำฟรี,159178.00,บาท,,สำนักงานสถิติแห่งชาติ
2566,เชียงใหม่,หนี้สินเฉลี่ยต่อครัวเรือนทั้งสิ้น,ผู้ถือครองทำการเกษตร/เพาะเลี้ยง,ประมงป่าไม้ล่าสัตว์หาของป่าบริการทางการเกษตร,44167.00,บาท,,สำนักงานสถิติแห่งชาติ
2566,เชียงใหม่,หนี้สินเฉลี่ยต่อครัวเรือนทั้งสิ้น,ผู้ประกอบธุรกิจของตนเองที่ไม่ใช่การเกษตร,ผู้ประกอบธุรกิจของตนเองที่ไม่ใช่การเกษตร,317552.00,บาท,,สำนักงานสถิติแห่งชาติ
2566,เชียงใหม่,หนี้สินเฉลี่ยต่อครัวเรือนทั้งสิ้น,ลูกจ้าง,ผู้จัดการนักวิชาการและผู้ปฏิบัติงานวิชาชีพ,242396.00,บาท,,สำนักงานสถิติแห่งชาติ
2566,เชียงใหม่,หนี้สินเฉลี่ยต่อครัวเรือนทั้งสิ้น,ลูกจ้าง,คนงานเกษตรป่าไม้และประมง,.00,บาท,"ศูนย์ยกกำลังดับเบิลยู หมายถึง ข้อมูลจากการสำรวจตัวอย่างมีค่าเป็น 0",สำนักงานสถิติแห่งชาติ
2566,เชียงใหม่,หนี้สินเฉลี่ยต่อครัวเรือนทั้งสิ้น,ลูกจ้าง,คนงานด้านการขนส่งและงานพื้นฐาน,3482.00,บาท,,สำนักงานสถิติแห่งชาติ
2566,เชียงใหม่,หนี้สินเฉลี่ยต่อครัวเรือนทั้งสิ้น,ลูกจ้าง,เสมียนพนักงานขายและให้บริการ,110309.00,บาท,,สำนักงานสถิติแห่งชาติ
2566,เชียงใหม่,หนี้สินเฉลี่ยต่อครัวเรือนทั้งสิ้น,ลูกจ้าง,ผู้ปฏิบัติงานในกระบวนการผลิตก่อสร้างและเหมืองแร่,40439.00,บาท,,สำนักงานสถิติแห่งชาติ
2566,เชียงใหม่,หนี้สินเฉลี่ยต่อครัวเรือนทั้งสิ้น,ผู้ไม่ได้ปฏิบัติงานเชิงเศรษฐกิจ,ผู้ไม่ได้ปฏิบัติงานเชิงเศรษฐกิจ,88288.00,บาท,,สำนักงานสถิติแห่งชาติ
2566,เชียงใหม่,ร้อยละของค่าใช้จ่ายต่อรายได้,รวมทั้งสิ้น,รวมทั้งสิ้น,77.46,ร้อยละ,,สำนักงานสถิติแห่งชาติ
2566,เชียงใหม่,ร้อยละของค่าใช้จ่ายต่อรายได้,ผู้ถือครองทำการเกษตร/เพาะเลี้ยง,ปลูกพืช/เลี้ยงสัตว์/เพาะเลี้ยง_ส่วนใหญ่เป็นเจ้าของที่ดิน,88.58,ร้อยละ,,สำนักงานสถิติแห่งชาติ
2566,เชียงใหม่,ร้อยละของค่าใช้จ่ายต่อรายได้,ผู้ถือครองทำการเกษตร/เพาะเลี้ยง,ปลูกพืช/เลี้ยงสัตว์/เพาะเลี้ยง_ส่วนใหญ่เช่าที่ดิน/ทำฟรี,91.27,ร้อยละ,,สำนักงานสถิติแห่งชาติ
2566,เชียงใหม่,ร้อยละของค่าใช้จ่ายต่อรายได้,ผู้ถือครองทำการเกษตร/เพาะเลี้ยง,ประมงป่าไม้ล่าสัตว์หาของป่าบริการทางการเกษตร,88.30,ร้อยละ,,สำนักงานสถิติแห่งชาติ
2566,เชียงใหม่,ร้อยละของค่าใช้จ่ายต่อรายได้,ผู้ประกอบธุรกิจของตนเองที่ไม่ใช่การเกษตร,ผู้ประกอบธุรกิจของตนเองที่ไม่ใช่การเกษตร,63.81,ร้อยละ,,สำนักงานสถิติแห่งชาติ
2566,เชียงใหม่,ร้อยละของค่าใช้จ่ายต่อรายได้,ลูกจ้าง,ผู้จัดการนักวิชาการและผู้ปฏิบัติงานวิชาชีพ,81.45,ร้อยละ,,สำนักงานสถิติแห่งชาติ
2566,เชียงใหม่,ร้อยละของค่าใช้จ่ายต่อรายได้,ลูกจ้าง,คนงานเกษตรป่าไม้และประมง,85.55,ร้อยละ,,สำนักงานสถิติแห่งชาติ
2566,เชียงใหม่,ร้อยละของค่าใช้จ่ายต่อรายได้,ลูกจ้าง,คนงานด้านการขนส่งและงานพื้นฐาน,74.19,ร้อยละ,,สำนักงานสถิติแห่งชาติ
2566,เชียงใหม่,ร้อยละของค่าใช้จ่ายต่อรายได้,ลูกจ้าง,เสมียนพนักงานขายและให้บริการ,86.36,ร้อยละ,,สำนักงานสถิติแห่งชาติ
2566,เชียงใหม่,ร้อยละของค่าใช้จ่ายต่อรายได้,ลูกจ้าง,ผู้ปฏิบัติงานในกระบวนการผลิตก่อสร้างและเหมืองแร่,90.85,ร้อยละ,,สำนักงานสถิติแห่งชาติ
2566,เชียงใหม่,ร้อยละของค่าใช้จ่ายต่อรายได้,ผู้ไม่ได้ปฏิบัติงานเชิงเศรษฐกิจ,ผู้ไม่ได้ปฏิบัติงานเชิงเศรษฐกิจ,78.75,ร้อยละ,,สำนักงานสถิติแห่งชาติ
2566,ลำพูน,รายได้ทั้งสิ้นต่อเดือน,รวมทั้งสิ้น,รวมทั้งสิ้น,25535.00,บาท,,สำนักงานสถิติแห่งชาติ
2566,ลำพูน,รายได้ทั้งสิ้นต่อเดือน,ผู้ถือครองทำการเกษตร/เพาะเลี้ยง,ปลูกพืช/เลี้ยงสัตว์/เพาะเลี้ยง_ส่วนใหญ่เป็นเจ้าของที่ดิน,25547.00,บาท,,สำนักงานสถิติแห่งชาติ
2566,ลำพูน,รายได้ทั้งสิ้นต่อเดือน,ผู้ถือครองทำการเกษตร/เพาะเลี้ยง,ปลูกพืช/เลี้ยงสัตว์/เพาะเลี้ยง_ส่วนใหญ่เช่าที่ดิน/ทำฟรี,30751.00,บาท,,สำนักงานสถิติแห่งชาติ
2566,ลำพูน,รายได้ทั้งสิ้นต่อเดือน,ผู้ถือครองทำการเกษตร/เพาะเลี้ยง,ประมงป่าไม้ล่าสัตว์หาของป่าบริการทางการเกษตร,15032.00,บาท,,สำนักงานสถิติแห่งชาติ
2566,ลำพูน,รายได้ทั้งสิ้นต่อเดือน,ผู้ประกอบธุรกิจของตนเองที่ไม่ใช่การเกษตร,ผู้ประกอบธุรกิจของตนเองที่ไม่ใช่การเกษตร,30396.00,บาท,,สำนักงานสถิติแห่งชาติ
2566,ลำพูน,รายได้ทั้งสิ้นต่อเดือน,ลูกจ้าง,ผู้จัดการนักวิชาการและผู้ปฏิบัติงานวิชาชีพ,48095.00,บาท,,สำนักงานสถิติแห่งชาติ
2566,ลำพูน,รายได้ทั้งสิ้นต่อเดือน,ลูกจ้าง,คนงานเกษตรป่าไม้และประมง,.00,บาท,"ศูนย์ยกกำลังดับเบิลยู หมายถึง ข้อมูลจากการสำรวจตัวอย่างมีค่าเป็น 0",สำนักงานสถิติแห่งชาติ
2566,ลำพูน,รายได้ทั้งสิ้นต่อเดือน,ลูกจ้าง,คนงานด้านการขนส่งและงานพื้นฐาน,23885.00,บาท,,สำนักงานสถิติแห่งชาติ
2566,ลำพูน,รายได้ทั้งสิ้นต่อเดือน,ลูกจ้าง,เสมียนพนักงานขายและให้บริการ,23602.00,บาท,,สำนักงานสถิติแห่งชาติ
2566,ลำพูน,รายได้ทั้งสิ้นต่อเดือน,ลูกจ้าง,ผู้ปฏิบัติงานในกระบวนการผลิตก่อสร้างและเหมืองแร่,26995.00,บาท,,สำนักงานสถิติแห่งชาติ
2566,ลำพูน,รายได้ทั้งสิ้นต่อเดือน,ผู้ไม่ได้ปฏิบัติงานเชิงเศรษฐกิจ,ผู้ไม่ได้ปฏิบัติงานเชิงเศรษฐกิจ,21681.00,บาท,,สำนักงานสถิติแห่งชาติ
2566,ลำพูน,ค่าใช้จ่ายทั้งสิ้นต่อเดือน,รวมทั้งสิ้น,รวมทั้งสิ้น,21351.00,บาท,,สำนักงานสถิติแห่งชาติ
2566,ลำพูน,ค่าใช้จ่ายทั้งสิ้นต่อเดือน,ผู้ถือครองทำการเกษตร/เพาะเลี้ยง,ปลูกพืช/เลี้ยงสัตว์/เพาะเลี้ยง_ส่วนใหญ่เป็นเจ้าของที่ดิน,19997.00,บาท,,สำนักงานสถิติแห่งชาติ
2566,ลำพูน,ค่าใช้จ่ายทั้งสิ้นต่อเดือน,ผู้ถือครองทำการเกษตร/เพาะเลี้ยง,ปลูกพืช/เลี้ยงสัตว์/เพาะเลี้ยง_ส่วนใหญ่เช่าที่ดิน/ทำฟรี,24402.00,บาท,,สำนักงานสถิติแห่งชาติ
2566,ลำพูน,ค่าใช้จ่ายทั้งสิ้นต่อเดือน,ผู้ถือครองทำการเกษตร/เพาะเลี้ยง,ประมงป่าไม้ล่าสัตว์หาของป่าบริการทางการเกษตร,13560.00,บาท,,สำนักงานสถิติแห่งชาติ
2566,ลำพูน,ค่าใช้จ่ายทั้งสิ้นต่อเดือน,ผู้ประกอบธุรกิจของตนเองที่ไม่ใช่การเกษตร,ผู้ประกอบธุรกิจของตนเองที่ไม่ใช่การเกษตร,26980.00,บาท,,สำนักงานสถิติแห่งชาติ
2566,ลำพูน,ค่าใช้จ่ายทั้งสิ้นต่อเดือน,ลูกจ้าง,ผู้จัดการนักวิชาการและผู้ปฏิบัติงานวิชาชีพ,32862.00,บาท,,สำนักงานสถิติแห่งชาติ
2566,ลำพูน,ค่าใช้จ่ายทั้งสิ้นต่อเดือน,ลูกจ้าง,คนงานเกษตรป่าไม้และประมง,.00,บาท,"ศูนย์ยกกำลังดับเบิลยู หมายถึง ข้อมูลจากการสำรวจตัวอย่างมีค่าเป็น 0",สำนักงานสถิติแห่งชาติ
2566,ลำพูน,ค่าใช้จ่ายทั้งสิ้นต่อเดือน,ลูกจ้าง,คนงานด้านการขนส่งและงานพื้นฐาน,24679.00,บาท,,สำนักงานสถิติแห่งชาติ
2566,ลำพูน,ค่าใช้จ่ายทั้งสิ้นต่อเดือน,ลูกจ้าง,เสมียนพนักงานขายและให้บริการ,20808.00,บาท,,สำนักงานสถิติแห่งชาติ
2566,ลำพูน,ค่าใช้จ่ายทั้งสิ้นต่อเดือน,ลูกจ้าง,ผู้ปฏิบัติงานในกระบวนการผลิตก่อสร้างและเหมืองแร่,23757.00,บาท,,สำนักงานสถิติแห่งชาติ
2566,ลำพูน,ค่าใช้จ่ายทั้งสิ้นต่อเดือน,ผู้ไม่ได้ปฏิบัติงานเชิงเศรษฐกิจ,ผู้ไม่ได้ปฏิบัติงานเชิงเศรษฐกิจ,17021.00,บาท,,สำนักงานสถิติแห่งชาติ
2566,ลำพูน,หนี้สินเฉลี่ยต่อครัวเรือนทั้งสิ้น,รวมทั้งสิ้น,รวมทั้งสิ้น,217442.00,บาท,,สำนักงานสถิติแห่งชาติ
2566,ลำพูน,หนี้สินเฉลี่ยต่อครัวเรือนทั้งสิ้น,ผู้ถือครองทำการเกษตร/เพาะเลี้ยง,ปลูกพืช/เลี้ยงสัตว์/เพาะเลี้ยง_ส่วนใหญ่เป็นเจ้าของที่ดิน,128385.00,บาท,,สำนักงานสถิติแห่งชาติ
2566,ลำพูน,หนี้สินเฉลี่ยต่อครัวเรือนทั้งสิ้น,ผู้ถือครองทำการเกษตร/เพาะเลี้ยง,ปลูกพืช/เลี้ยงสัตว์/เพาะเลี้ยง_ส่วนใหญ่เช่าที่ดิน/ทำฟรี,80157.00,บาท,,สำนักงานสถิติแห่งชาติ
2566,ลำพูน,หนี้สินเฉลี่ยต่อครัวเรือนทั้งสิ้น,ผู้ถือครองทำการเกษตร/เพาะเลี้ยง,ประมงป่าไม้ล่าสัตว์หาของป่าบริการทางการเกษตร,46981.00,บาท,,สำนักงานสถิติแห่งชาติ
2566,ลำพูน,หนี้สินเฉลี่ยต่อครัวเรือนทั้งสิ้น,ผู้ประกอบธุรกิจของตนเองที่ไม่ใช่การเกษตร,ผู้ประกอบธุรกิจของตนเองที่ไม่ใช่การเกษตร,340022.00,บาท,,สำนักงานสถิติแห่งชาติ
2566,ลำพูน,หนี้สินเฉลี่ยต่อครัวเรือนทั้งสิ้น,ลูกจ้าง,ผู้จัดการนักวิชาการและผู้ปฏิบัติงานวิชาชีพ,726999.00,บาท,,สำนักงานสถิติแห่งชาติ
2566,ลำพูน,หนี้สินเฉลี่ยต่อครัวเรือนทั้งสิ้น,ลูกจ้าง,คนงานเกษตรป่าไม้และประมง,.00,บาท,"ศูนย์ยกกำลังดับเบิลยู หมายถึง ข้อมูลจากการสำรวจตัวอย่างมีค่าเป็น 0",สำนักงานสถิติแห่งชาติ
2566,ลำพูน,หนี้สินเฉลี่ยต่อครัวเรือนทั้งสิ้น,ลูกจ้าง,คนงานด้านการขนส่งและงานพื้นฐาน,234758.00,บาท,,สำนักงานสถิติแห่งชาติ
2566,ลำพูน,หนี้สินเฉลี่ยต่อครัวเรือนทั้งสิ้น,ลูกจ้าง,เสมียนพนักงานขายและให้บริการ,88709.00,บาท,,สำนักงานสถิติแห่งชาติ
2566,ลำพูน,หนี้สินเฉลี่ยต่อครัวเรือนทั้งสิ้น,ลูกจ้าง,ผู้ปฏิบัติงานในกระบวนการผลิตก่อสร้างและเหมืองแร่,246113.00,บาท,,สำนักงานสถิติแห่งชาติ
2566,ลำพูน,หนี้สินเฉลี่ยต่อครัวเรือนทั้งสิ้น,ผู้ไม่ได้ปฏิบัติงานเชิงเศรษฐกิจ,ผู้ไม่ได้ปฏิบัติงานเชิงเศรษฐกิจ,139647.00,บาท,,สำนักงานสถิติแห่งชาติ
2566,ลำพูน,ร้อยละของค่าใช้จ่ายต่อรายได้,รวมทั้งสิ้น,รวมทั้งสิ้น,83.61,ร้อยละ,,สำนักงานสถิติแห่งชาติ
2566,ลำพูน,ร้อยละของค่าใช้จ่ายต่อรายได้,ผู้ถือครองทำการเกษตร/เพาะเลี้ยง,ปลูกพืช/เลี้ยงสัตว์/เพาะเลี้ยง_ส่วนใหญ่เป็นเจ้าของที่ดิน,78.27,ร้อยละ,,สำนักงานสถิติแห่งชาติ
2566,ลำพูน,ร้อยละของค่าใช้จ่ายต่อรายได้,ผู้ถือครองทำการเกษตร/เพาะเลี้ยง,ปลูกพืช/เลี้ยงสัตว์/เพาะเลี้ยง_ส่วนใหญ่เช่าที่ดิน/ทำฟรี,79.35,ร้อยละ,,สำนักงานสถิติแห่งชาติ
2566,ลำพูน,ร้อยละของค่าใช้จ่ายต่อรายได้,ผู้ถือครองทำการเกษตร/เพาะเลี้ยง,ประมงป่าไม้ล่าสัตว์หาของป่าบริการทางการเกษตร,90.21,ร้อยละ,,สำนักงานสถิติแห่งชาติ
2566,ลำพูน,ร้อยละของค่าใช้จ่ายต่อรายได้,ผู้ประกอบธุรกิจของตนเองที่ไม่ใช่การเกษตร,ผู้ประกอบธุรกิจของตนเองที่ไม่ใช่การเกษตร,88.76,ร้อยละ,,สำนักงานสถิติแห่งชาติ
2566,ลำพูน,ร้อยละของค่าใช้จ่ายต่อรายได้,ลูกจ้าง,ผู้จัดการนักวิชาการและผู้ปฏิบัติงานวิชาชีพ,68.33,ร้อยละ,,สำนักงานสถิติแห่งชาติ
2566,ลำพูน,ร้อยละของค่าใช้จ่ายต่อรายได้,ลูกจ้าง,คนงานเกษตรป่าไม้และประมง,.00,ร้อยละ,"ศูนย์จุดศูนย์ศูนย์ยกกำลังดับเบิลยู หมายถึง ข้อมูลจากการสำรวจตัวอย่างมีค่าเป็น 0",สำนักงานสถิติแห่งชาติ
2566,ลำพูน,ร้อยละของค่าใช้จ่ายต่อรายได้,ลูกจ้าง,คนงานด้านการขนส่งและงานพื้นฐาน,103.32,ร้อยละ,,สำนักงานสถิติแห่งชาติ
2566,ลำพูน,ร้อยละของค่าใช้จ่ายต่อรายได้,ลูกจ้าง,เสมียนพนักงานขายและให้บริการ,88.16,ร้อยละ,,สำนักงานสถิติแห่งชาติ
2566,ลำพูน,ร้อยละของค่าใช้จ่ายต่อรายได้,ลูกจ้าง,ผู้ปฏิบัติงานในกระบวนการผลิตก่อสร้างและเหมืองแร่,88.01,ร้อยละ,,สำนักงานสถิติแห่งชาติ
2566,ลำพูน,ร้อยละของค่าใช้จ่ายต่อรายได้,ผู้ไม่ได้ปฏิบัติงานเชิงเศรษฐกิจ,ผู้ไม่ได้ปฏิบัติงานเชิงเศรษฐกิจ,78.51,ร้อยละ,,สำนักงานสถิติแห่งชาติ
2566,ลำปาง,รายได้ทั้งสิ้นต่อเดือน,รวมทั้งสิ้น,รวมทั้งสิ้น,24039.00,บาท,,สำนักงานสถิติแห่งชาติ
2566,ลำปาง,รายได้ทั้งสิ้นต่อเดือน,ผู้ถือครองทำการเกษตร/เพาะเลี้ยง,ปลูกพืช/เลี้ยงสัตว์/เพาะเลี้ยง_ส่วนใหญ่เป็นเจ้าของที่ดิน,14830.00,บาท,,สำนักงานสถิติแห่งชาติ
2566,ลำปาง,รายได้ทั้งสิ้นต่อเดือน,ผู้ถือครองทำการเกษตร/เพาะเลี้ยง,ปลูกพืช/เลี้ยงสัตว์/เพาะเลี้ยง_ส่วนใหญ่เช่าที่ดิน/ทำฟรี,17715.00,บาท,,สำนักงานสถิติแห่งชาติ
2566,ลำปาง,รายได้ทั้งสิ้นต่อเดือน,ผู้ถือครองทำการเกษตร/เพาะเลี้ยง,ประมงป่าไม้ล่าสัตว์หาของป่าบริการทางการเกษตร,11009.00,บาท,,สำนักงานสถิติแห่งชาติ
2566,ลำปาง,รายได้ทั้งสิ้นต่อเดือน,ผู้ประกอบธุรกิจของตนเองที่ไม่ใช่การเกษตร,ผู้ประกอบธุรกิจของตนเองที่ไม่ใช่การเกษตร,33895.00,บาท,,สำนักงานสถิติแห่งชาติ
2566,ลำปาง,รายได้ทั้งสิ้นต่อเดือน,ลูกจ้าง,ผู้จัดการนักวิชาการและผู้ปฏิบัติงานวิชาชีพ,55172.00,บาท,,สำนักงานสถิติแห่งชาติ
2566,ลำปาง,รายได้ทั้งสิ้นต่อเดือน,ลูกจ้าง,คนงานเกษตรป่าไม้และประมง,12019.00,บาท,,สำนักงานสถิติแห่งชาติ
2566,ลำปาง,รายได้ทั้งสิ้นต่อเดือน,ลูกจ้าง,คนงานด้านการขนส่งและงานพื้นฐาน,16416.00,บาท,,สำนักงานสถิติแห่งชาติ
2566,ลำปาง,รายได้ทั้งสิ้นต่อเดือน,ลูกจ้าง,เสมียนพนักงานขายและให้บริการ,22927.00,บาท,,สำนักงานสถิติแห่งชาติ
2566,ลำปาง,รายได้ทั้งสิ้นต่อเดือน,ลูกจ้าง,ผู้ปฏิบัติงานในกระบวนการผลิตก่อสร้างและเหมืองแร่,20244.00,บาท,,สำนักงานสถิติแห่งชาติ
2566,ลำปาง,รายได้ทั้งสิ้นต่อเดือน,ผู้ไม่ได้ปฏิบัติงานเชิงเศรษฐกิจ,ผู้ไม่ได้ปฏิบัติงานเชิงเศรษฐกิจ,16864.00,บาท,,สำนักงานสถิติแห่งชาติ
2566,ลำปาง,ค่าใช้จ่ายทั้งสิ้นต่อเดือน,รวมทั้งสิ้น,รวมทั้งสิ้น,18889.00,บาท,,สำนักงานสถิติแห่งชาติ
2566,ลำปาง,ค่าใช้จ่ายทั้งสิ้นต่อเดือน,ผู้ถือครองทำการเกษตร/เพาะเลี้ยง,ปลูกพืช/เลี้ยงสัตว์/เพาะเลี้ยง_ส่วนใหญ่เป็นเจ้าของที่ดิน,11831.00,บาท,,สำนักงานสถิติแห่งชาติ
2566,ลำปาง,ค่าใช้จ่ายทั้งสิ้นต่อเดือน,ผู้ถือครองทำการเกษตร/เพาะเลี้ยง,ปลูกพืช/เลี้ยงสัตว์/เพาะเลี้ยง_ส่วนใหญ่เช่าที่ดิน/ทำฟรี,14112.00,บาท,,สำนักงานสถิติแห่งชาติ
2566,ลำปาง,ค่าใช้จ่ายทั้งสิ้นต่อเดือน,ผู้ถือครองทำการเกษตร/เพาะเลี้ยง,ประมงป่าไม้ล่าสัตว์หาของป่าบริการทางการเกษตร,11190.00,บาท,,สำนักงานสถิติแห่งชาติ
2566,ลำปาง,ค่าใช้จ่ายทั้งสิ้นต่อเดือน,ผู้ประกอบธุรกิจของตนเองที่ไม่ใช่การเกษตร,ผู้ประกอบธุรกิจของตนเองที่ไม่ใช่การเกษตร,23704.00,บาท,,สำนักงานสถิติแห่งชาติ
2566,ลำปาง,ค่าใช้จ่ายทั้งสิ้นต่อเดือน,ลูกจ้าง,ผู้จัดการนักวิชาการและผู้ปฏิบัติงานวิชาชีพ,38461.00,บาท,,สำนักงานสถิติแห่งชาติ
2566,ลำปาง,ค่าใช้จ่ายทั้งสิ้นต่อเดือน,ลูกจ้าง,คนงานเกษตรป่าไม้และประมง,10111.00,บาท,,สำนักงานสถิติแห่งชาติ
2566,ลำปาง,ค่าใช้จ่ายทั้งสิ้นต่อเดือน,ลูกจ้าง,คนงานด้านการขนส่งและงานพื้นฐาน,15517.00,บาท,,สำนักงานสถิติแห่งชาติ
2566,ลำปาง,ค่าใช้จ่ายทั้งสิ้นต่อเดือน,ลูกจ้าง,เสมียนพนักงานขายและให้บริการ,20147.00,บาท,,สำนักงานสถิติแห่งชาติ
2566,ลำปาง,ค่าใช้จ่ายทั้งสิ้นต่อเดือน,ลูกจ้าง,ผู้ปฏิบัติงานในกระบวนการผลิตก่อสร้างและเหมืองแร่,17231.00,บาท,,สำนักงานสถิติแห่งชาติ
2566,ลำปาง,ค่าใช้จ่ายทั้งสิ้นต่อเดือน,ผู้ไม่ได้ปฏิบัติงานเชิงเศรษฐกิจ,ผู้ไม่ได้ปฏิบัติงานเชิงเศรษฐกิจ,14197.00,บาท,,สำนักงานสถิติแห่งชาติ
2566,ลำปาง,หนี้สินเฉลี่ยต่อครัวเรือนทั้งสิ้น,รวมทั้งสิ้น,รวมทั้งสิ้น,132739.00,บาท,,สำนักงานสถิติแห่งชาติ
2566,ลำปาง,หนี้สินเฉลี่ยต่อครัวเรือนทั้งสิ้น,ผู้ถือครองทำการเกษตร/เพาะเลี้ยง,ปลูกพืช/เลี้ยงสัตว์/เพาะเลี้ยง_ส่วนใหญ่เป็นเจ้าของที่ดิน,84031.00,บาท,,สำนักงานสถิติแห่งชาติ
2566,ลำปาง,หนี้สินเฉลี่ยต่อครัวเรือนทั้งสิ้น,ผู้ถือครองทำการเกษตร/เพาะเลี้ยง,ปลูกพืช/เลี้ยงสัตว์/เพาะเลี้ยง_ส่วนใหญ่เช่าที่ดิน/ทำฟรี,208991.00,บาท,,สำนักงานสถิติแห่งชาติ
2566,ลำปาง,หนี้สินเฉลี่ยต่อครัวเรือนทั้งสิ้น,ผู้ถือครองทำการเกษตร/เพาะเลี้ยง,ประมงป่าไม้ล่าสัตว์หาของป่าบริการทางการเกษตร,30769.00,บาท,,สำนักงานสถิติแห่งชาติ
2566,ลำปาง,หนี้สินเฉลี่ยต่อครัวเรือนทั้งสิ้น,ผู้ประกอบธุรกิจของตนเองที่ไม่ใช่การเกษตร,ผู้ประกอบธุรกิจของตนเองที่ไม่ใช่การเกษตร,113019.00,บาท,,สำนักงานสถิติแห่งชาติ
2566,ลำปาง,หนี้สินเฉลี่ยต่อครัวเรือนทั้งสิ้น,ลูกจ้าง,ผู้จัดการนักวิชาการและผู้ปฏิบัติงานวิชาชีพ,630501.00,บาท,,สำนักงานสถิติแห่งชาติ
2566,ลำปาง,หนี้สินเฉลี่ยต่อครัวเรือนทั้งสิ้น,ลูกจ้าง,คนงานเกษตรป่าไม้และประมง,8404.00,บาท,,สำนักงานสถิติแห่งชาติ
2566,ลำปาง,หนี้สินเฉลี่ยต่อครัวเรือนทั้งสิ้น,ลูกจ้าง,คนงานด้านการขนส่งและงานพื้นฐาน,22217.00,บาท,,สำนักงานสถิติแห่งชาติ
2566,ลำปาง,หนี้สินเฉลี่ยต่อครัวเรือนทั้งสิ้น,ลูกจ้าง,เสมียนพนักงานขายและให้บริการ,119246.00,บาท,,สำนักงานสถิติแห่งชาติ
2566,ลำปาง,หนี้สินเฉลี่ยต่อครัวเรือนทั้งสิ้น,ลูกจ้าง,ผู้ปฏิบัติงานในกระบวนการผลิตก่อสร้างและเหมืองแร่,83285.00,บาท,,สำนักงานสถิติแห่งชาติ
2566,ลำปาง,หนี้สินเฉลี่ยต่อครัวเรือนทั้งสิ้น,ผู้ไม่ได้ปฏิบัติงานเชิงเศรษฐกิจ,ผู้ไม่ได้ปฏิบัติงานเชิงเศรษฐกิจ,50952.00,บาท,,สำนักงานสถิติแห่งชาติ
2566,ลำปาง,ร้อยละของค่าใช้จ่ายต่อรายได้,รวมทั้งสิ้น,รวมทั้งสิ้น,78.58,ร้อยละ,,สำนักงานสถิติแห่งชาติ
2566,ลำปาง,ร้อยละของค่าใช้จ่ายต่อรายได้,ผู้ถือครองทำการเกษตร/เพาะเลี้ยง,ปลูกพืช/เลี้ยงสัตว์/เพาะเลี้ยง_ส่วนใหญ่เป็นเจ้าของที่ดิน,79.78,ร้อยละ,,สำนักงานสถิติแห่งชาติ
2566,ลำปาง,ร้อยละของค่าใช้จ่ายต่อรายได้,ผู้ถือครองทำการเกษตร/เพาะเลี้ยง,ปลูกพืช/เลี้ยงสัตว์/เพาะเลี้ยง_ส่วนใหญ่เช่าที่ดิน/ทำฟรี,79.66,ร้อยละ,,สำนักงานสถิติแห่งชาติ
2566,ลำปาง,ร้อยละของค่าใช้จ่ายต่อรายได้,ผู้ถือครองทำการเกษตร/เพาะเลี้ยง,ประมงป่าไม้ล่าสัตว์หาของป่าบริการทางการเกษตร,101.64,ร้อยละ,,สำนักงานสถิติแห่งชาติ
2566,ลำปาง,ร้อยละของค่าใช้จ่ายต่อรายได้,ผู้ประกอบธุรกิจของตนเองที่ไม่ใช่การเกษตร,ผู้ประกอบธุรกิจของตนเองที่ไม่ใช่การเกษตร,69.93,ร้อยละ,,สำนักงานสถิติแห่งชาติ
2566,ลำปาง,ร้อยละของค่าใช้จ่ายต่อรายได้,ลูกจ้าง,ผู้จัดการนักวิชาการและผู้ปฏิบัติงานวิชาชีพ,69.71,ร้อยละ,,สำนักงานสถิติแห่งชาติ
2566,ลำปาง,ร้อยละของค่าใช้จ่ายต่อรายได้,ลูกจ้าง,คนงานเกษตรป่าไม้และประมง,84.12,ร้อยละ,,สำนักงานสถิติแห่งชาติ
2566,ลำปาง,ร้อยละของค่าใช้จ่ายต่อรายได้,ลูกจ้าง,คนงานด้านการขนส่งและงานพื้นฐาน,94.52,ร้อยละ,,สำนักงานสถิติแห่งชาติ
2566,ลำปาง,ร้อยละของค่าใช้จ่ายต่อรายได้,ลูกจ้าง,เสมียนพนักงานขายและให้บริการ,87.87,ร้อยละ,,สำนักงานสถิติแห่งชาติ
2566,ลำปาง,ร้อยละของค่าใช้จ่ายต่อรายได้,ลูกจ้าง,ผู้ปฏิบัติงานในกระบวนการผลิตก่อสร้างและเหมืองแร่,85.11,ร้อยละ,,สำนักงานสถิติแห่งชาติ
2566,ลำปาง,ร้อยละของค่าใช้จ่ายต่อรายได้,ผู้ไม่ได้ปฏิบัติงานเชิงเศรษฐกิจ,ผู้ไม่ได้ปฏิบัติงานเชิงเศรษฐกิจ,84.19,ร้อยละ,,สำนักงานสถิติแห่งชาติ
2566,อุตรดิตถ์,รายได้ทั้งสิ้นต่อเดือน,รวมทั้งสิ้น,รวมทั้งสิ้น,24941.00,บาท,,สำนักงานสถิติแห่งชาติ
2566,อุตรดิตถ์,รายได้ทั้งสิ้นต่อเดือน,ผู้ถือครองทำการเกษตร/เพาะเลี้ยง,ปลูกพืช/เลี้ยงสัตว์/เพาะเลี้ยง_ส่วนใหญ่เป็นเจ้าของที่ดิน,22671.00,บาท,,สำนักงานสถิติแห่งชาติ
2566,อุตรดิตถ์,รายได้ทั้งสิ้นต่อเดือน,ผู้ถือครองทำการเกษตร/เพาะเลี้ยง,ปลูกพืช/เลี้ยงสัตว์/เพาะเลี้ยง_ส่วนใหญ่เช่าที่ดิน/ทำฟรี,34743.00,บาท,,สำนักงานสถิติแห่งชาติ
2566,อุตรดิตถ์,รายได้ทั้งสิ้นต่อเดือน,ผู้ถือครองทำการเกษตร/เพาะเลี้ยง,ประมงป่าไม้ล่าสัตว์หาของป่าบริการทางการเกษตร,9263.00,บาท,,สำนักงานสถิติแห่งชาติ
2566,อุตรดิตถ์,รายได้ทั้งสิ้นต่อเดือน,ผู้ประกอบธุรกิจของตนเองที่ไม่ใช่การเกษตร,ผู้ประกอบธุรกิจของตนเองที่ไม่ใช่การเกษตร,27693.00,บาท,,สำนักงานสถิติแห่งชาติ
2566,อุตรดิตถ์,รายได้ทั้งสิ้นต่อเดือน,ลูกจ้าง,ผู้จัดการนักวิชาการและผู้ปฏิบัติงานวิชาชีพ,51874.00,บาท,,สำนักงานสถิติแห่งชาติ
2566,อุตรดิตถ์,รายได้ทั้งสิ้นต่อเดือน,ลูกจ้าง,คนงานเกษตรป่าไม้และประมง,23813.00,บาท,,สำนักงานสถิติแห่งชาติ
2566,อุตรดิตถ์,รายได้ทั้งสิ้นต่อเดือน,ลูกจ้าง,คนงานด้านการขนส่งและงานพื้นฐาน,17161.00,บาท,,สำนักงานสถิติแห่งชาติ
2566,อุตรดิตถ์,รายได้ทั้งสิ้นต่อเดือน,ลูกจ้าง,เสมียนพนักงานขายและให้บริการ,24659.00,บาท,,สำนักงานสถิติแห่งชาติ
2566,อุตรดิตถ์,รายได้ทั้งสิ้นต่อเดือน,ลูกจ้าง,ผู้ปฏิบัติงานในกระบวนการผลิตก่อสร้างและเหมืองแร่,22613.00,บาท,,สำนักงานสถิติแห่งชาติ
2566,อุตรดิตถ์,รายได้ทั้งสิ้นต่อเดือน,ผู้ไม่ได้ปฏิบัติงานเชิงเศรษฐกิจ,ผู้ไม่ได้ปฏิบัติงานเชิงเศรษฐกิจ,19461.00,บาท,,สำนักงานสถิติแห่งชาติ
2566,อุตรดิตถ์,ค่าใช้จ่ายทั้งสิ้นต่อเดือน,รวมทั้งสิ้น,รวมทั้งสิ้น,19499.00,บาท,,สำนักงานสถิติแห่งชาติ
2566,อุตรดิตถ์,ค่าใช้จ่ายทั้งสิ้นต่อเดือน,ผู้ถือครองทำการเกษตร/เพาะเลี้ยง,ปลูกพืช/เลี้ยงสัตว์/เพาะเลี้ยง_ส่วนใหญ่เป็นเจ้าของที่ดิน,16559.00,บาท,,สำนักงานสถิติแห่งชาติ
2566,อุตรดิตถ์,ค่าใช้จ่ายทั้งสิ้นต่อเดือน,ผู้ถือครองทำการเกษตร/เพาะเลี้ยง,ปลูกพืช/เลี้ยงสัตว์/เพาะเลี้ยง_ส่วนใหญ่เช่าที่ดิน/ทำฟรี,24529.00,บาท,,สำนักงานสถิติแห่งชาติ
2566,อุตรดิตถ์,ค่าใช้จ่ายทั้งสิ้นต่อเดือน,ผู้ถือครองทำการเกษตร/เพาะเลี้ยง,ประมงป่าไม้ล่าสัตว์หาของป่าบริการทางการเกษตร,8964.00,บาท,,สำนักงานสถิติแห่งชาติ
2566,อุตรดิตถ์,ค่าใช้จ่ายทั้งสิ้นต่อเดือน,ผู้ประกอบธุรกิจของตนเองที่ไม่ใช่การเกษตร,ผู้ประกอบธุรกิจของตนเองที่ไม่ใช่การเกษตร,21595.00,บาท,,สำนักงานสถิติแห่งชาติ
2566,อุตรดิตถ์,ค่าใช้จ่ายทั้งสิ้นต่อเดือน,ลูกจ้าง,ผู้จัดการนักวิชาการและผู้ปฏิบัติงานวิชาชีพ,39882.00,บาท,,สำนักงานสถิติแห่งชาติ
2566,อุตรดิตถ์,ค่าใช้จ่ายทั้งสิ้นต่อเดือน,ลูกจ้าง,คนงานเกษตรป่าไม้และประมง,20471.00,บาท,,สำนักงานสถิติแห่งชาติ
2566,อุตรดิตถ์,ค่าใช้จ่ายทั้งสิ้นต่อเดือน,ลูกจ้าง,คนงานด้านการขนส่งและงานพื้นฐาน,20397.00,บาท,,สำนักงานสถิติแห่งชาติ
2566,อุตรดิตถ์,ค่าใช้จ่ายทั้งสิ้นต่อเดือน,ลูกจ้าง,เสมียนพนักงานขายและให้บริการ,21096.00,บาท,,สำนักงานสถิติแห่งชาติ
2566,อุตรดิตถ์,ค่าใช้จ่ายทั้งสิ้นต่อเดือน,ลูกจ้าง,ผู้ปฏิบัติงานในกระบวนการผลิตก่อสร้างและเหมืองแร่,19079.00,บาท,,สำนักงานสถิติแห่งชาติ
2566,อุตรดิตถ์,ค่าใช้จ่ายทั้งสิ้นต่อเดือน,ผู้ไม่ได้ปฏิบัติงานเชิงเศรษฐกิจ,ผู้ไม่ได้ปฏิบัติงานเชิงเศรษฐกิจ,15058.00,บาท,,สำนักงานสถิติแห่งชาติ
2566,อุตรดิตถ์,หนี้สินเฉลี่ยต่อครัวเรือนทั้งสิ้น,รวมทั้งสิ้น,รวมทั้งสิ้น,268683.00,บาท,,สำนักงานสถิติแห่งชาติ
2566,อุตรดิตถ์,หนี้สินเฉลี่ยต่อครัวเรือนทั้งสิ้น,ผู้ถือครองทำการเกษตร/เพาะเลี้ยง,ปลูกพืช/เลี้ยงสัตว์/เพาะเลี้ยง_ส่วนใหญ่เป็นเจ้าของที่ดิน,246243.00,บาท,,สำนักงานสถิติแห่งชาติ
2566,อุตรดิตถ์,หนี้สินเฉลี่ยต่อครัวเรือนทั้งสิ้น,ผู้ถือครองทำการเกษตร/เพาะเลี้ยง,ปลูกพืช/เลี้ยงสัตว์/เพาะเลี้ยง_ส่วนใหญ่เช่าที่ดิน/ทำฟรี,582749.00,บาท,,สำนักงานสถิติแห่งชาติ
2566,อุตรดิตถ์,หนี้สินเฉลี่ยต่อครัวเรือนทั้งสิ้น,ผู้ถือครองทำการเกษตร/เพาะเลี้ยง,ประมงป่าไม้ล่าสัตว์หาของป่าบริการทางการเกษตร,60051.00,บาท,,สำนักงานสถิติแห่งชาติ
2566,อุตรดิตถ์,หนี้สินเฉลี่ยต่อครัวเรือนทั้งสิ้น,ผู้ประกอบธุรกิจของตนเองที่ไม่ใช่การเกษตร,ผู้ประกอบธุรกิจของตนเองที่ไม่ใช่การเกษตร,215051.00,บาท,,สำนักงานสถิติแห่งชาติ
2566,อุตรดิตถ์,หนี้สินเฉลี่ยต่อครัวเรือนทั้งสิ้น,ลูกจ้าง,ผู้จัดการนักวิชาการและผู้ปฏิบัติงานวิชาชีพ,825070.00,บาท,,สำนักงานสถิติแห่งชาติ
2566,อุตรดิตถ์,หนี้สินเฉลี่ยต่อครัวเรือนทั้งสิ้น,ลูกจ้าง,คนงานเกษตรป่าไม้และประมง,167078.00,บาท,,สำนักงานสถิติแห่งชาติ
2566,อุตรดิตถ์,หนี้สินเฉลี่ยต่อครัวเรือนทั้งสิ้น,ลูกจ้าง,คนงานด้านการขนส่งและงานพื้นฐาน,297406.00,บาท,,สำนักงานสถิติแห่งชาติ
2566,อุตรดิตถ์,หนี้สินเฉลี่ยต่อครัวเรือนทั้งสิ้น,ลูกจ้าง,เสมียนพนักงานขายและให้บริการ,237679.00,บาท,,สำนักงานสถิติแห่งชาติ
2566,อุตรดิตถ์,หนี้สินเฉลี่ยต่อครัวเรือนทั้งสิ้น,ลูกจ้าง,ผู้ปฏิบัติงานในกระบวนการผลิตก่อสร้างและเหมืองแร่,123281.00,บาท,,สำนักงานสถิติแห่งชาติ
2566,อุตรดิตถ์,หนี้สินเฉลี่ยต่อครัวเรือนทั้งสิ้น,ผู้ไม่ได้ปฏิบัติงานเชิงเศรษฐกิจ,ผู้ไม่ได้ปฏิบัติงานเชิงเศรษฐกิจ,179420.00,บาท,,สำนักงานสถิติแห่งชาติ
2566,อุตรดิตถ์,ร้อยละของค่าใช้จ่ายต่อรายได้,รวมทั้งสิ้น,รวมทั้งสิ้น,78.18,ร้อยละ,,สำนักงานสถิติแห่งชาติ
2566,อุตรดิตถ์,ร้อยละของค่าใช้จ่ายต่อรายได้,ผู้ถือครองทำการเกษตร/เพาะเลี้ยง,ปลูกพืช/เลี้ยงสัตว์/เพาะเลี้ยง_ส่วนใหญ่เป็นเจ้าของที่ดิน,73.04,ร้อยละ,,สำนักงานสถิติแห่งชาติ
2566,อุตรดิตถ์,ร้อยละของค่าใช้จ่ายต่อรายได้,ผู้ถือครองทำการเกษตร/เพาะเลี้ยง,ปลูกพืช/เลี้ยงสัตว์/เพาะเลี้ยง_ส่วนใหญ่เช่าที่ดิน/ทำฟรี,70.60,ร้อยละ,,สำนักงานสถิติแห่งชาติ
2566,อุตรดิตถ์,ร้อยละของค่าใช้จ่ายต่อรายได้,ผู้ถือครองทำการเกษตร/เพาะเลี้ยง,ประมงป่าไม้ล่าสัตว์หาของป่าบริการทางการเกษตร,96.77,ร้อยละ,,สำนักงานสถิติแห่งชาติ
2566,อุตรดิตถ์,ร้อยละของค่าใช้จ่ายต่อรายได้,ผู้ประกอบธุรกิจของตนเองที่ไม่ใช่การเกษตร,ผู้ประกอบธุรกิจของตนเองที่ไม่ใช่การเกษตร,77.98,ร้อยละ,,สำนักงานสถิติแห่งชาติ
2566,อุตรดิตถ์,ร้อยละของค่าใช้จ่ายต่อรายได้,ลูกจ้าง,ผู้จัดการนักวิชาการและผู้ปฏิบัติงานวิชาชีพ,76.88,ร้อยละ,,สำนักงานสถิติแห่งชาติ
2566,อุตรดิตถ์,ร้อยละของค่าใช้จ่ายต่อรายได้,ลูกจ้าง,คนงานเกษตรป่าไม้และประมง,85.97,ร้อยละ,,สำนักงานสถิติแห่งชาติ
2566,อุตรดิตถ์,ร้อยละของค่าใช้จ่ายต่อรายได้,ลูกจ้าง,คนงานด้านการขนส่งและงานพื้นฐาน,118.85,ร้อยละ,,สำนักงานสถิติแห่งชาติ
2566,อุตรดิตถ์,ร้อยละของค่าใช้จ่ายต่อรายได้,ลูกจ้าง,เสมียนพนักงานขายและให้บริการ,85.55,ร้อยละ,,สำนักงานสถิติแห่งชาติ
2566,อุตรดิตถ์,ร้อยละของค่าใช้จ่ายต่อรายได้,ลูกจ้าง,ผู้ปฏิบัติงานในกระบวนการผลิตก่อสร้างและเหมืองแร่,84.37,ร้อยละ,,สำนักงานสถิติแห่งชาติ
2566,อุตรดิตถ์,ร้อยละของค่าใช้จ่ายต่อรายได้,ผู้ไม่ได้ปฏิบัติงานเชิงเศรษฐกิจ,ผู้ไม่ได้ปฏิบัติงานเชิงเศรษฐกิจ,77.38,ร้อยละ,,สำนักงานสถิติแห่งชาติ
2566,แพร่,รายได้ทั้งสิ้นต่อเดือน,รวมทั้งสิ้น,รวมทั้งสิ้น,25290.00,บาท,,สำนักงานสถิติแห่งชาติ
2566,แพร่,รายได้ทั้งสิ้นต่อเดือน,ผู้ถือครองทำการเกษตร/เพาะเลี้ยง,ปลูกพืช/เลี้ยงสัตว์/เพาะเลี้ยง_ส่วนใหญ่เป็นเจ้าของที่ดิน,15890.00,บาท,,สำนักงานสถิติแห่งชาติ
2566,แพร่,รายได้ทั้งสิ้นต่อเดือน,ผู้ถือครองทำการเกษตร/เพาะเลี้ยง,ปลูกพืช/เลี้ยงสัตว์/เพาะเลี้ยง_ส่วนใหญ่เช่าที่ดิน/ทำฟรี,15511.00,บาท,,สำนักงานสถิติแห่งชาติ
2566,แพร่,รายได้ทั้งสิ้นต่อเดือน,ผู้ถือครองทำการเกษตร/เพาะเลี้ยง,ประมงป่าไม้ล่าสัตว์หาของป่าบริการทางการเกษตร,10958.00,บาท,,สำนักงานสถิติแห่งชาติ
2566,แพร่,รายได้ทั้งสิ้นต่อเดือน,ผู้ประกอบธุรกิจของตนเองที่ไม่ใช่การเกษตร,ผู้ประกอบธุรกิจของตนเองที่ไม่ใช่การเกษตร,29670.00,บาท,,สำนักงานสถิติแห่งชาติ
2566,แพร่,รายได้ทั้งสิ้นต่อเดือน,ลูกจ้าง,ผู้จัดการนักวิชาการและผู้ปฏิบัติงานวิชาชีพ,55263.00,บาท,,สำนักงานสถิติแห่งชาติ
2566,แพร่,รายได้ทั้งสิ้นต่อเดือน,ลูกจ้าง,คนงานเกษตรป่าไม้และประมง,10395.00,บาท,,สำนักงานสถิติแห่งชาติ
2566,แพร่,รายได้ทั้งสิ้นต่อเดือน,ลูกจ้าง,คนงานด้านการขนส่งและงานพื้นฐาน,16362.00,บาท,,สำนักงานสถิติแห่งชาติ
2566,แพร่,รายได้ทั้งสิ้นต่อเดือน,ลูกจ้าง,เสมียนพนักงานขายและให้บริการ,25722.00,บาท,,สำนักงานสถิติแห่งชาติ
2566,แพร่,รายได้ทั้งสิ้นต่อเดือน,ลูกจ้าง,ผู้ปฏิบัติงานในกระบวนการผลิตก่อสร้างและเหมืองแร่,16690.00,บาท,,สำนักงานสถิติแห่งชาติ
2566,แพร่,รายได้ทั้งสิ้นต่อเดือน,ผู้ไม่ได้ปฏิบัติงานเชิงเศรษฐกิจ,ผู้ไม่ได้ปฏิบัติงานเชิงเศรษฐกิจ,23505.00,บาท,,สำนักงานสถิติแห่งชาติ
2566,แพร่,ค่าใช้จ่ายทั้งสิ้นต่อเดือน,รวมทั้งสิ้น,รวมทั้งสิ้น,18340.00,บาท,,สำนักงานสถิติแห่งชาติ
2566,แพร่,ค่าใช้จ่ายทั้งสิ้นต่อเดือน,ผู้ถือครองทำการเกษตร/เพาะเลี้ยง,ปลูกพืช/เลี้ยงสัตว์/เพาะเลี้ยง_ส่วนใหญ่เป็นเจ้าของที่ดิน,14749.00,บาท,,สำนักงานสถิติแห่งชาติ
2566,แพร่,ค่าใช้จ่ายทั้งสิ้นต่อเดือน,ผู้ถือครองทำการเกษตร/เพาะเลี้ยง,ปลูกพืช/เลี้ยงสัตว์/เพาะเลี้ยง_ส่วนใหญ่เช่าที่ดิน/ทำฟรี,13788.00,บาท,,สำนักงานสถิติแห่งชาติ
2566,แพร่,ค่าใช้จ่ายทั้งสิ้นต่อเดือน,ผู้ถือครองทำการเกษตร/เพาะเลี้ยง,ประมงป่าไม้ล่าสัตว์หาของป่าบริการทางการเกษตร,11060.00,บาท,,สำนักงานสถิติแห่งชาติ
2566,แพร่,ค่าใช้จ่ายทั้งสิ้นต่อเดือน,ผู้ประกอบธุรกิจของตนเองที่ไม่ใช่การเกษตร,ผู้ประกอบธุรกิจของตนเองที่ไม่ใช่การเกษตร,22806.00,บาท,,สำนักงานสถิติแห่งชาติ
2566,แพร่,ค่าใช้จ่ายทั้งสิ้นต่อเดือน,ลูกจ้าง,ผู้จัดการนักวิชาการและผู้ปฏิบัติงานวิชาชีพ,34702.00,บาท,,สำนักงานสถิติแห่งชาติ
2566,แพร่,ค่าใช้จ่ายทั้งสิ้นต่อเดือน,ลูกจ้าง,คนงานเกษตรป่าไม้และประมง,11269.00,บาท,,สำนักงานสถิติแห่งชาติ
2566,แพร่,ค่าใช้จ่ายทั้งสิ้นต่อเดือน,ลูกจ้าง,คนงานด้านการขนส่งและงานพื้นฐาน,14191.00,บาท,,สำนักงานสถิติแห่งชาติ
2566,แพร่,ค่าใช้จ่ายทั้งสิ้นต่อเดือน,ลูกจ้าง,เสมียนพนักงานขายและให้บริการ,19307.00,บาท,,สำนักงานสถิติแห่งชาติ
2566,แพร่,ค่าใช้จ่ายทั้งสิ้นต่อเดือน,ลูกจ้าง,ผู้ปฏิบัติงานในกระบวนการผลิตก่อสร้างและเหมืองแร่,14432.00,บาท,,สำนักงานสถิติแห่งชาติ
2566,แพร่,ค่าใช้จ่ายทั้งสิ้นต่อเดือน,ผู้ไม่ได้ปฏิบัติงานเชิงเศรษฐกิจ,ผู้ไม่ได้ปฏิบัติงานเชิงเศรษฐกิจ,14838.00,บาท,,สำนักงานสถิติแห่งชาติ
2566,แพร่,หนี้สินเฉลี่ยต่อครัวเรือนทั้งสิ้น,รวมทั้งสิ้น,รวมทั้งสิ้น,244067.00,บาท,,สำนักงานสถิติแห่งชาติ
2566,แพร่,หนี้สินเฉลี่ยต่อครัวเรือนทั้งสิ้น,ผู้ถือครองทำการเกษตร/เพาะเลี้ยง,ปลูกพืช/เลี้ยงสัตว์/เพาะเลี้ยง_ส่วนใหญ่เป็นเจ้าของที่ดิน,165634.00,บาท,,สำนักงานสถิติแห่งชาติ
2566,แพร่,หนี้สินเฉลี่ยต่อครัวเรือนทั้งสิ้น,ผู้ถือครองทำการเกษตร/เพาะเลี้ยง,ปลูกพืช/เลี้ยงสัตว์/เพาะเลี้ยง_ส่วนใหญ่เช่าที่ดิน/ทำฟรี,264624.00,บาท,,สำนักงานสถิติแห่งชาติ
2566,แพร่,หนี้สินเฉลี่ยต่อครัวเรือนทั้งสิ้น,ผู้ถือครองทำการเกษตร/เพาะเลี้ยง,ประมงป่าไม้ล่าสัตว์หาของป่าบริการทางการเกษตร,39623.00,บาท,,สำนักงานสถิติแห่งชาติ
2566,แพร่,หนี้สินเฉลี่ยต่อครัวเรือนทั้งสิ้น,ผู้ประกอบธุรกิจของตนเองที่ไม่ใช่การเกษตร,ผู้ประกอบธุรกิจของตนเองที่ไม่ใช่การเกษตร,340990.00,บาท,,สำนักงานสถิติแห่งชาติ
2566,แพร่,หนี้สินเฉลี่ยต่อครัวเรือนทั้งสิ้น,ลูกจ้าง,ผู้จัดการนักวิชาการและผู้ปฏิบัติงานวิชาชีพ,831279.00,บาท,,สำนักงานสถิติแห่งชาติ
2566,แพร่,หนี้สินเฉลี่ยต่อครัวเรือนทั้งสิ้น,ลูกจ้าง,คนงานเกษตรป่าไม้และประมง,29764.00,บาท,,สำนักงานสถิติแห่งชาติ
2566,แพร่,หนี้สินเฉลี่ยต่อครัวเรือนทั้งสิ้น,ลูกจ้าง,คนงานด้านการขนส่งและงานพื้นฐาน,38074.00,บาท,,สำนักงานสถิติแห่งชาติ
2566,แพร่,หนี้สินเฉลี่ยต่อครัวเรือนทั้งสิ้น,ลูกจ้าง,เสมียนพนักงานขายและให้บริการ,257011.00,บาท,,สำนักงานสถิติแห่งชาติ
2566,แพร่,หนี้สินเฉลี่ยต่อครัวเรือนทั้งสิ้น,ลูกจ้าง,ผู้ปฏิบัติงานในกระบวนการผลิตก่อสร้างและเหมืองแร่,93750.00,บาท,,สำนักงานสถิติแห่งชาติ
2566,แพร่,หนี้สินเฉลี่ยต่อครัวเรือนทั้งสิ้น,ผู้ไม่ได้ปฏิบัติงานเชิงเศรษฐกิจ,ผู้ไม่ได้ปฏิบัติงานเชิงเศรษฐกิจ,132214.00,บาท,,สำนักงานสถิติแห่งชาติ
2566,แพร่,ร้อยละของค่าใช้จ่ายต่อรายได้,รวมทั้งสิ้น,รวมทั้งสิ้น,72.52,ร้อยละ,,สำนักงานสถิติแห่งชาติ
2566,แพร่,ร้อยละของค่าใช้จ่ายต่อรายได้,ผู้ถือครองทำการเกษตร/เพาะเลี้ยง,ปลูกพืช/เลี้ยงสัตว์/เพาะเลี้ยง_ส่วนใหญ่เป็นเจ้าของที่ดิน,92.82,ร้อยละ,,สำนักงานสถิติแห่งชาติ
2566,แพร่,ร้อยละของค่าใช้จ่ายต่อรายได้,ผู้ถือครองทำการเกษตร/เพาะเลี้ยง,ปลูกพืช/เลี้ยงสัตว์/เพาะเลี้ยง_ส่วนใหญ่เช่าที่ดิน/ทำฟรี,88.90,ร้อยละ,,สำนักงานสถิติแห่งชาติ
2566,แพร่,ร้อยละของค่าใช้จ่ายต่อรายได้,ผู้ถือครองทำการเกษตร/เพาะเลี้ยง,ประมงป่าไม้ล่าสัตว์หาของป่าบริการทางการเกษตร,100.93,ร้อยละ,,สำนักงานสถิติแห่งชาติ
2566,แพร่,ร้อยละของค่าใช้จ่ายต่อรายได้,ผู้ประกอบธุรกิจของตนเองที่ไม่ใช่การเกษตร,ผู้ประกอบธุรกิจของตนเองที่ไม่ใช่การเกษตร,76.86,ร้อยละ,,สำนักงานสถิติแห่งชาติ
2566,แพร่,ร้อยละของค่าใช้จ่ายต่อรายได้,ลูกจ้าง,ผู้จัดการนักวิชาการและผู้ปฏิบัติงานวิชาชีพ,62.80,ร้อยละ,,สำนักงานสถิติแห่งชาติ
2566,แพร่,ร้อยละของค่าใช้จ่ายต่อรายได้,ลูกจ้าง,คนงานเกษตรป่าไม้และประมง,108.41,ร้อยละ,,สำนักงานสถิติแห่งชาติ
2566,แพร่,ร้อยละของค่าใช้จ่ายต่อรายได้,ลูกจ้าง,คนงานด้านการขนส่งและงานพื้นฐาน,86.73,ร้อยละ,,สำนักงานสถิติแห่งชาติ
2566,แพร่,ร้อยละของค่าใช้จ่ายต่อรายได้,ลูกจ้าง,เสมียนพนักงานขายและให้บริการ,75.06,ร้อยละ,,สำนักงานสถิติแห่งชาติ
2566,แพร่,ร้อยละของค่าใช้จ่ายต่อรายได้,ลูกจ้าง,ผู้ปฏิบัติงานในกระบวนการผลิตก่อสร้างและเหมืองแร่,86.47,ร้อยละ,,สำนักงานสถิติแห่งชาติ
2566,แพร่,ร้อยละของค่าใช้จ่ายต่อรายได้,ผู้ไม่ได้ปฏิบัติงานเชิงเศรษฐกิจ,ผู้ไม่ได้ปฏิบัติงานเชิงเศรษฐกิจ,63.13,ร้อยละ,,สำนักงานสถิติแห่งชาติ
2566,น่าน,รายได้ทั้งสิ้นต่อเดือน,รวมทั้งสิ้น,รวมทั้งสิ้น,20376.00,บาท,,สำนักงานสถิติแห่งชาติ
2566,น่าน,รายได้ทั้งสิ้นต่อเดือน,ผู้ถือครองทำการเกษตร/เพาะเลี้ยง,ปลูกพืช/เลี้ยงสัตว์/เพาะเลี้ยง_ส่วนใหญ่เป็นเจ้าของที่ดิน,15389.00,บาท,,สำนักงานสถิติแห่งชาติ
2566,น่าน,รายได้ทั้งสิ้นต่อเดือน,ผู้ถือครองทำการเกษตร/เพาะเลี้ยง,ปลูกพืช/เลี้ยงสัตว์/เพาะเลี้ยง_ส่วนใหญ่เช่าที่ดิน/ทำฟรี,16499.00,บาท,,สำนักงานสถิติแห่งชาติ
2566,น่าน,รายได้ทั้งสิ้นต่อเดือน,ผู้ถือครองทำการเกษตร/เพาะเลี้ยง,ประมงป่าไม้ล่าสัตว์หาของป่าบริการทางการเกษตร,12774.00,บาท,,สำนักงานสถิติแห่งชาติ
2566,น่าน,รายได้ทั้งสิ้นต่อเดือน,ผู้ประกอบธุรกิจของตนเองที่ไม่ใช่การเกษตร,ผู้ประกอบธุรกิจของตนเองที่ไม่ใช่การเกษตร,23866.00,บาท,,สำนักงานสถิติแห่งชาติ
2566,น่าน,รายได้ทั้งสิ้นต่อเดือน,ลูกจ้าง,ผู้จัดการนักวิชาการและผู้ปฏิบัติงานวิชาชีพ,45670.00,บาท,,สำนักงานสถิติแห่งชาติ
2566,น่าน,รายได้ทั้งสิ้นต่อเดือน,ลูกจ้าง,คนงานเกษตรป่าไม้และประมง,14074.00,บาท,,สำนักงานสถิติแห่งชาติ
2566,น่าน,รายได้ทั้งสิ้นต่อเดือน,ลูกจ้าง,คนงานด้านการขนส่งและงานพื้นฐาน,19250.00,บาท,,สำนักงานสถิติแห่งชาติ
2566,น่าน,รายได้ทั้งสิ้นต่อเดือน,ลูกจ้าง,เสมียนพนักงานขายและให้บริการ,25184.00,บาท,,สำนักงานสถิติแห่งชาติ
2566,น่าน,รายได้ทั้งสิ้นต่อเดือน,ลูกจ้าง,ผู้ปฏิบัติงานในกระบวนการผลิตก่อสร้างและเหมืองแร่,16443.00,บาท,,สำนักงานสถิติแห่งชาติ
2566,น่าน,รายได้ทั้งสิ้นต่อเดือน,ผู้ไม่ได้ปฏิบัติงานเชิงเศรษฐกิจ,ผู้ไม่ได้ปฏิบัติงานเชิงเศรษฐกิจ,15485.00,บาท,,สำนักงานสถิติแห่งชาติ
2566,น่าน,ค่าใช้จ่ายทั้งสิ้นต่อเดือน,รวมทั้งสิ้น,รวมทั้งสิ้น,17281.00,บาท,,สำนักงานสถิติแห่งชาติ
2566,น่าน,ค่าใช้จ่ายทั้งสิ้นต่อเดือน,ผู้ถือครองทำการเกษตร/เพาะเลี้ยง,ปลูกพืช/เลี้ยงสัตว์/เพาะเลี้ยง_ส่วนใหญ่เป็นเจ้าของที่ดิน,14529.00,บาท,,สำนักงานสถิติแห่งชาติ
2566,น่าน,ค่าใช้จ่ายทั้งสิ้นต่อเดือน,ผู้ถือครองทำการเกษตร/เพาะเลี้ยง,ปลูกพืช/เลี้ยงสัตว์/เพาะเลี้ยง_ส่วนใหญ่เช่าที่ดิน/ทำฟรี,13371.00,บาท,,สำนักงานสถิติแห่งชาติ
2566,น่าน,ค่าใช้จ่ายทั้งสิ้นต่อเดือน,ผู้ถือครองทำการเกษตร/เพาะเลี้ยง,ประมงป่าไม้ล่าสัตว์หาของป่าบริการทางการเกษตร,13283.00,บาท,,สำนักงานสถิติแห่งชาติ
2566,น่าน,ค่าใช้จ่ายทั้งสิ้นต่อเดือน,ผู้ประกอบธุรกิจของตนเองที่ไม่ใช่การเกษตร,ผู้ประกอบธุรกิจของตนเองที่ไม่ใช่การเกษตร,22080.00,บาท,,สำนักงานสถิติแห่งชาติ
2566,น่าน,ค่าใช้จ่ายทั้งสิ้นต่อเดือน,ลูกจ้าง,ผู้จัดการนักวิชาการและผู้ปฏิบัติงานวิชาชีพ,32447.00,บาท,,สำนักงานสถิติแห่งชาติ
2566,น่าน,ค่าใช้จ่ายทั้งสิ้นต่อเดือน,ลูกจ้าง,คนงานเกษตรป่าไม้และประมง,11923.00,บาท,,สำนักงานสถิติแห่งชาติ
2566,น่าน,ค่าใช้จ่ายทั้งสิ้นต่อเดือน,ลูกจ้าง,คนงานด้านการขนส่งและงานพื้นฐาน,18072.00,บาท,,สำนักงานสถิติแห่งชาติ
2566,น่าน,ค่าใช้จ่ายทั้งสิ้นต่อเดือน,ลูกจ้าง,เสมียนพนักงานขายและให้บริการ,20527.00,บาท,,สำนักงานสถิติแห่งชาติ
2566,น่าน,ค่าใช้จ่ายทั้งสิ้นต่อเดือน,ลูกจ้าง,ผู้ปฏิบัติงานในกระบวนการผลิตก่อสร้างและเหมืองแร่,15270.00,บาท,,สำนักงานสถิติแห่งชาติ
2566,น่าน,ค่าใช้จ่ายทั้งสิ้นต่อเดือน,ผู้ไม่ได้ปฏิบัติงานเชิงเศรษฐกิจ,ผู้ไม่ได้ปฏิบัติงานเชิงเศรษฐกิจ,13431.00,บาท,,สำนักงานสถิติแห่งชาติ
2566,น่าน,หนี้สินเฉลี่ยต่อครัวเรือนทั้งสิ้น,รวมทั้งสิ้น,รวมทั้งสิ้น,186394.00,บาท,,สำนักงานสถิติแห่งชาติ
2566,น่าน,หนี้สินเฉลี่ยต่อครัวเรือนทั้งสิ้น,ผู้ถือครองทำการเกษตร/เพาะเลี้ยง,ปลูกพืช/เลี้ยงสัตว์/เพาะเลี้ยง_ส่วนใหญ่เป็นเจ้าของที่ดิน,135861.00,บาท,,สำนักงานสถิติแห่งชาติ
2566,น่าน,หนี้สินเฉลี่ยต่อครัวเรือนทั้งสิ้น,ผู้ถือครองทำการเกษตร/เพาะเลี้ยง,ปลูกพืช/เลี้ยงสัตว์/เพาะเลี้ยง_ส่วนใหญ่เช่าที่ดิน/ทำฟรี,137817.00,บาท,,สำนักงานสถิติแห่งชาติ
2566,น่าน,หนี้สินเฉลี่ยต่อครัวเรือนทั้งสิ้น,ผู้ถือครองทำการเกษตร/เพาะเลี้ยง,ประมงป่าไม้ล่าสัตว์หาของป่าบริการทางการเกษตร,66031.00,บาท,,สำนักงานสถิติแห่งชาติ
2566,น่าน,หนี้สินเฉลี่ยต่อครัวเรือนทั้งสิ้น,ผู้ประกอบธุรกิจของตนเองที่ไม่ใช่การเกษตร,ผู้ประกอบธุรกิจของตนเองที่ไม่ใช่การเกษตร,455802.00,บาท,,สำนักงานสถิติแห่งชาติ
2566,น่าน,หนี้สินเฉลี่ยต่อครัวเรือนทั้งสิ้น,ลูกจ้าง,ผู้จัดการนักวิชาการและผู้ปฏิบัติงานวิชาชีพ,384191.00,บาท,,สำนักงานสถิติแห่งชาติ
2566,น่าน,หนี้สินเฉลี่ยต่อครัวเรือนทั้งสิ้น,ลูกจ้าง,คนงานเกษตรป่าไม้และประมง,200000.00,บาท,,สำนักงานสถิติแห่งชาติ
2566,น่าน,หนี้สินเฉลี่ยต่อครัวเรือนทั้งสิ้น,ลูกจ้าง,คนงานด้านการขนส่งและงานพื้นฐาน,78315.00,บาท,,สำนักงานสถิติแห่งชาติ
2566,น่าน,หนี้สินเฉลี่ยต่อครัวเรือนทั้งสิ้น,ลูกจ้าง,เสมียนพนักงานขายและให้บริการ,229340.00,บาท,,สำนักงานสถิติแห่งชาติ
2566,น่าน,หนี้สินเฉลี่ยต่อครัวเรือนทั้งสิ้น,ลูกจ้าง,ผู้ปฏิบัติงานในกระบวนการผลิตก่อสร้างและเหมืองแร่,77742.00,บาท,,สำนักงานสถิติแห่งชาติ
2566,น่าน,หนี้สินเฉลี่ยต่อครัวเรือนทั้งสิ้น,ผู้ไม่ได้ปฏิบัติงานเชิงเศรษฐกิจ,ผู้ไม่ได้ปฏิบัติงานเชิงเศรษฐกิจ,102286.00,บาท,,สำนักงานสถิติแห่งชาติ
2566,น่าน,ร้อยละของค่าใช้จ่ายต่อรายได้,รวมทั้งสิ้น,รวมทั้งสิ้น,84.81,ร้อยละ,,สำนักงานสถิติแห่งชาติ
2566,น่าน,ร้อยละของค่าใช้จ่ายต่อรายได้,ผู้ถือครองทำการเกษตร/เพาะเลี้ยง,ปลูกพืช/เลี้ยงสัตว์/เพาะเลี้ยง_ส่วนใหญ่เป็นเจ้าของที่ดิน,94.41,ร้อยละ,,สำนักงานสถิติแห่งชาติ
2566,น่าน,ร้อยละของค่าใช้จ่ายต่อรายได้,ผู้ถือครองทำการเกษตร/เพาะเลี้ยง,ปลูกพืช/เลี้ยงสัตว์/เพาะเลี้ยง_ส่วนใหญ่เช่าที่ดิน/ทำฟรี,81.04,ร้อยละ,,สำนักงานสถิติแห่งชาติ
2566,น่าน,ร้อยละของค่าใช้จ่ายต่อรายได้,ผู้ถือครองทำการเกษตร/เพาะเลี้ยง,ประมงป่าไม้ล่าสัตว์หาของป่าบริการทางการเกษตร,103.98,ร้อยละ,,สำนักงานสถิติแห่งชาติ
2566,น่าน,ร้อยละของค่าใช้จ่ายต่อรายได้,ผู้ประกอบธุรกิจของตนเองที่ไม่ใช่การเกษตร,ผู้ประกอบธุรกิจของตนเองที่ไม่ใช่การเกษตร,92.51,ร้อยละ,,สำนักงานสถิติแห่งชาติ
2566,น่าน,ร้อยละของค่าใช้จ่ายต่อรายได้,ลูกจ้าง,ผู้จัดการนักวิชาการและผู้ปฏิบัติงานวิชาชีพ,71.05,ร้อยละ,,สำนักงานสถิติแห่งชาติ
2566,น่าน,ร้อยละของค่าใช้จ่ายต่อรายได้,ลูกจ้าง,คนงานเกษตรป่าไม้และประมง,84.72,ร้อยละ,,สำนักงานสถิติแห่งชาติ
2566,น่าน,ร้อยละของค่าใช้จ่ายต่อรายได้,ลูกจ้าง,คนงานด้านการขนส่งและงานพื้นฐาน,93.88,ร้อยละ,,สำนักงานสถิติแห่งชาติ
2566,น่าน,ร้อยละของค่าใช้จ่ายต่อรายได้,ลูกจ้าง,เสมียนพนักงานขายและให้บริการ,81.51,ร้อยละ,,สำนักงานสถิติแห่งชาติ
2566,น่าน,ร้อยละของค่าใช้จ่ายต่อรายได้,ลูกจ้าง,ผู้ปฏิบัติงานในกระบวนการผลิตก่อสร้างและเหมืองแร่,92.87,ร้อยละ,,สำนักงานสถิติแห่งชาติ
2566,น่าน,ร้อยละของค่าใช้จ่ายต่อรายได้,ผู้ไม่ได้ปฏิบัติงานเชิงเศรษฐกิจ,ผู้ไม่ได้ปฏิบัติงานเชิงเศรษฐกิจ,86.74,ร้อยละ,,สำนักงานสถิติแห่งชาติ
2566,พะเยา,รายได้ทั้งสิ้นต่อเดือน,รวมทั้งสิ้น,รวมทั้งสิ้น,17391.00,บาท,,สำนักงานสถิติแห่งชาติ
2566,พะเยา,รายได้ทั้งสิ้นต่อเดือน,ผู้ถือครองทำการเกษตร/เพาะเลี้ยง,ปลูกพืช/เลี้ยงสัตว์/เพาะเลี้ยง_ส่วนใหญ่เป็นเจ้าของที่ดิน,13018.00,บาท,,สำนักงานสถิติแห่งชาติ
2566,พะเยา,รายได้ทั้งสิ้นต่อเดือน,ผู้ถือครองทำการเกษตร/เพาะเลี้ยง,ปลูกพืช/เลี้ยงสัตว์/เพาะเลี้ยง_ส่วนใหญ่เช่าที่ดิน/ทำฟรี,30585.00,บาท,,สำนักงานสถิติแห่งชาติ
2566,พะเยา,รายได้ทั้งสิ้นต่อเดือน,ผู้ถือครองทำการเกษตร/เพาะเลี้ยง,ประมงป่าไม้ล่าสัตว์หาของป่าบริการทางการเกษตร,6551.00,บาท,,สำนักงานสถิติแห่งชาติ
2566,พะเยา,รายได้ทั้งสิ้นต่อเดือน,ผู้ประกอบธุรกิจของตนเองที่ไม่ใช่การเกษตร,ผู้ประกอบธุรกิจของตนเองที่ไม่ใช่การเกษตร,20442.00,บาท,,สำนักงานสถิติแห่งชาติ
2566,พะเยา,รายได้ทั้งสิ้นต่อเดือน,ลูกจ้าง,ผู้จัดการนักวิชาการและผู้ปฏิบัติงานวิชาชีพ,35041.00,บาท,,สำนักงานสถิติแห่งชาติ
2566,พะเยา,รายได้ทั้งสิ้นต่อเดือน,ลูกจ้าง,คนงานเกษตรป่าไม้และประมง,11189.00,บาท,,สำนักงานสถิติแห่งชาติ
2566,พะเยา,รายได้ทั้งสิ้นต่อเดือน,ลูกจ้าง,คนงานด้านการขนส่งและงานพื้นฐาน,16019.00,บาท,,สำนักงานสถิติแห่งชาติ
2566,พะเยา,รายได้ทั้งสิ้นต่อเดือน,ลูกจ้าง,เสมียนพนักงานขายและให้บริการ,26146.00,บาท,,สำนักงานสถิติแห่งชาติ
2566,พะเยา,รายได้ทั้งสิ้นต่อเดือน,ลูกจ้าง,ผู้ปฏิบัติงานในกระบวนการผลิตก่อสร้างและเหมืองแร่,14105.00,บาท,,สำนักงานสถิติแห่งชาติ
2566,พะเยา,รายได้ทั้งสิ้นต่อเดือน,ผู้ไม่ได้ปฏิบัติงานเชิงเศรษฐกิจ,ผู้ไม่ได้ปฏิบัติงานเชิงเศรษฐกิจ,12516.00,บาท,,สำนักงานสถิติแห่งชาติ
2566,พะเยา,ค่าใช้จ่ายทั้งสิ้นต่อเดือน,รวมทั้งสิ้น,รวมทั้งสิ้น,15079.00,บาท,,สำนักงานสถิติแห่งชาติ
2566,พะเยา,ค่าใช้จ่ายทั้งสิ้นต่อเดือน,ผู้ถือครองทำการเกษตร/เพาะเลี้ยง,ปลูกพืช/เลี้ยงสัตว์/เพาะเลี้ยง_ส่วนใหญ่เป็นเจ้าของที่ดิน,12660.00,บาท,,สำนักงานสถิติแห่งชาติ
2566,พะเยา,ค่าใช้จ่ายทั้งสิ้นต่อเดือน,ผู้ถือครองทำการเกษตร/เพาะเลี้ยง,ปลูกพืช/เลี้ยงสัตว์/เพาะเลี้ยง_ส่วนใหญ่เช่าที่ดิน/ทำฟรี,24456.00,บาท,,สำนักงานสถิติแห่งชาติ
2566,พะเยา,ค่าใช้จ่ายทั้งสิ้นต่อเดือน,ผู้ถือครองทำการเกษตร/เพาะเลี้ยง,ประมงป่าไม้ล่าสัตว์หาของป่าบริการทางการเกษตร,10486.00,บาท,,สำนักงานสถิติแห่งชาติ
2566,พะเยา,ค่าใช้จ่ายทั้งสิ้นต่อเดือน,ผู้ประกอบธุรกิจของตนเองที่ไม่ใช่การเกษตร,ผู้ประกอบธุรกิจของตนเองที่ไม่ใช่การเกษตร,16891.00,บาท,,สำนักงานสถิติแห่งชาติ
2566,พะเยา,ค่าใช้จ่ายทั้งสิ้นต่อเดือน,ลูกจ้าง,ผู้จัดการนักวิชาการและผู้ปฏิบัติงานวิชาชีพ,22853.00,บาท,,สำนักงานสถิติแห่งชาติ
2566,พะเยา,ค่าใช้จ่ายทั้งสิ้นต่อเดือน,ลูกจ้าง,คนงานเกษตรป่าไม้และประมง,12030.00,บาท,,สำนักงานสถิติแห่งชาติ
2566,พะเยา,ค่าใช้จ่ายทั้งสิ้นต่อเดือน,ลูกจ้าง,คนงานด้านการขนส่งและงานพื้นฐาน,14572.00,บาท,,สำนักงานสถิติแห่งชาติ
2566,พะเยา,ค่าใช้จ่ายทั้งสิ้นต่อเดือน,ลูกจ้าง,เสมียนพนักงานขายและให้บริการ,21117.00,บาท,,สำนักงานสถิติแห่งชาติ
2566,พะเยา,ค่าใช้จ่ายทั้งสิ้นต่อเดือน,ลูกจ้าง,ผู้ปฏิบัติงานในกระบวนการผลิตก่อสร้างและเหมืองแร่,13544.00,บาท,,สำนักงานสถิติแห่งชาติ
2566,พะเยา,ค่าใช้จ่ายทั้งสิ้นต่อเดือน,ผู้ไม่ได้ปฏิบัติงานเชิงเศรษฐกิจ,ผู้ไม่ได้ปฏิบัติงานเชิงเศรษฐกิจ,12171.00,บาท,,สำนักงานสถิติแห่งชาติ
2566,พะเยา,หนี้สินเฉลี่ยต่อครัวเรือนทั้งสิ้น,รวมทั้งสิ้น,รวมทั้งสิ้น,123866.00,บาท,,สำนักงานสถิติแห่งชาติ
2566,พะเยา,หนี้สินเฉลี่ยต่อครัวเรือนทั้งสิ้น,ผู้ถือครองทำการเกษตร/เพาะเลี้ยง,ปลูกพืช/เลี้ยงสัตว์/เพาะเลี้ยง_ส่วนใหญ่เป็นเจ้าของที่ดิน,73675.00,บาท,,สำนักงานสถิติแห่งชาติ
2566,พะเยา,หนี้สินเฉลี่ยต่อครัวเรือนทั้งสิ้น,ผู้ถือครองทำการเกษตร/เพาะเลี้ยง,ปลูกพืช/เลี้ยงสัตว์/เพาะเลี้ยง_ส่วนใหญ่เช่าที่ดิน/ทำฟรี,682724.00,บาท,,สำนักงานสถิติแห่งชาติ
2566,พะเยา,หนี้สินเฉลี่ยต่อครัวเรือนทั้งสิ้น,ผู้ถือครองทำการเกษตร/เพาะเลี้ยง,ประมงป่าไม้ล่าสัตว์หาของป่าบริการทางการเกษตร,9777.00,บาท,,สำนักงานสถิติแห่งชาติ
2566,พะเยา,หนี้สินเฉลี่ยต่อครัวเรือนทั้งสิ้น,ผู้ประกอบธุรกิจของตนเองที่ไม่ใช่การเกษตร,ผู้ประกอบธุรกิจของตนเองที่ไม่ใช่การเกษตร,141641.00,บาท,,สำนักงานสถิติแห่งชาติ
2566,พะเยา,หนี้สินเฉลี่ยต่อครัวเรือนทั้งสิ้น,ลูกจ้าง,ผู้จัดการนักวิชาการและผู้ปฏิบัติงานวิชาชีพ,455792.00,บาท,,สำนักงานสถิติแห่งชาติ
2566,พะเยา,หนี้สินเฉลี่ยต่อครัวเรือนทั้งสิ้น,ลูกจ้าง,คนงานเกษตรป่าไม้และประมง,.00,บาท,"ศูนย์ยกกำลังดับเบิลยู หมายถึง ข้อมูลจากการสำรวจตัวอย่างมีค่าเป็น 0",สำนักงานสถิติแห่งชาติ
2566,พะเยา,หนี้สินเฉลี่ยต่อครัวเรือนทั้งสิ้น,ลูกจ้าง,คนงานด้านการขนส่งและงานพื้นฐาน,39789.00,บาท,,สำนักงานสถิติแห่งชาติ
2566,พะเยา,หนี้สินเฉลี่ยต่อครัวเรือนทั้งสิ้น,ลูกจ้าง,เสมียนพนักงานขายและให้บริการ,169872.00,บาท,,สำนักงานสถิติแห่งชาติ
2566,พะเยา,หนี้สินเฉลี่ยต่อครัวเรือนทั้งสิ้น,ลูกจ้าง,ผู้ปฏิบัติงานในกระบวนการผลิตก่อสร้างและเหมืองแร่,69154.00,บาท,,สำนักงานสถิติแห่งชาติ
2566,พะเยา,หนี้สินเฉลี่ยต่อครัวเรือนทั้งสิ้น,ผู้ไม่ได้ปฏิบัติงานเชิงเศรษฐกิจ,ผู้ไม่ได้ปฏิบัติงานเชิงเศรษฐกิจ,49576.00,บาท,,สำนักงานสถิติแห่งชาติ
2566,พะเยา,ร้อยละของค่าใช้จ่ายต่อรายได้,รวมทั้งสิ้น,รวมทั้งสิ้น,86.71,ร้อยละ,,สำนักงานสถิติแห่งชาติ
2566,พะเยา,ร้อยละของค่าใช้จ่ายต่อรายได้,ผู้ถือครองทำการเกษตร/เพาะเลี้ยง,ปลูกพืช/เลี้ยงสัตว์/เพาะเลี้ยง_ส่วนใหญ่เป็นเจ้าของที่ดิน,97.25,ร้อยละ,,สำนักงานสถิติแห่งชาติ
2566,พะเยา,ร้อยละของค่าใช้จ่ายต่อรายได้,ผู้ถือครองทำการเกษตร/เพาะเลี้ยง,ปลูกพืช/เลี้ยงสัตว์/เพาะเลี้ยง_ส่วนใหญ่เช่าที่ดิน/ทำฟรี,79.96,ร้อยละ,,สำนักงานสถิติแห่งชาติ
2566,พะเยา,ร้อยละของค่าใช้จ่ายต่อรายได้,ผู้ถือครองทำการเกษตร/เพาะเลี้ยง,ประมงป่าไม้ล่าสัตว์หาของป่าบริการทางการเกษตร,160.06,ร้อยละ,,สำนักงานสถิติแห่งชาติ
2566,พะเยา,ร้อยละของค่าใช้จ่ายต่อรายได้,ผู้ประกอบธุรกิจของตนเองที่ไม่ใช่การเกษตร,ผู้ประกอบธุรกิจของตนเองที่ไม่ใช่การเกษตร,82.63,ร้อยละ,,สำนักงานสถิติแห่งชาติ
2566,พะเยา,ร้อยละของค่าใช้จ่ายต่อรายได้,ลูกจ้าง,ผู้จัดการนักวิชาการและผู้ปฏิบัติงานวิชาชีพ,65.22,ร้อยละ,,สำนักงานสถิติแห่งชาติ
2566,พะเยา,ร้อยละของค่าใช้จ่ายต่อรายได้,ลูกจ้าง,คนงานเกษตรป่าไม้และประมง,107.51,ร้อยละ,,สำนักงานสถิติแห่งชาติ
2566,พะเยา,ร้อยละของค่าใช้จ่ายต่อรายได้,ลูกจ้าง,คนงานด้านการขนส่งและงานพื้นฐาน,90.96,ร้อยละ,,สำนักงานสถิติแห่งชาติ
2566,พะเยา,ร้อยละของค่าใช้จ่ายต่อรายได้,ลูกจ้าง,เสมียนพนักงานขายและให้บริการ,80.77,ร้อยละ,,สำนักงานสถิติแห่งชาติ
2566,พะเยา,ร้อยละของค่าใช้จ่ายต่อรายได้,ลูกจ้าง,ผู้ปฏิบัติงานในกระบวนการผลิตก่อสร้างและเหมืองแร่,96.03,ร้อยละ,,สำนักงานสถิติแห่งชาติ
2566,พะเยา,ร้อยละของค่าใช้จ่ายต่อรายได้,ผู้ไม่ได้ปฏิบัติงานเชิงเศรษฐกิจ,ผู้ไม่ได้ปฏิบัติงานเชิงเศรษฐกิจ,97.25,ร้อยละ,,สำนักงานสถิติแห่งชาติ
2566,เชียงราย,รายได้ทั้งสิ้นต่อเดือน,รวมทั้งสิ้น,รวมทั้งสิ้น,15745.00,บาท,,สำนักงานสถิติแห่งชาติ
2566,เชียงราย,รายได้ทั้งสิ้นต่อเดือน,ผู้ถือครองทำการเกษตร/เพาะเลี้ยง,ปลูกพืช/เลี้ยงสัตว์/เพาะเลี้ยง_ส่วนใหญ่เป็นเจ้าของที่ดิน,13870.00,บาท,,สำนักงานสถิติแห่งชาติ
2566,เชียงราย,รายได้ทั้งสิ้นต่อเดือน,ผู้ถือครองทำการเกษตร/เพาะเลี้ยง,ปลูกพืช/เลี้ยงสัตว์/เพาะเลี้ยง_ส่วนใหญ่เช่าที่ดิน/ทำฟรี,14918.00,บาท,,สำนักงานสถิติแห่งชาติ
2566,เชียงราย,รายได้ทั้งสิ้นต่อเดือน,ผู้ถือครองทำการเกษตร/เพาะเลี้ยง,ประมงป่าไม้ล่าสัตว์หาของป่าบริการทางการเกษตร,13301.00,บาท,,สำนักงานสถิติแห่งชาติ
2566,เชียงราย,รายได้ทั้งสิ้นต่อเดือน,ผู้ประกอบธุรกิจของตนเองที่ไม่ใช่การเกษตร,ผู้ประกอบธุรกิจของตนเองที่ไม่ใช่การเกษตร,16473.00,บาท,,สำนักงานสถิติแห่งชาติ
2566,เชียงราย,รายได้ทั้งสิ้นต่อเดือน,ลูกจ้าง,ผู้จัดการนักวิชาการและผู้ปฏิบัติงานวิชาชีพ,34795.00,บาท,,สำนักงานสถิติแห่งชาติ
2566,เชียงราย,รายได้ทั้งสิ้นต่อเดือน,ลูกจ้าง,คนงานเกษตรป่าไม้และประมง,18534.00,บาท,,สำนักงานสถิติแห่งชาติ
2566,เชียงราย,รายได้ทั้งสิ้นต่อเดือน,ลูกจ้าง,คนงานด้านการขนส่งและงานพื้นฐาน,13085.00,บาท,,สำนักงานสถิติแห่งชาติ
2566,เชียงราย,รายได้ทั้งสิ้นต่อเดือน,ลูกจ้าง,เสมียนพนักงานขายและให้บริการ,18972.00,บาท,,สำนักงานสถิติแห่งชาติ
2566,เชียงราย,รายได้ทั้งสิ้นต่อเดือน,ลูกจ้าง,ผู้ปฏิบัติงานในกระบวนการผลิตก่อสร้างและเหมืองแร่,17697.00,บาท,,สำนักงานสถิติแห่งชาติ
2566,เชียงราย,รายได้ทั้งสิ้นต่อเดือน,ผู้ไม่ได้ปฏิบัติงานเชิงเศรษฐกิจ,ผู้ไม่ได้ปฏิบัติงานเชิงเศรษฐกิจ,13508.00,บาท,,สำนักงานสถิติแห่งชาติ
2566,เชียงราย,ค่าใช้จ่ายทั้งสิ้นต่อเดือน,รวมทั้งสิ้น,รวมทั้งสิ้น,13341.00,บาท,,สำนักงานสถิติแห่งชาติ
2566,เชียงราย,ค่าใช้จ่ายทั้งสิ้นต่อเดือน,ผู้ถือครองทำการเกษตร/เพาะเลี้ยง,ปลูกพืช/เลี้ยงสัตว์/เพาะเลี้ยง_ส่วนใหญ่เป็นเจ้าของที่ดิน,13908.00,บาท,,สำนักงานสถิติแห่งชาติ
2566,เชียงราย,ค่าใช้จ่ายทั้งสิ้นต่อเดือน,ผู้ถือครองทำการเกษตร/เพาะเลี้ยง,ปลูกพืช/เลี้ยงสัตว์/เพาะเลี้ยง_ส่วนใหญ่เช่าที่ดิน/ทำฟรี,14220.00,บาท,,สำนักงานสถิติแห่งชาติ
2566,เชียงราย,ค่าใช้จ่ายทั้งสิ้นต่อเดือน,ผู้ถือครองทำการเกษตร/เพาะเลี้ยง,ประมงป่าไม้ล่าสัตว์หาของป่าบริการทางการเกษตร,11984.00,บาท,,สำนักงานสถิติแห่งชาติ
2566,เชียงราย,ค่าใช้จ่ายทั้งสิ้นต่อเดือน,ผู้ประกอบธุรกิจของตนเองที่ไม่ใช่การเกษตร,ผู้ประกอบธุรกิจของตนเองที่ไม่ใช่การเกษตร,14279.00,บาท,,สำนักงานสถิติแห่งชาติ
2566,เชียงราย,ค่าใช้จ่ายทั้งสิ้นต่อเดือน,ลูกจ้าง,ผู้จัดการนักวิชาการและผู้ปฏิบัติงานวิชาชีพ,23935.00,บาท,,สำนักงานสถิติแห่งชาติ
2566,เชียงราย,ค่าใช้จ่ายทั้งสิ้นต่อเดือน,ลูกจ้าง,คนงานเกษตรป่าไม้และประมง,17225.00,บาท,,สำนักงานสถิติแห่งชาติ
2566,เชียงราย,ค่าใช้จ่ายทั้งสิ้นต่อเดือน,ลูกจ้าง,คนงานด้านการขนส่งและงานพื้นฐาน,12442.00,บาท,,สำนักงานสถิติแห่งชาติ
2566,เชียงราย,ค่าใช้จ่ายทั้งสิ้นต่อเดือน,ลูกจ้าง,เสมียนพนักงานขายและให้บริการ,16118.00,บาท,,สำนักงานสถิติแห่งชาติ
2566,เชียงราย,ค่าใช้จ่ายทั้งสิ้นต่อเดือน,ลูกจ้าง,ผู้ปฏิบัติงานในกระบวนการผลิตก่อสร้างและเหมืองแร่,15405.00,บาท,,สำนักงานสถิติแห่งชาติ
2566,เชียงราย,ค่าใช้จ่ายทั้งสิ้นต่อเดือน,ผู้ไม่ได้ปฏิบัติงานเชิงเศรษฐกิจ,ผู้ไม่ได้ปฏิบัติงานเชิงเศรษฐกิจ,10643.00,บาท,,สำนักงานสถิติแห่งชาติ
2566,เชียงราย,หนี้สินเฉลี่ยต่อครัวเรือนทั้งสิ้น,รวมทั้งสิ้น,รวมทั้งสิ้น,60071.00,บาท,,สำนักงานสถิติแห่งชาติ
2566,เชียงราย,หนี้สินเฉลี่ยต่อครัวเรือนทั้งสิ้น,ผู้ถือครองทำการเกษตร/เพาะเลี้ยง,ปลูกพืช/เลี้ยงสัตว์/เพาะเลี้ยง_ส่วนใหญ่เป็นเจ้าของที่ดิน,73037.00,บาท,,สำนักงานสถิติแห่งชาติ
2566,เชียงราย,หนี้สินเฉลี่ยต่อครัวเรือนทั้งสิ้น,ผู้ถือครองทำการเกษตร/เพาะเลี้ยง,ปลูกพืช/เลี้ยงสัตว์/เพาะเลี้ยง_ส่วนใหญ่เช่าที่ดิน/ทำฟรี,50072.00,บาท,,สำนักงานสถิติแห่งชาติ
2566,เชียงราย,หนี้สินเฉลี่ยต่อครัวเรือนทั้งสิ้น,ผู้ถือครองทำการเกษตร/เพาะเลี้ยง,ประมงป่าไม้ล่าสัตว์หาของป่าบริการทางการเกษตร,25105.00,บาท,,สำนักงานสถิติแห่งชาติ
2566,เชียงราย,หนี้สินเฉลี่ยต่อครัวเรือนทั้งสิ้น,ผู้ประกอบธุรกิจของตนเองที่ไม่ใช่การเกษตร,ผู้ประกอบธุรกิจของตนเองที่ไม่ใช่การเกษตร,92685.00,บาท,,สำนักงานสถิติแห่งชาติ
2566,เชียงราย,หนี้สินเฉลี่ยต่อครัวเรือนทั้งสิ้น,ลูกจ้าง,ผู้จัดการนักวิชาการและผู้ปฏิบัติงานวิชาชีพ,230603.00,บาท,,สำนักงานสถิติแห่งชาติ
2566,เชียงราย,หนี้สินเฉลี่ยต่อครัวเรือนทั้งสิ้น,ลูกจ้าง,คนงานเกษตรป่าไม้และประมง,36875.00,บาท,,สำนักงานสถิติแห่งชาติ
2566,เชียงราย,หนี้สินเฉลี่ยต่อครัวเรือนทั้งสิ้น,ลูกจ้าง,คนงานด้านการขนส่งและงานพื้นฐาน,10115.00,บาท,,สำนักงานสถิติแห่งชาติ
2566,เชียงราย,หนี้สินเฉลี่ยต่อครัวเรือนทั้งสิ้น,ลูกจ้าง,เสมียนพนักงานขายและให้บริการ,79338.00,บาท,,สำนักงานสถิติแห่งชาติ
2566,เชียงราย,หนี้สินเฉลี่ยต่อครัวเรือนทั้งสิ้น,ลูกจ้าง,ผู้ปฏิบัติงานในกระบวนการผลิตก่อสร้างและเหมืองแร่,41331.00,บาท,,สำนักงานสถิติแห่งชาติ
2566,เชียงราย,หนี้สินเฉลี่ยต่อครัวเรือนทั้งสิ้น,ผู้ไม่ได้ปฏิบัติงานเชิงเศรษฐกิจ,ผู้ไม่ได้ปฏิบัติงานเชิงเศรษฐกิจ,27358.00,บาท,,สำนักงานสถิติแห่งชาติ
2566,เชียงราย,ร้อยละของค่าใช้จ่ายต่อรายได้,รวมทั้งสิ้น,รวมทั้งสิ้น,84.73,ร้อยละ,,สำนักงานสถิติแห่งชาติ
2566,เชียงราย,ร้อยละของค่าใช้จ่ายต่อรายได้,ผู้ถือครองทำการเกษตร/เพาะเลี้ยง,ปลูกพืช/เลี้ยงสัตว์/เพาะเลี้ยง_ส่วนใหญ่เป็นเจ้าของที่ดิน,100.28,ร้อยละ,,สำนักงานสถิติแห่งชาติ
2566,เชียงราย,ร้อยละของค่าใช้จ่ายต่อรายได้,ผู้ถือครองทำการเกษตร/เพาะเลี้ยง,ปลูกพืช/เลี้ยงสัตว์/เพาะเลี้ยง_ส่วนใหญ่เช่าที่ดิน/ทำฟรี,95.32,ร้อยละ,,สำนักงานสถิติแห่งชาติ
2566,เชียงราย,ร้อยละของค่าใช้จ่ายต่อรายได้,ผู้ถือครองทำการเกษตร/เพาะเลี้ยง,ประมงป่าไม้ล่าสัตว์หาของป่าบริการทางการเกษตร,90.10,ร้อยละ,,สำนักงานสถิติแห่งชาติ
2566,เชียงราย,ร้อยละของค่าใช้จ่ายต่อรายได้,ผู้ประกอบธุรกิจของตนเองที่ไม่ใช่การเกษตร,ผู้ประกอบธุรกิจของตนเองที่ไม่ใช่การเกษตร,86.68,ร้อยละ,,สำนักงานสถิติแห่งชาติ
2566,เชียงราย,ร้อยละของค่าใช้จ่ายต่อรายได้,ลูกจ้าง,ผู้จัดการนักวิชาการและผู้ปฏิบัติงานวิชาชีพ,68.79,ร้อยละ,,สำนักงานสถิติแห่งชาติ
2566,เชียงราย,ร้อยละของค่าใช้จ่ายต่อรายได้,ลูกจ้าง,คนงานเกษตรป่าไม้และประมง,92.94,ร้อยละ,,สำนักงานสถิติแห่งชาติ
2566,เชียงราย,ร้อยละของค่าใช้จ่ายต่อรายได้,ลูกจ้าง,คนงานด้านการขนส่งและงานพื้นฐาน,95.09,ร้อยละ,,สำนักงานสถิติแห่งชาติ
2566,เชียงราย,ร้อยละของค่าใช้จ่ายต่อรายได้,ลูกจ้าง,เสมียนพนักงานขายและให้บริการ,84.95,ร้อยละ,,สำนักงานสถิติแห่งชาติ
2566,เชียงราย,ร้อยละของค่าใช้จ่ายต่อรายได้,ลูกจ้าง,ผู้ปฏิบัติงานในกระบวนการผลิตก่อสร้างและเหมืองแร่,87.05,ร้อยละ,,สำนักงานสถิติแห่งชาติ
2566,เชียงราย,ร้อยละของค่าใช้จ่ายต่อรายได้,ผู้ไม่ได้ปฏิบัติงานเชิงเศรษฐกิจ,ผู้ไม่ได้ปฏิบัติงานเชิงเศรษฐกิจ,78.79,ร้อยละ,,สำนักงานสถิติแห่งชาติ
2566,แม่ฮ่องสอน,รายได้ทั้งสิ้นต่อเดือน,รวมทั้งสิ้น,รวมทั้งสิ้น,18509.00,บาท,,สำนักงานสถิติแห่งชาติ
2566,แม่ฮ่องสอน,รายได้ทั้งสิ้นต่อเดือน,ผู้ถือครองทำการเกษตร/เพาะเลี้ยง,ปลูกพืช/เลี้ยงสัตว์/เพาะเลี้ยง_ส่วนใหญ่เป็นเจ้าของที่ดิน,12227.00,บาท,,สำนักงานสถิติแห่งชาติ
2566,แม่ฮ่องสอน,รายได้ทั้งสิ้นต่อเดือน,ผู้ถือครองทำการเกษตร/เพาะเลี้ยง,ปลูกพืช/เลี้ยงสัตว์/เพาะเลี้ยง_ส่วนใหญ่เช่าที่ดิน/ทำฟรี,11752.00,บาท,,สำนักงานสถิติแห่งชาติ
2566,แม่ฮ่องสอน,รายได้ทั้งสิ้นต่อเดือน,ผู้ถือครองทำการเกษตร/เพาะเลี้ยง,ประมงป่าไม้ล่าสัตว์หาของป่าบริการทางการเกษตร,8936.00,บาท,,สำนักงานสถิติแห่งชาติ
2566,แม่ฮ่องสอน,รายได้ทั้งสิ้นต่อเดือน,ผู้ประกอบธุรกิจของตนเองที่ไม่ใช่การเกษตร,ผู้ประกอบธุรกิจของตนเองที่ไม่ใช่การเกษตร,46095.00,บาท,,สำนักงานสถิติแห่งชาติ
2566,แม่ฮ่องสอน,รายได้ทั้งสิ้นต่อเดือน,ลูกจ้าง,ผู้จัดการนักวิชาการและผู้ปฏิบัติงานวิชาชีพ,37229.00,บาท,,สำนักงานสถิติแห่งชาติ
2566,แม่ฮ่องสอน,รายได้ทั้งสิ้นต่อเดือน,ลูกจ้าง,คนงานเกษตรป่าไม้และประมง,16824.00,บาท,,สำนักงานสถิติแห่งชาติ
2566,แม่ฮ่องสอน,รายได้ทั้งสิ้นต่อเดือน,ลูกจ้าง,คนงานด้านการขนส่งและงานพื้นฐาน,6713.00,บาท,,สำนักงานสถิติแห่งชาติ
2566,แม่ฮ่องสอน,รายได้ทั้งสิ้นต่อเดือน,ลูกจ้าง,เสมียนพนักงานขายและให้บริการ,22097.00,บาท,,สำนักงานสถิติแห่งชาติ
2566,แม่ฮ่องสอน,รายได้ทั้งสิ้นต่อเดือน,ลูกจ้าง,ผู้ปฏิบัติงานในกระบวนการผลิตก่อสร้างและเหมืองแร่,16622.00,บาท,,สำนักงานสถิติแห่งชาติ
2566,แม่ฮ่องสอน,รายได้ทั้งสิ้นต่อเดือน,ผู้ไม่ได้ปฏิบัติงานเชิงเศรษฐกิจ,ผู้ไม่ได้ปฏิบัติงานเชิงเศรษฐกิจ,11001.00,บาท,,สำนักงานสถิติแห่งชาติ
2566,แม่ฮ่องสอน,ค่าใช้จ่ายทั้งสิ้นต่อเดือน,รวมทั้งสิ้น,รวมทั้งสิ้น,14926.00,บาท,,สำนักงานสถิติแห่งชาติ
2566,แม่ฮ่องสอน,ค่าใช้จ่ายทั้งสิ้นต่อเดือน,ผู้ถือครองทำการเกษตร/เพาะเลี้ยง,ปลูกพืช/เลี้ยงสัตว์/เพาะเลี้ยง_ส่วนใหญ่เป็นเจ้าของที่ดิน,10367.00,บาท,,สำนักงานสถิติแห่งชาติ
2566,แม่ฮ่องสอน,ค่าใช้จ่ายทั้งสิ้นต่อเดือน,ผู้ถือครองทำการเกษตร/เพาะเลี้ยง,ปลูกพืช/เลี้ยงสัตว์/เพาะเลี้ยง_ส่วนใหญ่เช่าที่ดิน/ทำฟรี,12931.00,บาท,,สำนักงานสถิติแห่งชาติ
2566,แม่ฮ่องสอน,ค่าใช้จ่ายทั้งสิ้นต่อเดือน,ผู้ถือครองทำการเกษตร/เพาะเลี้ยง,ประมงป่าไม้ล่าสัตว์หาของป่าบริการทางการเกษตร,8233.00,บาท,,สำนักงานสถิติแห่งชาติ
2566,แม่ฮ่องสอน,ค่าใช้จ่ายทั้งสิ้นต่อเดือน,ผู้ประกอบธุรกิจของตนเองที่ไม่ใช่การเกษตร,ผู้ประกอบธุรกิจของตนเองที่ไม่ใช่การเกษตร,23776.00,บาท,,สำนักงานสถิติแห่งชาติ
2566,แม่ฮ่องสอน,ค่าใช้จ่ายทั้งสิ้นต่อเดือน,ลูกจ้าง,ผู้จัดการนักวิชาการและผู้ปฏิบัติงานวิชาชีพ,30024.00,บาท,,สำนักงานสถิติแห่งชาติ
2566,แม่ฮ่องสอน,ค่าใช้จ่ายทั้งสิ้นต่อเดือน,ลูกจ้าง,คนงานเกษตรป่าไม้และประมง,13013.00,บาท,,สำนักงานสถิติแห่งชาติ
2566,แม่ฮ่องสอน,ค่าใช้จ่ายทั้งสิ้นต่อเดือน,ลูกจ้าง,คนงานด้านการขนส่งและงานพื้นฐาน,9833.00,บาท,,สำนักงานสถิติแห่งชาติ
2566,แม่ฮ่องสอน,ค่าใช้จ่ายทั้งสิ้นต่อเดือน,ลูกจ้าง,เสมียนพนักงานขายและให้บริการ,19942.00,บาท,,สำนักงานสถิติแห่งชาติ
2566,แม่ฮ่องสอน,ค่าใช้จ่ายทั้งสิ้นต่อเดือน,ลูกจ้าง,ผู้ปฏิบัติงานในกระบวนการผลิตก่อสร้างและเหมืองแร่,14803.00,บาท,,สำนักงานสถิติแห่งชาติ
2566,แม่ฮ่องสอน,ค่าใช้จ่ายทั้งสิ้นต่อเดือน,ผู้ไม่ได้ปฏิบัติงานเชิงเศรษฐกิจ,ผู้ไม่ได้ปฏิบัติงานเชิงเศรษฐกิจ,9280.00,บาท,,สำนักงานสถิติแห่งชาติ
2566,แม่ฮ่องสอน,หนี้สินเฉลี่ยต่อครัวเรือนทั้งสิ้น,รวมทั้งสิ้น,รวมทั้งสิ้น,170824.00,บาท,,สำนักงานสถิติแห่งชาติ
2566,แม่ฮ่องสอน,หนี้สินเฉลี่ยต่อครัวเรือนทั้งสิ้น,ผู้ถือครองทำการเกษตร/เพาะเลี้ยง,ปลูกพืช/เลี้ยงสัตว์/เพาะเลี้ยง_ส่วนใหญ่เป็นเจ้าของที่ดิน,16483.00,บาท,,สำนักงานสถิติแห่งชาติ
2566,แม่ฮ่องสอน,หนี้สินเฉลี่ยต่อครัวเรือนทั้งสิ้น,ผู้ถือครองทำการเกษตร/เพาะเลี้ยง,ปลูกพืช/เลี้ยงสัตว์/เพาะเลี้ยง_ส่วนใหญ่เช่าที่ดิน/ทำฟรี,102647.00,บาท,,สำนักงานสถิติแห่งชาติ
2566,แม่ฮ่องสอน,หนี้สินเฉลี่ยต่อครัวเรือนทั้งสิ้น,ผู้ถือครองทำการเกษตร/เพาะเลี้ยง,ประมงป่าไม้ล่าสัตว์หาของป่าบริการทางการเกษตร,14169.00,บาท,,สำนักงานสถิติแห่งชาติ
2566,แม่ฮ่องสอน,หนี้สินเฉลี่ยต่อครัวเรือนทั้งสิ้น,ผู้ประกอบธุรกิจของตนเองที่ไม่ใช่การเกษตร,ผู้ประกอบธุรกิจของตนเองที่ไม่ใช่การเกษตร,377010.00,บาท,,สำนักงานสถิติแห่งชาติ
2566,แม่ฮ่องสอน,หนี้สินเฉลี่ยต่อครัวเรือนทั้งสิ้น,ลูกจ้าง,ผู้จัดการนักวิชาการและผู้ปฏิบัติงานวิชาชีพ,845468.00,บาท,,สำนักงานสถิติแห่งชาติ
2566,แม่ฮ่องสอน,หนี้สินเฉลี่ยต่อครัวเรือนทั้งสิ้น,ลูกจ้าง,คนงานเกษตรป่าไม้และประมง,123587.00,บาท,,สำนักงานสถิติแห่งชาติ
2566,แม่ฮ่องสอน,หนี้สินเฉลี่ยต่อครัวเรือนทั้งสิ้น,ลูกจ้าง,คนงานด้านการขนส่งและงานพื้นฐาน,3908.00,บาท,,สำนักงานสถิติแห่งชาติ
2566,แม่ฮ่องสอน,หนี้สินเฉลี่ยต่อครัวเรือนทั้งสิ้น,ลูกจ้าง,เสมียนพนักงานขายและให้บริการ,168117.00,บาท,,สำนักงานสถิติแห่งชาติ
2566,แม่ฮ่องสอน,หนี้สินเฉลี่ยต่อครัวเรือนทั้งสิ้น,ลูกจ้าง,ผู้ปฏิบัติงานในกระบวนการผลิตก่อสร้างและเหมืองแร่,84645.00,บาท,,สำนักงานสถิติแห่งชาติ
2566,แม่ฮ่องสอน,หนี้สินเฉลี่ยต่อครัวเรือนทั้งสิ้น,ผู้ไม่ได้ปฏิบัติงานเชิงเศรษฐกิจ,ผู้ไม่ได้ปฏิบัติงานเชิงเศรษฐกิจ,44698.00,บาท,,สำนักงานสถิติแห่งชาติ
2566,แม่ฮ่องสอน,ร้อยละของค่าใช้จ่ายต่อรายได้,รวมทั้งสิ้น,รวมทั้งสิ้น,80.64,ร้อยละ,,สำนักงานสถิติแห่งชาติ
2566,แม่ฮ่องสอน,ร้อยละของค่าใช้จ่ายต่อรายได้,ผู้ถือครองทำการเกษตร/เพาะเลี้ยง,ปลูกพืช/เลี้ยงสัตว์/เพาะเลี้ยง_ส่วนใหญ่เป็นเจ้าของที่ดิน,84.79,ร้อยละ,,สำนักงานสถิติแห่งชาติ
2566,แม่ฮ่องสอน,ร้อยละของค่าใช้จ่ายต่อรายได้,ผู้ถือครองทำการเกษตร/เพาะเลี้ยง,ปลูกพืช/เลี้ยงสัตว์/เพาะเลี้ยง_ส่วนใหญ่เช่าที่ดิน/ทำฟรี,110.03,ร้อยละ,,สำนักงานสถิติแห่งชาติ
2566,แม่ฮ่องสอน,ร้อยละของค่าใช้จ่ายต่อรายได้,ผู้ถือครองทำการเกษตร/เพาะเลี้ยง,ประมงป่าไม้ล่าสัตว์หาของป่าบริการทางการเกษตร,92.13,ร้อยละ,,สำนักงานสถิติแห่งชาติ
2566,แม่ฮ่องสอน,ร้อยละของค่าใช้จ่ายต่อรายได้,ผู้ประกอบธุรกิจของตนเองที่ไม่ใช่การเกษตร,ผู้ประกอบธุรกิจของตนเองที่ไม่ใช่การเกษตร,51.58,ร้อยละ,,สำนักงานสถิติแห่งชาติ
2566,แม่ฮ่องสอน,ร้อยละของค่าใช้จ่ายต่อรายได้,ลูกจ้าง,ผู้จัดการนักวิชาการและผู้ปฏิบัติงานวิชาชีพ,80.65,ร้อยละ,,สำนักงานสถิติแห่งชาติ
2566,แม่ฮ่องสอน,ร้อยละของค่าใช้จ่ายต่อรายได้,ลูกจ้าง,คนงานเกษตรป่าไม้และประมง,77.35,ร้อยละ,,สำนักงานสถิติแห่งชาติ
2566,แม่ฮ่องสอน,ร้อยละของค่าใช้จ่ายต่อรายได้,ลูกจ้าง,คนงานด้านการขนส่งและงานพื้นฐาน,146.47,ร้อยละ,,สำนักงานสถิติแห่งชาติ
2566,แม่ฮ่องสอน,ร้อยละของค่าใช้จ่ายต่อรายได้,ลูกจ้าง,เสมียนพนักงานขายและให้บริการ,90.24,ร้อยละ,,สำนักงานสถิติแห่งชาติ
2566,แม่ฮ่องสอน,ร้อยละของค่าใช้จ่ายต่อรายได้,ลูกจ้าง,ผู้ปฏิบัติงานในกระบวนการผลิตก่อสร้างและเหมืองแร่,89.06,ร้อยละ,,สำนักงานสถิติแห่งชาติ
2566,แม่ฮ่องสอน,ร้อยละของค่าใช้จ่ายต่อรายได้,ผู้ไม่ได้ปฏิบัติงานเชิงเศรษฐกิจ,ผู้ไม่ได้ปฏิบัติงานเชิงเศรษฐกิจ,84.36,ร้อยละ,,สำนักงานสถิติแห่งชาติ
2566,นครสวรรค์,รายได้ทั้งสิ้นต่อเดือน,รวมทั้งสิ้น,รวมทั้งสิ้น,23139.00,บาท,,สำนักงานสถิติแห่งชาติ
2566,นครสวรรค์,รายได้ทั้งสิ้นต่อเดือน,ผู้ถือครองทำการเกษตร/เพาะเลี้ยง,ปลูกพืช/เลี้ยงสัตว์/เพาะเลี้ยง_ส่วนใหญ่เป็นเจ้าของที่ดิน,22827.00,บาท,,สำนักงานสถิติแห่งชาติ
2566,นครสวรรค์,รายได้ทั้งสิ้นต่อเดือน,ผู้ถือครองทำการเกษตร/เพาะเลี้ยง,ปลูกพืช/เลี้ยงสัตว์/เพาะเลี้ยง_ส่วนใหญ่เช่าที่ดิน/ทำฟรี,28110.00,บาท,,สำนักงานสถิติแห่งชาติ
2566,นครสวรรค์,รายได้ทั้งสิ้นต่อเดือน,ผู้ถือครองทำการเกษตร/เพาะเลี้ยง,ประมงป่าไม้ล่าสัตว์หาของป่าบริการทางการเกษตร,48524.00,บาท,,สำนักงานสถิติแห่งชาติ
2566,นครสวรรค์,รายได้ทั้งสิ้นต่อเดือน,ผู้ประกอบธุรกิจของตนเองที่ไม่ใช่การเกษตร,ผู้ประกอบธุรกิจของตนเองที่ไม่ใช่การเกษตร,28511.00,บาท,,สำนักงานสถิติแห่งชาติ
2566,นครสวรรค์,รายได้ทั้งสิ้นต่อเดือน,ลูกจ้าง,ผู้จัดการนักวิชาการและผู้ปฏิบัติงานวิชาชีพ,35522.00,บาท,,สำนักงานสถิติแห่งชาติ
2566,นครสวรรค์,รายได้ทั้งสิ้นต่อเดือน,ลูกจ้าง,คนงานเกษตรป่าไม้และประมง,16034.00,บาท,,สำนักงานสถิติแห่งชาติ
2566,นครสวรรค์,รายได้ทั้งสิ้นต่อเดือน,ลูกจ้าง,คนงานด้านการขนส่งและงานพื้นฐาน,17690.00,บาท,,สำนักงานสถิติแห่งชาติ
2566,นครสวรรค์,รายได้ทั้งสิ้นต่อเดือน,ลูกจ้าง,เสมียนพนักงานขายและให้บริการ,22619.00,บาท,,สำนักงานสถิติแห่งชาติ
2566,นครสวรรค์,รายได้ทั้งสิ้นต่อเดือน,ลูกจ้าง,ผู้ปฏิบัติงานในกระบวนการผลิตก่อสร้างและเหมืองแร่,16680.00,บาท,,สำนักงานสถิติแห่งชาติ
2566,นครสวรรค์,รายได้ทั้งสิ้นต่อเดือน,ผู้ไม่ได้ปฏิบัติงานเชิงเศรษฐกิจ,ผู้ไม่ได้ปฏิบัติงานเชิงเศรษฐกิจ,15912.00,บาท,,สำนักงานสถิติแห่งชาติ
2566,นครสวรรค์,ค่าใช้จ่ายทั้งสิ้นต่อเดือน,รวมทั้งสิ้น,รวมทั้งสิ้น,17559.00,บาท,,สำนักงานสถิติแห่งชาติ
2566,นครสวรรค์,ค่าใช้จ่ายทั้งสิ้นต่อเดือน,ผู้ถือครองทำการเกษตร/เพาะเลี้ยง,ปลูกพืช/เลี้ยงสัตว์/เพาะเลี้ยง_ส่วนใหญ่เป็นเจ้าของที่ดิน,17189.00,บาท,,สำนักงานสถิติแห่งชาติ
2566,นครสวรรค์,ค่าใช้จ่ายทั้งสิ้นต่อเดือน,ผู้ถือครองทำการเกษตร/เพาะเลี้ยง,ปลูกพืช/เลี้ยงสัตว์/เพาะเลี้ยง_ส่วนใหญ่เช่าที่ดิน/ทำฟรี,20809.00,บาท,,สำนักงานสถิติแห่งชาติ
2566,นครสวรรค์,ค่าใช้จ่ายทั้งสิ้นต่อเดือน,ผู้ถือครองทำการเกษตร/เพาะเลี้ยง,ประมงป่าไม้ล่าสัตว์หาของป่าบริการทางการเกษตร,18308.00,บาท,,สำนักงานสถิติแห่งชาติ
2566,นครสวรรค์,ค่าใช้จ่ายทั้งสิ้นต่อเดือน,ผู้ประกอบธุรกิจของตนเองที่ไม่ใช่การเกษตร,ผู้ประกอบธุรกิจของตนเองที่ไม่ใช่การเกษตร,20915.00,บาท,,สำนักงานสถิติแห่งชาติ
2566,นครสวรรค์,ค่าใช้จ่ายทั้งสิ้นต่อเดือน,ลูกจ้าง,ผู้จัดการนักวิชาการและผู้ปฏิบัติงานวิชาชีพ,26739.00,บาท,,สำนักงานสถิติแห่งชาติ
2566,นครสวรรค์,ค่าใช้จ่ายทั้งสิ้นต่อเดือน,ลูกจ้าง,คนงานเกษตรป่าไม้และประมง,12602.00,บาท,,สำนักงานสถิติแห่งชาติ
2566,นครสวรรค์,ค่าใช้จ่ายทั้งสิ้นต่อเดือน,ลูกจ้าง,คนงานด้านการขนส่งและงานพื้นฐาน,16861.00,บาท,,สำนักงานสถิติแห่งชาติ
2566,นครสวรรค์,ค่าใช้จ่ายทั้งสิ้นต่อเดือน,ลูกจ้าง,เสมียนพนักงานขายและให้บริการ,18744.00,บาท,,สำนักงานสถิติแห่งชาติ
2566,นครสวรรค์,ค่าใช้จ่ายทั้งสิ้นต่อเดือน,ลูกจ้าง,ผู้ปฏิบัติงานในกระบวนการผลิตก่อสร้างและเหมืองแร่,14276.00,บาท,,สำนักงานสถิติแห่งชาติ
2566,นครสวรรค์,ค่าใช้จ่ายทั้งสิ้นต่อเดือน,ผู้ไม่ได้ปฏิบัติงานเชิงเศรษฐกิจ,ผู้ไม่ได้ปฏิบัติงานเชิงเศรษฐกิจ,13115.00,บาท,,สำนักงานสถิติแห่งชาติ
2566,นครสวรรค์,หนี้สินเฉลี่ยต่อครัวเรือนทั้งสิ้น,รวมทั้งสิ้น,รวมทั้งสิ้น,152664.00,บาท,,สำนักงานสถิติแห่งชาติ
2566,นครสวรรค์,หนี้สินเฉลี่ยต่อครัวเรือนทั้งสิ้น,ผู้ถือครองทำการเกษตร/เพาะเลี้ยง,ปลูกพืช/เลี้ยงสัตว์/เพาะเลี้ยง_ส่วนใหญ่เป็นเจ้าของที่ดิน,237689.00,บาท,,สำนักงานสถิติแห่งชาติ
2566,นครสวรรค์,หนี้สินเฉลี่ยต่อครัวเรือนทั้งสิ้น,ผู้ถือครองทำการเกษตร/เพาะเลี้ยง,ปลูกพืช/เลี้ยงสัตว์/เพาะเลี้ยง_ส่วนใหญ่เช่าที่ดิน/ทำฟรี,270441.00,บาท,,สำนักงานสถิติแห่งชาติ
2566,นครสวรรค์,หนี้สินเฉลี่ยต่อครัวเรือนทั้งสิ้น,ผู้ถือครองทำการเกษตร/เพาะเลี้ยง,ประมงป่าไม้ล่าสัตว์หาของป่าบริการทางการเกษตร,734009.00,บาท,,สำนักงานสถิติแห่งชาติ
2566,นครสวรรค์,หนี้สินเฉลี่ยต่อครัวเรือนทั้งสิ้น,ผู้ประกอบธุรกิจของตนเองที่ไม่ใช่การเกษตร,ผู้ประกอบธุรกิจของตนเองที่ไม่ใช่การเกษตร,140878.00,บาท,,สำนักงานสถิติแห่งชาติ
2566,นครสวรรค์,หนี้สินเฉลี่ยต่อครัวเรือนทั้งสิ้น,ลูกจ้าง,ผู้จัดการนักวิชาการและผู้ปฏิบัติงานวิชาชีพ,322598.00,บาท,,สำนักงานสถิติแห่งชาติ
2566,นครสวรรค์,หนี้สินเฉลี่ยต่อครัวเรือนทั้งสิ้น,ลูกจ้าง,คนงานเกษตรป่าไม้และประมง,38937.00,บาท,,สำนักงานสถิติแห่งชาติ
2566,นครสวรรค์,หนี้สินเฉลี่ยต่อครัวเรือนทั้งสิ้น,ลูกจ้าง,คนงานด้านการขนส่งและงานพื้นฐาน,134076.00,บาท,,สำนักงานสถิติแห่งชาติ
2566,นครสวรรค์,หนี้สินเฉลี่ยต่อครัวเรือนทั้งสิ้น,ลูกจ้าง,เสมียนพนักงานขายและให้บริการ,112431.00,บาท,,สำนักงานสถิติแห่งชาติ
2566,นครสวรรค์,หนี้สินเฉลี่ยต่อครัวเรือนทั้งสิ้น,ลูกจ้าง,ผู้ปฏิบัติงานในกระบวนการผลิตก่อสร้างและเหมืองแร่,66820.00,บาท,,สำนักงานสถิติแห่งชาติ
2566,นครสวรรค์,หนี้สินเฉลี่ยต่อครัวเรือนทั้งสิ้น,ผู้ไม่ได้ปฏิบัติงานเชิงเศรษฐกิจ,ผู้ไม่ได้ปฏิบัติงานเชิงเศรษฐกิจ,61048.00,บาท,,สำนักงานสถิติแห่งชาติ
2566,นครสวรรค์,ร้อยละของค่าใช้จ่ายต่อรายได้,รวมทั้งสิ้น,รวมทั้งสิ้น,75.89,ร้อยละ,,สำนักงานสถิติแห่งชาติ
2566,นครสวรรค์,ร้อยละของค่าใช้จ่ายต่อรายได้,ผู้ถือครองทำการเกษตร/เพาะเลี้ยง,ปลูกพืช/เลี้ยงสัตว์/เพาะเลี้ยง_ส่วนใหญ่เป็นเจ้าของที่ดิน,75.30,ร้อยละ,,สำนักงานสถิติแห่งชาติ
2566,นครสวรรค์,ร้อยละของค่าใช้จ่ายต่อรายได้,ผู้ถือครองทำการเกษตร/เพาะเลี้ยง,ปลูกพืช/เลี้ยงสัตว์/เพาะเลี้ยง_ส่วนใหญ่เช่าที่ดิน/ทำฟรี,74.03,ร้อยละ,,สำนักงานสถิติแห่งชาติ
2566,นครสวรรค์,ร้อยละของค่าใช้จ่ายต่อรายได้,ผู้ถือครองทำการเกษตร/เพาะเลี้ยง,ประมงป่าไม้ล่าสัตว์หาของป่าบริการทางการเกษตร,37.73,ร้อยละ,,สำนักงานสถิติแห่งชาติ
2566,นครสวรรค์,ร้อยละของค่าใช้จ่ายต่อรายได้,ผู้ประกอบธุรกิจของตนเองที่ไม่ใช่การเกษตร,ผู้ประกอบธุรกิจของตนเองที่ไม่ใช่การเกษตร,73.36,ร้อยละ,,สำนักงานสถิติแห่งชาติ
2566,นครสวรรค์,ร้อยละของค่าใช้จ่ายต่อรายได้,ลูกจ้าง,ผู้จัดการนักวิชาการและผู้ปฏิบัติงานวิชาชีพ,75.27,ร้อยละ,,สำนักงานสถิติแห่งชาติ
2566,นครสวรรค์,ร้อยละของค่าใช้จ่ายต่อรายได้,ลูกจ้าง,คนงานเกษตรป่าไม้และประมง,78.60,ร้อยละ,,สำนักงานสถิติแห่งชาติ
2566,นครสวรรค์,ร้อยละของค่าใช้จ่ายต่อรายได้,ลูกจ้าง,คนงานด้านการขนส่งและงานพื้นฐาน,95.31,ร้อยละ,,สำนักงานสถิติแห่งชาติ
2566,นครสวรรค์,ร้อยละของค่าใช้จ่ายต่อรายได้,ลูกจ้าง,เสมียนพนักงานขายและให้บริการ,82.87,ร้อยละ,,สำนักงานสถิติแห่งชาติ
2566,นครสวรรค์,ร้อยละของค่าใช้จ่ายต่อรายได้,ลูกจ้าง,ผู้ปฏิบัติงานในกระบวนการผลิตก่อสร้างและเหมืองแร่,85.59,ร้อยละ,,สำนักงานสถิติแห่งชาติ
2566,นครสวรรค์,ร้อยละของค่าใช้จ่ายต่อรายได้,ผู้ไม่ได้ปฏิบัติงานเชิงเศรษฐกิจ,ผู้ไม่ได้ปฏิบัติงานเชิงเศรษฐกิจ,82.42,ร้อยละ,,สำนักงานสถิติแห่งชาติ
2566,อุทัยธานี,รายได้ทั้งสิ้นต่อเดือน,รวมทั้งสิ้น,รวมทั้งสิ้น,20608.00,บาท,,สำนักงานสถิติแห่งชาติ
2566,อุทัยธานี,รายได้ทั้งสิ้นต่อเดือน,ผู้ถือครองทำการเกษตร/เพาะเลี้ยง,ปลูกพืช/เลี้ยงสัตว์/เพาะเลี้ยง_ส่วนใหญ่เป็นเจ้าของที่ดิน,19148.00,บาท,,สำนักงานสถิติแห่งชาติ
2566,อุทัยธานี,รายได้ทั้งสิ้นต่อเดือน,ผู้ถือครองทำการเกษตร/เพาะเลี้ยง,ปลูกพืช/เลี้ยงสัตว์/เพาะเลี้ยง_ส่วนใหญ่เช่าที่ดิน/ทำฟรี,21125.00,บาท,,สำนักงานสถิติแห่งชาติ
2566,อุทัยธานี,รายได้ทั้งสิ้นต่อเดือน,ผู้ถือครองทำการเกษตร/เพาะเลี้ยง,ประมงป่าไม้ล่าสัตว์หาของป่าบริการทางการเกษตร,11373.00,บาท,,สำนักงานสถิติแห่งชาติ
2566,อุทัยธานี,รายได้ทั้งสิ้นต่อเดือน,ผู้ประกอบธุรกิจของตนเองที่ไม่ใช่การเกษตร,ผู้ประกอบธุรกิจของตนเองที่ไม่ใช่การเกษตร,24928.00,บาท,,สำนักงานสถิติแห่งชาติ
2566,อุทัยธานี,รายได้ทั้งสิ้นต่อเดือน,ลูกจ้าง,ผู้จัดการนักวิชาการและผู้ปฏิบัติงานวิชาชีพ,44811.00,บาท,,สำนักงานสถิติแห่งชาติ
2566,อุทัยธานี,รายได้ทั้งสิ้นต่อเดือน,ลูกจ้าง,คนงานเกษตรป่าไม้และประมง,20529.00,บาท,,สำนักงานสถิติแห่งชาติ
2566,อุทัยธานี,รายได้ทั้งสิ้นต่อเดือน,ลูกจ้าง,คนงานด้านการขนส่งและงานพื้นฐาน,12645.00,บาท,,สำนักงานสถิติแห่งชาติ
2566,อุทัยธานี,รายได้ทั้งสิ้นต่อเดือน,ลูกจ้าง,เสมียนพนักงานขายและให้บริการ,22917.00,บาท,,สำนักงานสถิติแห่งชาติ
2566,อุทัยธานี,รายได้ทั้งสิ้นต่อเดือน,ลูกจ้าง,ผู้ปฏิบัติงานในกระบวนการผลิตก่อสร้างและเหมืองแร่,18297.00,บาท,,สำนักงานสถิติแห่งชาติ
2566,อุทัยธานี,รายได้ทั้งสิ้นต่อเดือน,ผู้ไม่ได้ปฏิบัติงานเชิงเศรษฐกิจ,ผู้ไม่ได้ปฏิบัติงานเชิงเศรษฐกิจ,16237.00,บาท,,สำนักงานสถิติแห่งชาติ
2566,อุทัยธานี,ค่าใช้จ่ายทั้งสิ้นต่อเดือน,รวมทั้งสิ้น,รวมทั้งสิ้น,16469.00,บาท,,สำนักงานสถิติแห่งชาติ
2566,อุทัยธานี,ค่าใช้จ่ายทั้งสิ้นต่อเดือน,ผู้ถือครองทำการเกษตร/เพาะเลี้ยง,ปลูกพืช/เลี้ยงสัตว์/เพาะเลี้ยง_ส่วนใหญ่เป็นเจ้าของที่ดิน,14415.00,บาท,,สำนักงานสถิติแห่งชาติ
2566,อุทัยธานี,ค่าใช้จ่ายทั้งสิ้นต่อเดือน,ผู้ถือครองทำการเกษตร/เพาะเลี้ยง,ปลูกพืช/เลี้ยงสัตว์/เพาะเลี้ยง_ส่วนใหญ่เช่าที่ดิน/ทำฟรี,14613.00,บาท,,สำนักงานสถิติแห่งชาติ
2566,อุทัยธานี,ค่าใช้จ่ายทั้งสิ้นต่อเดือน,ผู้ถือครองทำการเกษตร/เพาะเลี้ยง,ประมงป่าไม้ล่าสัตว์หาของป่าบริการทางการเกษตร,10781.00,บาท,,สำนักงานสถิติแห่งชาติ
2566,อุทัยธานี,ค่าใช้จ่ายทั้งสิ้นต่อเดือน,ผู้ประกอบธุรกิจของตนเองที่ไม่ใช่การเกษตร,ผู้ประกอบธุรกิจของตนเองที่ไม่ใช่การเกษตร,19797.00,บาท,,สำนักงานสถิติแห่งชาติ
2566,อุทัยธานี,ค่าใช้จ่ายทั้งสิ้นต่อเดือน,ลูกจ้าง,ผู้จัดการนักวิชาการและผู้ปฏิบัติงานวิชาชีพ,32831.00,บาท,,สำนักงานสถิติแห่งชาติ
2566,อุทัยธานี,ค่าใช้จ่ายทั้งสิ้นต่อเดือน,ลูกจ้าง,คนงานเกษตรป่าไม้และประมง,16516.00,บาท,,สำนักงานสถิติแห่งชาติ
2566,อุทัยธานี,ค่าใช้จ่ายทั้งสิ้นต่อเดือน,ลูกจ้าง,คนงานด้านการขนส่งและงานพื้นฐาน,12697.00,บาท,,สำนักงานสถิติแห่งชาติ
2566,อุทัยธานี,ค่าใช้จ่ายทั้งสิ้นต่อเดือน,ลูกจ้าง,เสมียนพนักงานขายและให้บริการ,20545.00,บาท,,สำนักงานสถิติแห่งชาติ
2566,อุทัยธานี,ค่าใช้จ่ายทั้งสิ้นต่อเดือน,ลูกจ้าง,ผู้ปฏิบัติงานในกระบวนการผลิตก่อสร้างและเหมืองแร่,16029.00,บาท,,สำนักงานสถิติแห่งชาติ
2566,อุทัยธานี,ค่าใช้จ่ายทั้งสิ้นต่อเดือน,ผู้ไม่ได้ปฏิบัติงานเชิงเศรษฐกิจ,ผู้ไม่ได้ปฏิบัติงานเชิงเศรษฐกิจ,13066.00,บาท,,สำนักงานสถิติแห่งชาติ
2566,อุทัยธานี,หนี้สินเฉลี่ยต่อครัวเรือนทั้งสิ้น,รวมทั้งสิ้น,รวมทั้งสิ้น,171054.00,บาท,,สำนักงานสถิติแห่งชาติ
2566,อุทัยธานี,หนี้สินเฉลี่ยต่อครัวเรือนทั้งสิ้น,ผู้ถือครองทำการเกษตร/เพาะเลี้ยง,ปลูกพืช/เลี้ยงสัตว์/เพาะเลี้ยง_ส่วนใหญ่เป็นเจ้าของที่ดิน,207773.00,บาท,,สำนักงานสถิติแห่งชาติ
2566,อุทัยธานี,หนี้สินเฉลี่ยต่อครัวเรือนทั้งสิ้น,ผู้ถือครองทำการเกษตร/เพาะเลี้ยง,ปลูกพืช/เลี้ยงสัตว์/เพาะเลี้ยง_ส่วนใหญ่เช่าที่ดิน/ทำฟรี,349322.00,บาท,,สำนักงานสถิติแห่งชาติ
2566,อุทัยธานี,หนี้สินเฉลี่ยต่อครัวเรือนทั้งสิ้น,ผู้ถือครองทำการเกษตร/เพาะเลี้ยง,ประมงป่าไม้ล่าสัตว์หาของป่าบริการทางการเกษตร,59351.00,บาท,,สำนักงานสถิติแห่งชาติ
2566,อุทัยธานี,หนี้สินเฉลี่ยต่อครัวเรือนทั้งสิ้น,ผู้ประกอบธุรกิจของตนเองที่ไม่ใช่การเกษตร,ผู้ประกอบธุรกิจของตนเองที่ไม่ใช่การเกษตร,169804.00,บาท,,สำนักงานสถิติแห่งชาติ
2566,อุทัยธานี,หนี้สินเฉลี่ยต่อครัวเรือนทั้งสิ้น,ลูกจ้าง,ผู้จัดการนักวิชาการและผู้ปฏิบัติงานวิชาชีพ,559431.00,บาท,,สำนักงานสถิติแห่งชาติ
2566,อุทัยธานี,หนี้สินเฉลี่ยต่อครัวเรือนทั้งสิ้น,ลูกจ้าง,คนงานเกษตรป่าไม้และประมง,178238.00,บาท,,สำนักงานสถิติแห่งชาติ
2566,อุทัยธานี,หนี้สินเฉลี่ยต่อครัวเรือนทั้งสิ้น,ลูกจ้าง,คนงานด้านการขนส่งและงานพื้นฐาน,53315.00,บาท,,สำนักงานสถิติแห่งชาติ
2566,อุทัยธานี,หนี้สินเฉลี่ยต่อครัวเรือนทั้งสิ้น,ลูกจ้าง,เสมียนพนักงานขายและให้บริการ,151407.00,บาท,,สำนักงานสถิติแห่งชาติ
2566,อุทัยธานี,หนี้สินเฉลี่ยต่อครัวเรือนทั้งสิ้น,ลูกจ้าง,ผู้ปฏิบัติงานในกระบวนการผลิตก่อสร้างและเหมืองแร่,119139.00,บาท,,สำนักงานสถิติแห่งชาติ
2566,อุทัยธานี,หนี้สินเฉลี่ยต่อครัวเรือนทั้งสิ้น,ผู้ไม่ได้ปฏิบัติงานเชิงเศรษฐกิจ,ผู้ไม่ได้ปฏิบัติงานเชิงเศรษฐกิจ,92094.00,บาท,,สำนักงานสถิติแห่งชาติ
2566,อุทัยธานี,ร้อยละของค่าใช้จ่ายต่อรายได้,รวมทั้งสิ้น,รวมทั้งสิ้น,79.92,ร้อยละ,,สำนักงานสถิติแห่งชาติ
2566,อุทัยธานี,ร้อยละของค่าใช้จ่ายต่อรายได้,ผู้ถือครองทำการเกษตร/เพาะเลี้ยง,ปลูกพืช/เลี้ยงสัตว์/เพาะเลี้ยง_ส่วนใหญ่เป็นเจ้าของที่ดิน,75.28,ร้อยละ,,สำนักงานสถิติแห่งชาติ
2566,อุทัยธานี,ร้อยละของค่าใช้จ่ายต่อรายได้,ผู้ถือครองทำการเกษตร/เพาะเลี้ยง,ปลูกพืช/เลี้ยงสัตว์/เพาะเลี้ยง_ส่วนใหญ่เช่าที่ดิน/ทำฟรี,69.18,ร้อยละ,,สำนักงานสถิติแห่งชาติ
2566,อุทัยธานี,ร้อยละของค่าใช้จ่ายต่อรายได้,ผู้ถือครองทำการเกษตร/เพาะเลี้ยง,ประมงป่าไม้ล่าสัตว์หาของป่าบริการทางการเกษตร,94.80,ร้อยละ,,สำนักงานสถิติแห่งชาติ
2566,อุทัยธานี,ร้อยละของค่าใช้จ่ายต่อรายได้,ผู้ประกอบธุรกิจของตนเองที่ไม่ใช่การเกษตร,ผู้ประกอบธุรกิจของตนเองที่ไม่ใช่การเกษตร,79.41,ร้อยละ,,สำนักงานสถิติแห่งชาติ
2566,อุทัยธานี,ร้อยละของค่าใช้จ่ายต่อรายได้,ลูกจ้าง,ผู้จัดการนักวิชาการและผู้ปฏิบัติงานวิชาชีพ,73.27,ร้อยละ,,สำนักงานสถิติแห่งชาติ
2566,อุทัยธานี,ร้อยละของค่าใช้จ่ายต่อรายได้,ลูกจ้าง,คนงานเกษตรป่าไม้และประมง,80.45,ร้อยละ,,สำนักงานสถิติแห่งชาติ
2566,อุทัยธานี,ร้อยละของค่าใช้จ่ายต่อรายได้,ลูกจ้าง,คนงานด้านการขนส่งและงานพื้นฐาน,100.42,ร้อยละ,,สำนักงานสถิติแห่งชาติ
2566,อุทัยธานี,ร้อยละของค่าใช้จ่ายต่อรายได้,ลูกจ้าง,เสมียนพนักงานขายและให้บริการ,89.65,ร้อยละ,,สำนักงานสถิติแห่งชาติ
2566,อุทัยธานี,ร้อยละของค่าใช้จ่ายต่อรายได้,ลูกจ้าง,ผู้ปฏิบัติงานในกระบวนการผลิตก่อสร้างและเหมืองแร่,87.60,ร้อยละ,,สำนักงานสถิติแห่งชาติ
2566,อุทัยธานี,ร้อยละของค่าใช้จ่ายต่อรายได้,ผู้ไม่ได้ปฏิบัติงานเชิงเศรษฐกิจ,ผู้ไม่ได้ปฏิบัติงานเชิงเศรษฐกิจ,80.47,ร้อยละ,,สำนักงานสถิติแห่งชาติ
2566,กำแพงเพชร,รายได้ทั้งสิ้นต่อเดือน,รวมทั้งสิ้น,รวมทั้งสิ้น,22442.00,บาท,,สำนักงานสถิติแห่งชาติ
2566,กำแพงเพชร,รายได้ทั้งสิ้นต่อเดือน,ผู้ถือครองทำการเกษตร/เพาะเลี้ยง,ปลูกพืช/เลี้ยงสัตว์/เพาะเลี้ยง_ส่วนใหญ่เป็นเจ้าของที่ดิน,25054.00,บาท,,สำนักงานสถิติแห่งชาติ
2566,กำแพงเพชร,รายได้ทั้งสิ้นต่อเดือน,ผู้ถือครองทำการเกษตร/เพาะเลี้ยง,ปลูกพืช/เลี้ยงสัตว์/เพาะเลี้ยง_ส่วนใหญ่เช่าที่ดิน/ทำฟรี,28131.00,บาท,,สำนักงานสถิติแห่งชาติ
2566,กำแพงเพชร,รายได้ทั้งสิ้นต่อเดือน,ผู้ถือครองทำการเกษตร/เพาะเลี้ยง,ประมงป่าไม้ล่าสัตว์หาของป่าบริการทางการเกษตร,15992.00,บาท,,สำนักงานสถิติแห่งชาติ
2566,กำแพงเพชร,รายได้ทั้งสิ้นต่อเดือน,ผู้ประกอบธุรกิจของตนเองที่ไม่ใช่การเกษตร,ผู้ประกอบธุรกิจของตนเองที่ไม่ใช่การเกษตร,25638.00,บาท,,สำนักงานสถิติแห่งชาติ
2566,กำแพงเพชร,รายได้ทั้งสิ้นต่อเดือน,ลูกจ้าง,ผู้จัดการนักวิชาการและผู้ปฏิบัติงานวิชาชีพ,30670.00,บาท,,สำนักงานสถิติแห่งชาติ
2566,กำแพงเพชร,รายได้ทั้งสิ้นต่อเดือน,ลูกจ้าง,คนงานเกษตรป่าไม้และประมง,15687.00,บาท,,สำนักงานสถิติแห่งชาติ
2566,กำแพงเพชร,รายได้ทั้งสิ้นต่อเดือน,ลูกจ้าง,คนงานด้านการขนส่งและงานพื้นฐาน,21569.00,บาท,,สำนักงานสถิติแห่งชาติ
2566,กำแพงเพชร,รายได้ทั้งสิ้นต่อเดือน,ลูกจ้าง,เสมียนพนักงานขายและให้บริการ,27517.00,บาท,,สำนักงานสถิติแห่งชาติ
2566,กำแพงเพชร,รายได้ทั้งสิ้นต่อเดือน,ลูกจ้าง,ผู้ปฏิบัติงานในกระบวนการผลิตก่อสร้างและเหมืองแร่,26349.00,บาท,,สำนักงานสถิติแห่งชาติ
2566,กำแพงเพชร,รายได้ทั้งสิ้นต่อเดือน,ผู้ไม่ได้ปฏิบัติงานเชิงเศรษฐกิจ,ผู้ไม่ได้ปฏิบัติงานเชิงเศรษฐกิจ,15000.00,บาท,,สำนักงานสถิติแห่งชาติ
2566,กำแพงเพชร,ค่าใช้จ่ายทั้งสิ้นต่อเดือน,รวมทั้งสิ้น,รวมทั้งสิ้น,19187.00,บาท,,สำนักงานสถิติแห่งชาติ
2566,กำแพงเพชร,ค่าใช้จ่ายทั้งสิ้นต่อเดือน,ผู้ถือครองทำการเกษตร/เพาะเลี้ยง,ปลูกพืช/เลี้ยงสัตว์/เพาะเลี้ยง_ส่วนใหญ่เป็นเจ้าของที่ดิน,20458.00,บาท,,สำนักงานสถิติแห่งชาติ
2566,กำแพงเพชร,ค่าใช้จ่ายทั้งสิ้นต่อเดือน,ผู้ถือครองทำการเกษตร/เพาะเลี้ยง,ปลูกพืช/เลี้ยงสัตว์/เพาะเลี้ยง_ส่วนใหญ่เช่าที่ดิน/ทำฟรี,23366.00,บาท,,สำนักงานสถิติแห่งชาติ
2566,กำแพงเพชร,ค่าใช้จ่ายทั้งสิ้นต่อเดือน,ผู้ถือครองทำการเกษตร/เพาะเลี้ยง,ประมงป่าไม้ล่าสัตว์หาของป่าบริการทางการเกษตร,14889.00,บาท,,สำนักงานสถิติแห่งชาติ
2566,กำแพงเพชร,ค่าใช้จ่ายทั้งสิ้นต่อเดือน,ผู้ประกอบธุรกิจของตนเองที่ไม่ใช่การเกษตร,ผู้ประกอบธุรกิจของตนเองที่ไม่ใช่การเกษตร,22376.00,บาท,,สำนักงานสถิติแห่งชาติ
2566,กำแพงเพชร,ค่าใช้จ่ายทั้งสิ้นต่อเดือน,ลูกจ้าง,ผู้จัดการนักวิชาการและผู้ปฏิบัติงานวิชาชีพ,25579.00,บาท,,สำนักงานสถิติแห่งชาติ
2566,กำแพงเพชร,ค่าใช้จ่ายทั้งสิ้นต่อเดือน,ลูกจ้าง,คนงานเกษตรป่าไม้และประมง,14115.00,บาท,,สำนักงานสถิติแห่งชาติ
2566,กำแพงเพชร,ค่าใช้จ่ายทั้งสิ้นต่อเดือน,ลูกจ้าง,คนงานด้านการขนส่งและงานพื้นฐาน,17829.00,บาท,,สำนักงานสถิติแห่งชาติ
2566,กำแพงเพชร,ค่าใช้จ่ายทั้งสิ้นต่อเดือน,ลูกจ้าง,เสมียนพนักงานขายและให้บริการ,23074.00,บาท,,สำนักงานสถิติแห่งชาติ
2566,กำแพงเพชร,ค่าใช้จ่ายทั้งสิ้นต่อเดือน,ลูกจ้าง,ผู้ปฏิบัติงานในกระบวนการผลิตก่อสร้างและเหมืองแร่,22763.00,บาท,,สำนักงานสถิติแห่งชาติ
2566,กำแพงเพชร,ค่าใช้จ่ายทั้งสิ้นต่อเดือน,ผู้ไม่ได้ปฏิบัติงานเชิงเศรษฐกิจ,ผู้ไม่ได้ปฏิบัติงานเชิงเศรษฐกิจ,13436.00,บาท,,สำนักงานสถิติแห่งชาติ
2566,กำแพงเพชร,หนี้สินเฉลี่ยต่อครัวเรือนทั้งสิ้น,รวมทั้งสิ้น,รวมทั้งสิ้น,168276.00,บาท,,สำนักงานสถิติแห่งชาติ
2566,กำแพงเพชร,หนี้สินเฉลี่ยต่อครัวเรือนทั้งสิ้น,ผู้ถือครองทำการเกษตร/เพาะเลี้ยง,ปลูกพืช/เลี้ยงสัตว์/เพาะเลี้ยง_ส่วนใหญ่เป็นเจ้าของที่ดิน,230155.00,บาท,,สำนักงานสถิติแห่งชาติ
2566,กำแพงเพชร,หนี้สินเฉลี่ยต่อครัวเรือนทั้งสิ้น,ผู้ถือครองทำการเกษตร/เพาะเลี้ยง,ปลูกพืช/เลี้ยงสัตว์/เพาะเลี้ยง_ส่วนใหญ่เช่าที่ดิน/ทำฟรี,393740.00,บาท,,สำนักงานสถิติแห่งชาติ
2566,กำแพงเพชร,หนี้สินเฉลี่ยต่อครัวเรือนทั้งสิ้น,ผู้ถือครองทำการเกษตร/เพาะเลี้ยง,ประมงป่าไม้ล่าสัตว์หาของป่าบริการทางการเกษตร,122520.00,บาท,,สำนักงานสถิติแห่งชาติ
2566,กำแพงเพชร,หนี้สินเฉลี่ยต่อครัวเรือนทั้งสิ้น,ผู้ประกอบธุรกิจของตนเองที่ไม่ใช่การเกษตร,ผู้ประกอบธุรกิจของตนเองที่ไม่ใช่การเกษตร,168237.00,บาท,,สำนักงานสถิติแห่งชาติ
2566,กำแพงเพชร,หนี้สินเฉลี่ยต่อครัวเรือนทั้งสิ้น,ลูกจ้าง,ผู้จัดการนักวิชาการและผู้ปฏิบัติงานวิชาชีพ,414345.00,บาท,,สำนักงานสถิติแห่งชาติ
2566,กำแพงเพชร,หนี้สินเฉลี่ยต่อครัวเรือนทั้งสิ้น,ลูกจ้าง,คนงานเกษตรป่าไม้และประมง,65320.00,บาท,,สำนักงานสถิติแห่งชาติ
2566,กำแพงเพชร,หนี้สินเฉลี่ยต่อครัวเรือนทั้งสิ้น,ลูกจ้าง,คนงานด้านการขนส่งและงานพื้นฐาน,98227.00,บาท,,สำนักงานสถิติแห่งชาติ
2566,กำแพงเพชร,หนี้สินเฉลี่ยต่อครัวเรือนทั้งสิ้น,ลูกจ้าง,เสมียนพนักงานขายและให้บริการ,133954.00,บาท,,สำนักงานสถิติแห่งชาติ
2566,กำแพงเพชร,หนี้สินเฉลี่ยต่อครัวเรือนทั้งสิ้น,ลูกจ้าง,ผู้ปฏิบัติงานในกระบวนการผลิตก่อสร้างและเหมืองแร่,244654.00,บาท,,สำนักงานสถิติแห่งชาติ
2566,กำแพงเพชร,หนี้สินเฉลี่ยต่อครัวเรือนทั้งสิ้น,ผู้ไม่ได้ปฏิบัติงานเชิงเศรษฐกิจ,ผู้ไม่ได้ปฏิบัติงานเชิงเศรษฐกิจ,75686.00,บาท,,สำนักงานสถิติแห่งชาติ
2566,กำแพงเพชร,ร้อยละของค่าใช้จ่ายต่อรายได้,รวมทั้งสิ้น,รวมทั้งสิ้น,85.50,ร้อยละ,,สำนักงานสถิติแห่งชาติ
2566,กำแพงเพชร,ร้อยละของค่าใช้จ่ายต่อรายได้,ผู้ถือครองทำการเกษตร/เพาะเลี้ยง,ปลูกพืช/เลี้ยงสัตว์/เพาะเลี้ยง_ส่วนใหญ่เป็นเจ้าของที่ดิน,81.65,ร้อยละ,,สำนักงานสถิติแห่งชาติ
2566,กำแพงเพชร,ร้อยละของค่าใช้จ่ายต่อรายได้,ผู้ถือครองทำการเกษตร/เพาะเลี้ยง,ปลูกพืช/เลี้ยงสัตว์/เพาะเลี้ยง_ส่วนใหญ่เช่าที่ดิน/ทำฟรี,83.06,ร้อยละ,,สำนักงานสถิติแห่งชาติ
2566,กำแพงเพชร,ร้อยละของค่าใช้จ่ายต่อรายได้,ผู้ถือครองทำการเกษตร/เพาะเลี้ยง,ประมงป่าไม้ล่าสัตว์หาของป่าบริการทางการเกษตร,93.10,ร้อยละ,,สำนักงานสถิติแห่งชาติ
2566,กำแพงเพชร,ร้อยละของค่าใช้จ่ายต่อรายได้,ผู้ประกอบธุรกิจของตนเองที่ไม่ใช่การเกษตร,ผู้ประกอบธุรกิจของตนเองที่ไม่ใช่การเกษตร,87.28,ร้อยละ,,สำนักงานสถิติแห่งชาติ
2566,กำแพงเพชร,ร้อยละของค่าใช้จ่ายต่อรายได้,ลูกจ้าง,ผู้จัดการนักวิชาการและผู้ปฏิบัติงานวิชาชีพ,83.40,ร้อยละ,,สำนักงานสถิติแห่งชาติ
2566,กำแพงเพชร,ร้อยละของค่าใช้จ่ายต่อรายได้,ลูกจ้าง,คนงานเกษตรป่าไม้และประมง,89.98,ร้อยละ,,สำนักงานสถิติแห่งชาติ
2566,กำแพงเพชร,ร้อยละของค่าใช้จ่ายต่อรายได้,ลูกจ้าง,คนงานด้านการขนส่งและงานพื้นฐาน,82.66,ร้อยละ,,สำนักงานสถิติแห่งชาติ
2566,กำแพงเพชร,ร้อยละของค่าใช้จ่ายต่อรายได้,ลูกจ้าง,เสมียนพนักงานขายและให้บริการ,83.86,ร้อยละ,,สำนักงานสถิติแห่งชาติ
2566,กำแพงเพชร,ร้อยละของค่าใช้จ่ายต่อรายได้,ลูกจ้าง,ผู้ปฏิบัติงานในกระบวนการผลิตก่อสร้างและเหมืองแร่,86.39,ร้อยละ,,สำนักงานสถิติแห่งชาติ
2566,กำแพงเพชร,ร้อยละของค่าใช้จ่ายต่อรายได้,ผู้ไม่ได้ปฏิบัติงานเชิงเศรษฐกิจ,ผู้ไม่ได้ปฏิบัติงานเชิงเศรษฐกิจ,89.57,ร้อยละ,,สำนักงานสถิติแห่งชาติ
2566,ตาก,รายได้ทั้งสิ้นต่อเดือน,รวมทั้งสิ้น,รวมทั้งสิ้น,22647.00,บาท,,สำนักงานสถิติแห่งชาติ
2566,ตาก,รายได้ทั้งสิ้นต่อเดือน,ผู้ถือครองทำการเกษตร/เพาะเลี้ยง,ปลูกพืช/เลี้ยงสัตว์/เพาะเลี้ยง_ส่วนใหญ่เป็นเจ้าของที่ดิน,21918.00,บาท,,สำนักงานสถิติแห่งชาติ
2566,ตาก,รายได้ทั้งสิ้นต่อเดือน,ผู้ถือครองทำการเกษตร/เพาะเลี้ยง,ปลูกพืช/เลี้ยงสัตว์/เพาะเลี้ยง_ส่วนใหญ่เช่าที่ดิน/ทำฟรี,23539.00,บาท,,สำนักงานสถิติแห่งชาติ
2566,ตาก,รายได้ทั้งสิ้นต่อเดือน,ผู้ถือครองทำการเกษตร/เพาะเลี้ยง,ประมงป่าไม้ล่าสัตว์หาของป่าบริการทางการเกษตร,15085.00,บาท,,สำนักงานสถิติแห่งชาติ
2566,ตาก,รายได้ทั้งสิ้นต่อเดือน,ผู้ประกอบธุรกิจของตนเองที่ไม่ใช่การเกษตร,ผู้ประกอบธุรกิจของตนเองที่ไม่ใช่การเกษตร,31620.00,บาท,,สำนักงานสถิติแห่งชาติ
2566,ตาก,รายได้ทั้งสิ้นต่อเดือน,ลูกจ้าง,ผู้จัดการนักวิชาการและผู้ปฏิบัติงานวิชาชีพ,48589.00,บาท,,สำนักงานสถิติแห่งชาติ
2566,ตาก,รายได้ทั้งสิ้นต่อเดือน,ลูกจ้าง,คนงานเกษตรป่าไม้และประมง,12723.00,บาท,,สำนักงานสถิติแห่งชาติ
2566,ตาก,รายได้ทั้งสิ้นต่อเดือน,ลูกจ้าง,คนงานด้านการขนส่งและงานพื้นฐาน,15108.00,บาท,,สำนักงานสถิติแห่งชาติ
2566,ตาก,รายได้ทั้งสิ้นต่อเดือน,ลูกจ้าง,เสมียนพนักงานขายและให้บริการ,23206.00,บาท,,สำนักงานสถิติแห่งชาติ
2566,ตาก,รายได้ทั้งสิ้นต่อเดือน,ลูกจ้าง,ผู้ปฏิบัติงานในกระบวนการผลิตก่อสร้างและเหมืองแร่,12557.00,บาท,,สำนักงานสถิติแห่งชาติ
2566,ตาก,รายได้ทั้งสิ้นต่อเดือน,ผู้ไม่ได้ปฏิบัติงานเชิงเศรษฐกิจ,ผู้ไม่ได้ปฏิบัติงานเชิงเศรษฐกิจ,16589.00,บาท,,สำนักงานสถิติแห่งชาติ
2566,ตาก,ค่าใช้จ่ายทั้งสิ้นต่อเดือน,รวมทั้งสิ้น,รวมทั้งสิ้น,17274.00,บาท,,สำนักงานสถิติแห่งชาติ
2566,ตาก,ค่าใช้จ่ายทั้งสิ้นต่อเดือน,ผู้ถือครองทำการเกษตร/เพาะเลี้ยง,ปลูกพืช/เลี้ยงสัตว์/เพาะเลี้ยง_ส่วนใหญ่เป็นเจ้าของที่ดิน,15169.00,บาท,,สำนักงานสถิติแห่งชาติ
2566,ตาก,ค่าใช้จ่ายทั้งสิ้นต่อเดือน,ผู้ถือครองทำการเกษตร/เพาะเลี้ยง,ปลูกพืช/เลี้ยงสัตว์/เพาะเลี้ยง_ส่วนใหญ่เช่าที่ดิน/ทำฟรี,19821.00,บาท,,สำนักงานสถิติแห่งชาติ
2566,ตาก,ค่าใช้จ่ายทั้งสิ้นต่อเดือน,ผู้ถือครองทำการเกษตร/เพาะเลี้ยง,ประมงป่าไม้ล่าสัตว์หาของป่าบริการทางการเกษตร,13199.00,บาท,,สำนักงานสถิติแห่งชาติ
2566,ตาก,ค่าใช้จ่ายทั้งสิ้นต่อเดือน,ผู้ประกอบธุรกิจของตนเองที่ไม่ใช่การเกษตร,ผู้ประกอบธุรกิจของตนเองที่ไม่ใช่การเกษตร,23009.00,บาท,,สำนักงานสถิติแห่งชาติ
2566,ตาก,ค่าใช้จ่ายทั้งสิ้นต่อเดือน,ลูกจ้าง,ผู้จัดการนักวิชาการและผู้ปฏิบัติงานวิชาชีพ,34756.00,บาท,,สำนักงานสถิติแห่งชาติ
2566,ตาก,ค่าใช้จ่ายทั้งสิ้นต่อเดือน,ลูกจ้าง,คนงานเกษตรป่าไม้และประมง,10784.00,บาท,,สำนักงานสถิติแห่งชาติ
2566,ตาก,ค่าใช้จ่ายทั้งสิ้นต่อเดือน,ลูกจ้าง,คนงานด้านการขนส่งและงานพื้นฐาน,14435.00,บาท,,สำนักงานสถิติแห่งชาติ
2566,ตาก,ค่าใช้จ่ายทั้งสิ้นต่อเดือน,ลูกจ้าง,เสมียนพนักงานขายและให้บริการ,18725.00,บาท,,สำนักงานสถิติแห่งชาติ
2566,ตาก,ค่าใช้จ่ายทั้งสิ้นต่อเดือน,ลูกจ้าง,ผู้ปฏิบัติงานในกระบวนการผลิตก่อสร้างและเหมืองแร่,11297.00,บาท,,สำนักงานสถิติแห่งชาติ
2566,ตาก,ค่าใช้จ่ายทั้งสิ้นต่อเดือน,ผู้ไม่ได้ปฏิบัติงานเชิงเศรษฐกิจ,ผู้ไม่ได้ปฏิบัติงานเชิงเศรษฐกิจ,13310.00,บาท,,สำนักงานสถิติแห่งชาติ
2566,ตาก,หนี้สินเฉลี่ยต่อครัวเรือนทั้งสิ้น,รวมทั้งสิ้น,รวมทั้งสิ้น,131752.00,บาท,,สำนักงานสถิติแห่งชาติ
2566,ตาก,หนี้สินเฉลี่ยต่อครัวเรือนทั้งสิ้น,ผู้ถือครองทำการเกษตร/เพาะเลี้ยง,ปลูกพืช/เลี้ยงสัตว์/เพาะเลี้ยง_ส่วนใหญ่เป็นเจ้าของที่ดิน,98205.00,บาท,,สำนักงานสถิติแห่งชาติ
2566,ตาก,หนี้สินเฉลี่ยต่อครัวเรือนทั้งสิ้น,ผู้ถือครองทำการเกษตร/เพาะเลี้ยง,ปลูกพืช/เลี้ยงสัตว์/เพาะเลี้ยง_ส่วนใหญ่เช่าที่ดิน/ทำฟรี,171001.00,บาท,,สำนักงานสถิติแห่งชาติ
2566,ตาก,หนี้สินเฉลี่ยต่อครัวเรือนทั้งสิ้น,ผู้ถือครองทำการเกษตร/เพาะเลี้ยง,ประมงป่าไม้ล่าสัตว์หาของป่าบริการทางการเกษตร,14664.00,บาท,,สำนักงานสถิติแห่งชาติ
2566,ตาก,หนี้สินเฉลี่ยต่อครัวเรือนทั้งสิ้น,ผู้ประกอบธุรกิจของตนเองที่ไม่ใช่การเกษตร,ผู้ประกอบธุรกิจของตนเองที่ไม่ใช่การเกษตร,158329.00,บาท,,สำนักงานสถิติแห่งชาติ
2566,ตาก,หนี้สินเฉลี่ยต่อครัวเรือนทั้งสิ้น,ลูกจ้าง,ผู้จัดการนักวิชาการและผู้ปฏิบัติงานวิชาชีพ,607887.00,บาท,,สำนักงานสถิติแห่งชาติ
2566,ตาก,หนี้สินเฉลี่ยต่อครัวเรือนทั้งสิ้น,ลูกจ้าง,คนงานเกษตรป่าไม้และประมง,25288.00,บาท,,สำนักงานสถิติแห่งชาติ
2566,ตาก,หนี้สินเฉลี่ยต่อครัวเรือนทั้งสิ้น,ลูกจ้าง,คนงานด้านการขนส่งและงานพื้นฐาน,47498.00,บาท,,สำนักงานสถิติแห่งชาติ
2566,ตาก,หนี้สินเฉลี่ยต่อครัวเรือนทั้งสิ้น,ลูกจ้าง,เสมียนพนักงานขายและให้บริการ,143165.00,บาท,,สำนักงานสถิติแห่งชาติ
2566,ตาก,หนี้สินเฉลี่ยต่อครัวเรือนทั้งสิ้น,ลูกจ้าง,ผู้ปฏิบัติงานในกระบวนการผลิตก่อสร้างและเหมืองแร่,35438.00,บาท,,สำนักงานสถิติแห่งชาติ
2566,ตาก,หนี้สินเฉลี่ยต่อครัวเรือนทั้งสิ้น,ผู้ไม่ได้ปฏิบัติงานเชิงเศรษฐกิจ,ผู้ไม่ได้ปฏิบัติงานเชิงเศรษฐกิจ,72369.00,บาท,,สำนักงานสถิติแห่งชาติ
2566,ตาก,ร้อยละของค่าใช้จ่ายต่อรายได้,รวมทั้งสิ้น,รวมทั้งสิ้น,76.28,ร้อยละ,,สำนักงานสถิติแห่งชาติ
2566,ตาก,ร้อยละของค่าใช้จ่ายต่อรายได้,ผู้ถือครองทำการเกษตร/เพาะเลี้ยง,ปลูกพืช/เลี้ยงสัตว์/เพาะเลี้ยง_ส่วนใหญ่เป็นเจ้าของที่ดิน,69.21,ร้อยละ,,สำนักงานสถิติแห่งชาติ
2566,ตาก,ร้อยละของค่าใช้จ่ายต่อรายได้,ผู้ถือครองทำการเกษตร/เพาะเลี้ยง,ปลูกพืช/เลี้ยงสัตว์/เพาะเลี้ยง_ส่วนใหญ่เช่าที่ดิน/ทำฟรี,84.20,ร้อยละ,,สำนักงานสถิติแห่งชาติ
2566,ตาก,ร้อยละของค่าใช้จ่ายต่อรายได้,ผู้ถือครองทำการเกษตร/เพาะเลี้ยง,ประมงป่าไม้ล่าสัตว์หาของป่าบริการทางการเกษตร,87.50,ร้อยละ,,สำนักงานสถิติแห่งชาติ
2566,ตาก,ร้อยละของค่าใช้จ่ายต่อรายได้,ผู้ประกอบธุรกิจของตนเองที่ไม่ใช่การเกษตร,ผู้ประกอบธุรกิจของตนเองที่ไม่ใช่การเกษตร,72.77,ร้อยละ,,สำนักงานสถิติแห่งชาติ
2566,ตาก,ร้อยละของค่าใช้จ่ายต่อรายได้,ลูกจ้าง,ผู้จัดการนักวิชาการและผู้ปฏิบัติงานวิชาชีพ,71.53,ร้อยละ,,สำนักงานสถิติแห่งชาติ
2566,ตาก,ร้อยละของค่าใช้จ่ายต่อรายได้,ลูกจ้าง,คนงานเกษตรป่าไม้และประมง,84.76,ร้อยละ,,สำนักงานสถิติแห่งชาติ
2566,ตาก,ร้อยละของค่าใช้จ่ายต่อรายได้,ลูกจ้าง,คนงานด้านการขนส่งและงานพื้นฐาน,95.54,ร้อยละ,,สำนักงานสถิติแห่งชาติ
2566,ตาก,ร้อยละของค่าใช้จ่ายต่อรายได้,ลูกจ้าง,เสมียนพนักงานขายและให้บริการ,80.69,ร้อยละ,,สำนักงานสถิติแห่งชาติ
2566,ตาก,ร้อยละของค่าใช้จ่ายต่อรายได้,ลูกจ้าง,ผู้ปฏิบัติงานในกระบวนการผลิตก่อสร้างและเหมืองแร่,89.97,ร้อยละ,,สำนักงานสถิติแห่งชาติ
2566,ตาก,ร้อยละของค่าใช้จ่ายต่อรายได้,ผู้ไม่ได้ปฏิบัติงานเชิงเศรษฐกิจ,ผู้ไม่ได้ปฏิบัติงานเชิงเศรษฐกิจ,80.24,ร้อยละ,,สำนักงานสถิติแห่งชาติ
2566,สุโขทัย,รายได้ทั้งสิ้นต่อเดือน,รวมทั้งสิ้น,รวมทั้งสิ้น,26857.00,บาท,,สำนักงานสถิติแห่งชาติ
2566,สุโขทัย,รายได้ทั้งสิ้นต่อเดือน,ผู้ถือครองทำการเกษตร/เพาะเลี้ยง,ปลูกพืช/เลี้ยงสัตว์/เพาะเลี้ยง_ส่วนใหญ่เป็นเจ้าของที่ดิน,28066.00,บาท,,สำนักงานสถิติแห่งชาติ
2566,สุโขทัย,รายได้ทั้งสิ้นต่อเดือน,ผู้ถือครองทำการเกษตร/เพาะเลี้ยง,ปลูกพืช/เลี้ยงสัตว์/เพาะเลี้ยง_ส่วนใหญ่เช่าที่ดิน/ทำฟรี,30821.00,บาท,,สำนักงานสถิติแห่งชาติ
2566,สุโขทัย,รายได้ทั้งสิ้นต่อเดือน,ผู้ถือครองทำการเกษตร/เพาะเลี้ยง,ประมงป่าไม้ล่าสัตว์หาของป่าบริการทางการเกษตร,11567.00,บาท,,สำนักงานสถิติแห่งชาติ
2566,สุโขทัย,รายได้ทั้งสิ้นต่อเดือน,ผู้ประกอบธุรกิจของตนเองที่ไม่ใช่การเกษตร,ผู้ประกอบธุรกิจของตนเองที่ไม่ใช่การเกษตร,31186.00,บาท,,สำนักงานสถิติแห่งชาติ
2566,สุโขทัย,รายได้ทั้งสิ้นต่อเดือน,ลูกจ้าง,ผู้จัดการนักวิชาการและผู้ปฏิบัติงานวิชาชีพ,55147.00,บาท,,สำนักงานสถิติแห่งชาติ
2566,สุโขทัย,รายได้ทั้งสิ้นต่อเดือน,ลูกจ้าง,คนงานเกษตรป่าไม้และประมง,24016.00,บาท,,สำนักงานสถิติแห่งชาติ
2566,สุโขทัย,รายได้ทั้งสิ้นต่อเดือน,ลูกจ้าง,คนงานด้านการขนส่งและงานพื้นฐาน,18181.00,บาท,,สำนักงานสถิติแห่งชาติ
2566,สุโขทัย,รายได้ทั้งสิ้นต่อเดือน,ลูกจ้าง,เสมียนพนักงานขายและให้บริการ,26058.00,บาท,,สำนักงานสถิติแห่งชาติ
2566,สุโขทัย,รายได้ทั้งสิ้นต่อเดือน,ลูกจ้าง,ผู้ปฏิบัติงานในกระบวนการผลิตก่อสร้างและเหมืองแร่,20688.00,บาท,,สำนักงานสถิติแห่งชาติ
2566,สุโขทัย,รายได้ทั้งสิ้นต่อเดือน,ผู้ไม่ได้ปฏิบัติงานเชิงเศรษฐกิจ,ผู้ไม่ได้ปฏิบัติงานเชิงเศรษฐกิจ,17633.00,บาท,,สำนักงานสถิติแห่งชาติ
2566,สุโขทัย,ค่าใช้จ่ายทั้งสิ้นต่อเดือน,รวมทั้งสิ้น,รวมทั้งสิ้น,18211.00,บาท,,สำนักงานสถิติแห่งชาติ
2566,สุโขทัย,ค่าใช้จ่ายทั้งสิ้นต่อเดือน,ผู้ถือครองทำการเกษตร/เพาะเลี้ยง,ปลูกพืช/เลี้ยงสัตว์/เพาะเลี้ยง_ส่วนใหญ่เป็นเจ้าของที่ดิน,17912.00,บาท,,สำนักงานสถิติแห่งชาติ
2566,สุโขทัย,ค่าใช้จ่ายทั้งสิ้นต่อเดือน,ผู้ถือครองทำการเกษตร/เพาะเลี้ยง,ปลูกพืช/เลี้ยงสัตว์/เพาะเลี้ยง_ส่วนใหญ่เช่าที่ดิน/ทำฟรี,16742.00,บาท,,สำนักงานสถิติแห่งชาติ
2566,สุโขทัย,ค่าใช้จ่ายทั้งสิ้นต่อเดือน,ผู้ถือครองทำการเกษตร/เพาะเลี้ยง,ประมงป่าไม้ล่าสัตว์หาของป่าบริการทางการเกษตร,12199.00,บาท,,สำนักงานสถิติแห่งชาติ
2566,สุโขทัย,ค่าใช้จ่ายทั้งสิ้นต่อเดือน,ผู้ประกอบธุรกิจของตนเองที่ไม่ใช่การเกษตร,ผู้ประกอบธุรกิจของตนเองที่ไม่ใช่การเกษตร,20166.00,บาท,,สำนักงานสถิติแห่งชาติ
2566,สุโขทัย,ค่าใช้จ่ายทั้งสิ้นต่อเดือน,ลูกจ้าง,ผู้จัดการนักวิชาการและผู้ปฏิบัติงานวิชาชีพ,32782.00,บาท,,สำนักงานสถิติแห่งชาติ
2566,สุโขทัย,ค่าใช้จ่ายทั้งสิ้นต่อเดือน,ลูกจ้าง,คนงานเกษตรป่าไม้และประมง,19779.00,บาท,,สำนักงานสถิติแห่งชาติ
2566,สุโขทัย,ค่าใช้จ่ายทั้งสิ้นต่อเดือน,ลูกจ้าง,คนงานด้านการขนส่งและงานพื้นฐาน,16567.00,บาท,,สำนักงานสถิติแห่งชาติ
2566,สุโขทัย,ค่าใช้จ่ายทั้งสิ้นต่อเดือน,ลูกจ้าง,เสมียนพนักงานขายและให้บริการ,20290.00,บาท,,สำนักงานสถิติแห่งชาติ
2566,สุโขทัย,ค่าใช้จ่ายทั้งสิ้นต่อเดือน,ลูกจ้าง,ผู้ปฏิบัติงานในกระบวนการผลิตก่อสร้างและเหมืองแร่,15708.00,บาท,,สำนักงานสถิติแห่งชาติ
2566,สุโขทัย,ค่าใช้จ่ายทั้งสิ้นต่อเดือน,ผู้ไม่ได้ปฏิบัติงานเชิงเศรษฐกิจ,ผู้ไม่ได้ปฏิบัติงานเชิงเศรษฐกิจ,13767.00,บาท,,สำนักงานสถิติแห่งชาติ
2566,สุโขทัย,หนี้สินเฉลี่ยต่อครัวเรือนทั้งสิ้น,รวมทั้งสิ้น,รวมทั้งสิ้น,243901.00,บาท,,สำนักงานสถิติแห่งชาติ
2566,สุโขทัย,หนี้สินเฉลี่ยต่อครัวเรือนทั้งสิ้น,ผู้ถือครองทำการเกษตร/เพาะเลี้ยง,ปลูกพืช/เลี้ยงสัตว์/เพาะเลี้ยง_ส่วนใหญ่เป็นเจ้าของที่ดิน,285566.00,บาท,,สำนักงานสถิติแห่งชาติ
2566,สุโขทัย,หนี้สินเฉลี่ยต่อครัวเรือนทั้งสิ้น,ผู้ถือครองทำการเกษตร/เพาะเลี้ยง,ปลูกพืช/เลี้ยงสัตว์/เพาะเลี้ยง_ส่วนใหญ่เช่าที่ดิน/ทำฟรี,333029.00,บาท,,สำนักงานสถิติแห่งชาติ
2566,สุโขทัย,หนี้สินเฉลี่ยต่อครัวเรือนทั้งสิ้น,ผู้ถือครองทำการเกษตร/เพาะเลี้ยง,ประมงป่าไม้ล่าสัตว์หาของป่าบริการทางการเกษตร,39922.00,บาท,,สำนักงานสถิติแห่งชาติ
2566,สุโขทัย,หนี้สินเฉลี่ยต่อครัวเรือนทั้งสิ้น,ผู้ประกอบธุรกิจของตนเองที่ไม่ใช่การเกษตร,ผู้ประกอบธุรกิจของตนเองที่ไม่ใช่การเกษตร,376460.00,บาท,,สำนักงานสถิติแห่งชาติ
2566,สุโขทัย,หนี้สินเฉลี่ยต่อครัวเรือนทั้งสิ้น,ลูกจ้าง,ผู้จัดการนักวิชาการและผู้ปฏิบัติงานวิชาชีพ,389992.00,บาท,,สำนักงานสถิติแห่งชาติ
2566,สุโขทัย,หนี้สินเฉลี่ยต่อครัวเรือนทั้งสิ้น,ลูกจ้าง,คนงานเกษตรป่าไม้และประมง,284932.00,บาท,,สำนักงานสถิติแห่งชาติ
2566,สุโขทัย,หนี้สินเฉลี่ยต่อครัวเรือนทั้งสิ้น,ลูกจ้าง,คนงานด้านการขนส่งและงานพื้นฐาน,146624.00,บาท,,สำนักงานสถิติแห่งชาติ
2566,สุโขทัย,หนี้สินเฉลี่ยต่อครัวเรือนทั้งสิ้น,ลูกจ้าง,เสมียนพนักงานขายและให้บริการ,154148.00,บาท,,สำนักงานสถิติแห่งชาติ
2566,สุโขทัย,หนี้สินเฉลี่ยต่อครัวเรือนทั้งสิ้น,ลูกจ้าง,ผู้ปฏิบัติงานในกระบวนการผลิตก่อสร้างและเหมืองแร่,191011.00,บาท,,สำนักงานสถิติแห่งชาติ
2566,สุโขทัย,หนี้สินเฉลี่ยต่อครัวเรือนทั้งสิ้น,ผู้ไม่ได้ปฏิบัติงานเชิงเศรษฐกิจ,ผู้ไม่ได้ปฏิบัติงานเชิงเศรษฐกิจ,132312.00,บาท,,สำนักงานสถิติแห่งชาติ
2566,สุโขทัย,ร้อยละของค่าใช้จ่ายต่อรายได้,รวมทั้งสิ้น,รวมทั้งสิ้น,67.81,ร้อยละ,,สำนักงานสถิติแห่งชาติ
2566,สุโขทัย,ร้อยละของค่าใช้จ่ายต่อรายได้,ผู้ถือครองทำการเกษตร/เพาะเลี้ยง,ปลูกพืช/เลี้ยงสัตว์/เพาะเลี้ยง_ส่วนใหญ่เป็นเจ้าของที่ดิน,63.82,ร้อยละ,,สำนักงานสถิติแห่งชาติ
2566,สุโขทัย,ร้อยละของค่าใช้จ่ายต่อรายได้,ผู้ถือครองทำการเกษตร/เพาะเลี้ยง,ปลูกพืช/เลี้ยงสัตว์/เพาะเลี้ยง_ส่วนใหญ่เช่าที่ดิน/ทำฟรี,54.32,ร้อยละ,,สำนักงานสถิติแห่งชาติ
2566,สุโขทัย,ร้อยละของค่าใช้จ่ายต่อรายได้,ผู้ถือครองทำการเกษตร/เพาะเลี้ยง,ประมงป่าไม้ล่าสัตว์หาของป่าบริการทางการเกษตร,105.46,ร้อยละ,,สำนักงานสถิติแห่งชาติ
2566,สุโขทัย,ร้อยละของค่าใช้จ่ายต่อรายได้,ผู้ประกอบธุรกิจของตนเองที่ไม่ใช่การเกษตร,ผู้ประกอบธุรกิจของตนเองที่ไม่ใช่การเกษตร,64.66,ร้อยละ,,สำนักงานสถิติแห่งชาติ
2566,สุโขทัย,ร้อยละของค่าใช้จ่ายต่อรายได้,ลูกจ้าง,ผู้จัดการนักวิชาการและผู้ปฏิบัติงานวิชาชีพ,59.44,ร้อยละ,,สำนักงานสถิติแห่งชาติ
2566,สุโขทัย,ร้อยละของค่าใช้จ่ายต่อรายได้,ลูกจ้าง,คนงานเกษตรป่าไม้และประมง,82.36,ร้อยละ,,สำนักงานสถิติแห่งชาติ
2566,สุโขทัย,ร้อยละของค่าใช้จ่ายต่อรายได้,ลูกจ้าง,คนงานด้านการขนส่งและงานพื้นฐาน,91.12,ร้อยละ,,สำนักงานสถิติแห่งชาติ
2566,สุโขทัย,ร้อยละของค่าใช้จ่ายต่อรายได้,ลูกจ้าง,เสมียนพนักงานขายและให้บริการ,77.86,ร้อยละ,,สำนักงานสถิติแห่งชาติ
2566,สุโขทัย,ร้อยละของค่าใช้จ่ายต่อรายได้,ลูกจ้าง,ผู้ปฏิบัติงานในกระบวนการผลิตก่อสร้างและเหมืองแร่,75.93,ร้อยละ,,สำนักงานสถิติแห่งชาติ
2566,สุโขทัย,ร้อยละของค่าใช้จ่ายต่อรายได้,ผู้ไม่ได้ปฏิบัติงานเชิงเศรษฐกิจ,ผู้ไม่ได้ปฏิบัติงานเชิงเศรษฐกิจ,78.08,ร้อยละ,,สำนักงานสถิติแห่งชาติ
2566,พิษณุโลก,รายได้ทั้งสิ้นต่อเดือน,รวมทั้งสิ้น,รวมทั้งสิ้น,26225.00,บาท,,สำนักงานสถิติแห่งชาติ
2566,พิษณุโลก,รายได้ทั้งสิ้นต่อเดือน,ผู้ถือครองทำการเกษตร/เพาะเลี้ยง,ปลูกพืช/เลี้ยงสัตว์/เพาะเลี้ยง_ส่วนใหญ่เป็นเจ้าของที่ดิน,22386.00,บาท,,สำนักงานสถิติแห่งชาติ
2566,พิษณุโลก,รายได้ทั้งสิ้นต่อเดือน,ผู้ถือครองทำการเกษตร/เพาะเลี้ยง,ปลูกพืช/เลี้ยงสัตว์/เพาะเลี้ยง_ส่วนใหญ่เช่าที่ดิน/ทำฟรี,31725.00,บาท,,สำนักงานสถิติแห่งชาติ
2566,พิษณุโลก,รายได้ทั้งสิ้นต่อเดือน,ผู้ถือครองทำการเกษตร/เพาะเลี้ยง,ประมงป่าไม้ล่าสัตว์หาของป่าบริการทางการเกษตร,18980.00,บาท,,สำนักงานสถิติแห่งชาติ
2566,พิษณุโลก,รายได้ทั้งสิ้นต่อเดือน,ผู้ประกอบธุรกิจของตนเองที่ไม่ใช่การเกษตร,ผู้ประกอบธุรกิจของตนเองที่ไม่ใช่การเกษตร,29130.00,บาท,,สำนักงานสถิติแห่งชาติ
2566,พิษณุโลก,รายได้ทั้งสิ้นต่อเดือน,ลูกจ้าง,ผู้จัดการนักวิชาการและผู้ปฏิบัติงานวิชาชีพ,51291.00,บาท,,สำนักงานสถิติแห่งชาติ
2566,พิษณุโลก,รายได้ทั้งสิ้นต่อเดือน,ลูกจ้าง,คนงานเกษตรป่าไม้และประมง,16248.00,บาท,,สำนักงานสถิติแห่งชาติ
2566,พิษณุโลก,รายได้ทั้งสิ้นต่อเดือน,ลูกจ้าง,คนงานด้านการขนส่งและงานพื้นฐาน,14397.00,บาท,,สำนักงานสถิติแห่งชาติ
2566,พิษณุโลก,รายได้ทั้งสิ้นต่อเดือน,ลูกจ้าง,เสมียนพนักงานขายและให้บริการ,26831.00,บาท,,สำนักงานสถิติแห่งชาติ
2566,พิษณุโลก,รายได้ทั้งสิ้นต่อเดือน,ลูกจ้าง,ผู้ปฏิบัติงานในกระบวนการผลิตก่อสร้างและเหมืองแร่,21988.00,บาท,,สำนักงานสถิติแห่งชาติ
2566,พิษณุโลก,รายได้ทั้งสิ้นต่อเดือน,ผู้ไม่ได้ปฏิบัติงานเชิงเศรษฐกิจ,ผู้ไม่ได้ปฏิบัติงานเชิงเศรษฐกิจ,20732.00,บาท,,สำนักงานสถิติแห่งชาติ
2566,พิษณุโลก,ค่าใช้จ่ายทั้งสิ้นต่อเดือน,รวมทั้งสิ้น,รวมทั้งสิ้น,22403.00,บาท,,สำนักงานสถิติแห่งชาติ
2566,พิษณุโลก,ค่าใช้จ่ายทั้งสิ้นต่อเดือน,ผู้ถือครองทำการเกษตร/เพาะเลี้ยง,ปลูกพืช/เลี้ยงสัตว์/เพาะเลี้ยง_ส่วนใหญ่เป็นเจ้าของที่ดิน,18916.00,บาท,,สำนักงานสถิติแห่งชาติ
2566,พิษณุโลก,ค่าใช้จ่ายทั้งสิ้นต่อเดือน,ผู้ถือครองทำการเกษตร/เพาะเลี้ยง,ปลูกพืช/เลี้ยงสัตว์/เพาะเลี้ยง_ส่วนใหญ่เช่าที่ดิน/ทำฟรี,22284.00,บาท,,สำนักงานสถิติแห่งชาติ
2566,พิษณุโลก,ค่าใช้จ่ายทั้งสิ้นต่อเดือน,ผู้ถือครองทำการเกษตร/เพาะเลี้ยง,ประมงป่าไม้ล่าสัตว์หาของป่าบริการทางการเกษตร,18410.00,บาท,,สำนักงานสถิติแห่งชาติ
2566,พิษณุโลก,ค่าใช้จ่ายทั้งสิ้นต่อเดือน,ผู้ประกอบธุรกิจของตนเองที่ไม่ใช่การเกษตร,ผู้ประกอบธุรกิจของตนเองที่ไม่ใช่การเกษตร,25695.00,บาท,,สำนักงานสถิติแห่งชาติ
2566,พิษณุโลก,ค่าใช้จ่ายทั้งสิ้นต่อเดือน,ลูกจ้าง,ผู้จัดการนักวิชาการและผู้ปฏิบัติงานวิชาชีพ,39420.00,บาท,,สำนักงานสถิติแห่งชาติ
2566,พิษณุโลก,ค่าใช้จ่ายทั้งสิ้นต่อเดือน,ลูกจ้าง,คนงานเกษตรป่าไม้และประมง,16761.00,บาท,,สำนักงานสถิติแห่งชาติ
2566,พิษณุโลก,ค่าใช้จ่ายทั้งสิ้นต่อเดือน,ลูกจ้าง,คนงานด้านการขนส่งและงานพื้นฐาน,15193.00,บาท,,สำนักงานสถิติแห่งชาติ
2566,พิษณุโลก,ค่าใช้จ่ายทั้งสิ้นต่อเดือน,ลูกจ้าง,เสมียนพนักงานขายและให้บริการ,23883.00,บาท,,สำนักงานสถิติแห่งชาติ
2566,พิษณุโลก,ค่าใช้จ่ายทั้งสิ้นต่อเดือน,ลูกจ้าง,ผู้ปฏิบัติงานในกระบวนการผลิตก่อสร้างและเหมืองแร่,19558.00,บาท,,สำนักงานสถิติแห่งชาติ
2566,พิษณุโลก,ค่าใช้จ่ายทั้งสิ้นต่อเดือน,ผู้ไม่ได้ปฏิบัติงานเชิงเศรษฐกิจ,ผู้ไม่ได้ปฏิบัติงานเชิงเศรษฐกิจ,18141.00,บาท,,สำนักงานสถิติแห่งชาติ
2566,พิษณุโลก,หนี้สินเฉลี่ยต่อครัวเรือนทั้งสิ้น,รวมทั้งสิ้น,รวมทั้งสิ้น,258482.00,บาท,,สำนักงานสถิติแห่งชาติ
2566,พิษณุโลก,หนี้สินเฉลี่ยต่อครัวเรือนทั้งสิ้น,ผู้ถือครองทำการเกษตร/เพาะเลี้ยง,ปลูกพืช/เลี้ยงสัตว์/เพาะเลี้ยง_ส่วนใหญ่เป็นเจ้าของที่ดิน,221823.00,บาท,,สำนักงานสถิติแห่งชาติ
2566,พิษณุโลก,หนี้สินเฉลี่ยต่อครัวเรือนทั้งสิ้น,ผู้ถือครองทำการเกษตร/เพาะเลี้ยง,ปลูกพืช/เลี้ยงสัตว์/เพาะเลี้ยง_ส่วนใหญ่เช่าที่ดิน/ทำฟรี,741436.00,บาท,,สำนักงานสถิติแห่งชาติ
2566,พิษณุโลก,หนี้สินเฉลี่ยต่อครัวเรือนทั้งสิ้น,ผู้ถือครองทำการเกษตร/เพาะเลี้ยง,ประมงป่าไม้ล่าสัตว์หาของป่าบริการทางการเกษตร,351956.00,บาท,,สำนักงานสถิติแห่งชาติ
2566,พิษณุโลก,หนี้สินเฉลี่ยต่อครัวเรือนทั้งสิ้น,ผู้ประกอบธุรกิจของตนเองที่ไม่ใช่การเกษตร,ผู้ประกอบธุรกิจของตนเองที่ไม่ใช่การเกษตร,267987.00,บาท,,สำนักงานสถิติแห่งชาติ
2566,พิษณุโลก,หนี้สินเฉลี่ยต่อครัวเรือนทั้งสิ้น,ลูกจ้าง,ผู้จัดการนักวิชาการและผู้ปฏิบัติงานวิชาชีพ,453713.00,บาท,,สำนักงานสถิติแห่งชาติ
2566,พิษณุโลก,หนี้สินเฉลี่ยต่อครัวเรือนทั้งสิ้น,ลูกจ้าง,คนงานเกษตรป่าไม้และประมง,193932.00,บาท,,สำนักงานสถิติแห่งชาติ
2566,พิษณุโลก,หนี้สินเฉลี่ยต่อครัวเรือนทั้งสิ้น,ลูกจ้าง,คนงานด้านการขนส่งและงานพื้นฐาน,53136.00,บาท,,สำนักงานสถิติแห่งชาติ
2566,พิษณุโลก,หนี้สินเฉลี่ยต่อครัวเรือนทั้งสิ้น,ลูกจ้าง,เสมียนพนักงานขายและให้บริการ,237369.00,บาท,,สำนักงานสถิติแห่งชาติ
2566,พิษณุโลก,หนี้สินเฉลี่ยต่อครัวเรือนทั้งสิ้น,ลูกจ้าง,ผู้ปฏิบัติงานในกระบวนการผลิตก่อสร้างและเหมืองแร่,127173.00,บาท,,สำนักงานสถิติแห่งชาติ
2566,พิษณุโลก,หนี้สินเฉลี่ยต่อครัวเรือนทั้งสิ้น,ผู้ไม่ได้ปฏิบัติงานเชิงเศรษฐกิจ,ผู้ไม่ได้ปฏิบัติงานเชิงเศรษฐกิจ,170551.00,บาท,,สำนักงานสถิติแห่งชาติ
2566,พิษณุโลก,ร้อยละของค่าใช้จ่ายต่อรายได้,รวมทั้งสิ้น,รวมทั้งสิ้น,85.43,ร้อยละ,,สำนักงานสถิติแห่งชาติ
2566,พิษณุโลก,ร้อยละของค่าใช้จ่ายต่อรายได้,ผู้ถือครองทำการเกษตร/เพาะเลี้ยง,ปลูกพืช/เลี้ยงสัตว์/เพาะเลี้ยง_ส่วนใหญ่เป็นเจ้าของที่ดิน,84.50,ร้อยละ,,สำนักงานสถิติแห่งชาติ
2566,พิษณุโลก,ร้อยละของค่าใช้จ่ายต่อรายได้,ผู้ถือครองทำการเกษตร/เพาะเลี้ยง,ปลูกพืช/เลี้ยงสัตว์/เพาะเลี้ยง_ส่วนใหญ่เช่าที่ดิน/ทำฟรี,70.24,ร้อยละ,,สำนักงานสถิติแห่งชาติ
2566,พิษณุโลก,ร้อยละของค่าใช้จ่ายต่อรายได้,ผู้ถือครองทำการเกษตร/เพาะเลี้ยง,ประมงป่าไม้ล่าสัตว์หาของป่าบริการทางการเกษตร,97.00,ร้อยละ,,สำนักงานสถิติแห่งชาติ
2566,พิษณุโลก,ร้อยละของค่าใช้จ่ายต่อรายได้,ผู้ประกอบธุรกิจของตนเองที่ไม่ใช่การเกษตร,ผู้ประกอบธุรกิจของตนเองที่ไม่ใช่การเกษตร,88.21,ร้อยละ,,สำนักงานสถิติแห่งชาติ
2566,พิษณุโลก,ร้อยละของค่าใช้จ่ายต่อรายได้,ลูกจ้าง,ผู้จัดการนักวิชาการและผู้ปฏิบัติงานวิชาชีพ,76.86,ร้อยละ,,สำนักงานสถิติแห่งชาติ
2566,พิษณุโลก,ร้อยละของค่าใช้จ่ายต่อรายได้,ลูกจ้าง,คนงานเกษตรป่าไม้และประมง,103.16,ร้อยละ,,สำนักงานสถิติแห่งชาติ
2566,พิษณุโลก,ร้อยละของค่าใช้จ่ายต่อรายได้,ลูกจ้าง,คนงานด้านการขนส่งและงานพื้นฐาน,105.53,ร้อยละ,,สำนักงานสถิติแห่งชาติ
2566,พิษณุโลก,ร้อยละของค่าใช้จ่ายต่อรายได้,ลูกจ้าง,เสมียนพนักงานขายและให้บริการ,89.01,ร้อยละ,,สำนักงานสถิติแห่งชาติ
2566,พิษณุโลก,ร้อยละของค่าใช้จ่ายต่อรายได้,ลูกจ้าง,ผู้ปฏิบัติงานในกระบวนการผลิตก่อสร้างและเหมืองแร่,88.95,ร้อยละ,,สำนักงานสถิติแห่งชาติ
2566,พิษณุโลก,ร้อยละของค่าใช้จ่ายต่อรายได้,ผู้ไม่ได้ปฏิบัติงานเชิงเศรษฐกิจ,ผู้ไม่ได้ปฏิบัติงานเชิงเศรษฐกิจ,87.50,ร้อยละ,,สำนักงานสถิติแห่งชาติ
2566,พิจิตร,รายได้ทั้งสิ้นต่อเดือน,รวมทั้งสิ้น,รวมทั้งสิ้น,22927.00,บาท,,สำนักงานสถิติแห่งชาติ
2566,พิจิตร,รายได้ทั้งสิ้นต่อเดือน,ผู้ถือครองทำการเกษตร/เพาะเลี้ยง,ปลูกพืช/เลี้ยงสัตว์/เพาะเลี้ยง_ส่วนใหญ่เป็นเจ้าของที่ดิน,28304.00,บาท,,สำนักงานสถิติแห่งชาติ
2566,พิจิตร,รายได้ทั้งสิ้นต่อเดือน,ผู้ถือครองทำการเกษตร/เพาะเลี้ยง,ปลูกพืช/เลี้ยงสัตว์/เพาะเลี้ยง_ส่วนใหญ่เช่าที่ดิน/ทำฟรี,26471.00,บาท,,สำนักงานสถิติแห่งชาติ
2566,พิจิตร,รายได้ทั้งสิ้นต่อเดือน,ผู้ถือครองทำการเกษตร/เพาะเลี้ยง,ประมงป่าไม้ล่าสัตว์หาของป่าบริการทางการเกษตร,26163.00,บาท,,สำนักงานสถิติแห่งชาติ
2566,พิจิตร,รายได้ทั้งสิ้นต่อเดือน,ผู้ประกอบธุรกิจของตนเองที่ไม่ใช่การเกษตร,ผู้ประกอบธุรกิจของตนเองที่ไม่ใช่การเกษตร,22049.00,บาท,,สำนักงานสถิติแห่งชาติ
2566,พิจิตร,รายได้ทั้งสิ้นต่อเดือน,ลูกจ้าง,ผู้จัดการนักวิชาการและผู้ปฏิบัติงานวิชาชีพ,41755.00,บาท,,สำนักงานสถิติแห่งชาติ
2566,พิจิตร,รายได้ทั้งสิ้นต่อเดือน,ลูกจ้าง,คนงานเกษตรป่าไม้และประมง,13852.00,บาท,,สำนักงานสถิติแห่งชาติ
2566,พิจิตร,รายได้ทั้งสิ้นต่อเดือน,ลูกจ้าง,คนงานด้านการขนส่งและงานพื้นฐาน,17501.00,บาท,,สำนักงานสถิติแห่งชาติ
2566,พิจิตร,รายได้ทั้งสิ้นต่อเดือน,ลูกจ้าง,เสมียนพนักงานขายและให้บริการ,25902.00,บาท,,สำนักงานสถิติแห่งชาติ
2566,พิจิตร,รายได้ทั้งสิ้นต่อเดือน,ลูกจ้าง,ผู้ปฏิบัติงานในกระบวนการผลิตก่อสร้างและเหมืองแร่,21115.00,บาท,,สำนักงานสถิติแห่งชาติ
2566,พิจิตร,รายได้ทั้งสิ้นต่อเดือน,ผู้ไม่ได้ปฏิบัติงานเชิงเศรษฐกิจ,ผู้ไม่ได้ปฏิบัติงานเชิงเศรษฐกิจ,17101.00,บาท,,สำนักงานสถิติแห่งชาติ
2566,พิจิตร,ค่าใช้จ่ายทั้งสิ้นต่อเดือน,รวมทั้งสิ้น,รวมทั้งสิ้น,17668.00,บาท,,สำนักงานสถิติแห่งชาติ
2566,พิจิตร,ค่าใช้จ่ายทั้งสิ้นต่อเดือน,ผู้ถือครองทำการเกษตร/เพาะเลี้ยง,ปลูกพืช/เลี้ยงสัตว์/เพาะเลี้ยง_ส่วนใหญ่เป็นเจ้าของที่ดิน,19506.00,บาท,,สำนักงานสถิติแห่งชาติ
2566,พิจิตร,ค่าใช้จ่ายทั้งสิ้นต่อเดือน,ผู้ถือครองทำการเกษตร/เพาะเลี้ยง,ปลูกพืช/เลี้ยงสัตว์/เพาะเลี้ยง_ส่วนใหญ่เช่าที่ดิน/ทำฟรี,19499.00,บาท,,สำนักงานสถิติแห่งชาติ
2566,พิจิตร,ค่าใช้จ่ายทั้งสิ้นต่อเดือน,ผู้ถือครองทำการเกษตร/เพาะเลี้ยง,ประมงป่าไม้ล่าสัตว์หาของป่าบริการทางการเกษตร,15984.00,บาท,,สำนักงานสถิติแห่งชาติ
2566,พิจิตร,ค่าใช้จ่ายทั้งสิ้นต่อเดือน,ผู้ประกอบธุรกิจของตนเองที่ไม่ใช่การเกษตร,ผู้ประกอบธุรกิจของตนเองที่ไม่ใช่การเกษตร,17587.00,บาท,,สำนักงานสถิติแห่งชาติ
2566,พิจิตร,ค่าใช้จ่ายทั้งสิ้นต่อเดือน,ลูกจ้าง,ผู้จัดการนักวิชาการและผู้ปฏิบัติงานวิชาชีพ,29576.00,บาท,,สำนักงานสถิติแห่งชาติ
2566,พิจิตร,ค่าใช้จ่ายทั้งสิ้นต่อเดือน,ลูกจ้าง,คนงานเกษตรป่าไม้และประมง,12658.00,บาท,,สำนักงานสถิติแห่งชาติ
2566,พิจิตร,ค่าใช้จ่ายทั้งสิ้นต่อเดือน,ลูกจ้าง,คนงานด้านการขนส่งและงานพื้นฐาน,15228.00,บาท,,สำนักงานสถิติแห่งชาติ
2566,พิจิตร,ค่าใช้จ่ายทั้งสิ้นต่อเดือน,ลูกจ้าง,เสมียนพนักงานขายและให้บริการ,22178.00,บาท,,สำนักงานสถิติแห่งชาติ
2566,พิจิตร,ค่าใช้จ่ายทั้งสิ้นต่อเดือน,ลูกจ้าง,ผู้ปฏิบัติงานในกระบวนการผลิตก่อสร้างและเหมืองแร่,18261.00,บาท,,สำนักงานสถิติแห่งชาติ
2566,พิจิตร,ค่าใช้จ่ายทั้งสิ้นต่อเดือน,ผู้ไม่ได้ปฏิบัติงานเชิงเศรษฐกิจ,ผู้ไม่ได้ปฏิบัติงานเชิงเศรษฐกิจ,13800.00,บาท,,สำนักงานสถิติแห่งชาติ
2566,พิจิตร,หนี้สินเฉลี่ยต่อครัวเรือนทั้งสิ้น,รวมทั้งสิ้น,รวมทั้งสิ้น,254948.00,บาท,,สำนักงานสถิติแห่งชาติ
2566,พิจิตร,หนี้สินเฉลี่ยต่อครัวเรือนทั้งสิ้น,ผู้ถือครองทำการเกษตร/เพาะเลี้ยง,ปลูกพืช/เลี้ยงสัตว์/เพาะเลี้ยง_ส่วนใหญ่เป็นเจ้าของที่ดิน,636995.00,บาท,,สำนักงานสถิติแห่งชาติ
2566,พิจิตร,หนี้สินเฉลี่ยต่อครัวเรือนทั้งสิ้น,ผู้ถือครองทำการเกษตร/เพาะเลี้ยง,ปลูกพืช/เลี้ยงสัตว์/เพาะเลี้ยง_ส่วนใหญ่เช่าที่ดิน/ทำฟรี,318235.00,บาท,,สำนักงานสถิติแห่งชาติ
2566,พิจิตร,หนี้สินเฉลี่ยต่อครัวเรือนทั้งสิ้น,ผู้ถือครองทำการเกษตร/เพาะเลี้ยง,ประมงป่าไม้ล่าสัตว์หาของป่าบริการทางการเกษตร,82105.00,บาท,,สำนักงานสถิติแห่งชาติ
2566,พิจิตร,หนี้สินเฉลี่ยต่อครัวเรือนทั้งสิ้น,ผู้ประกอบธุรกิจของตนเองที่ไม่ใช่การเกษตร,ผู้ประกอบธุรกิจของตนเองที่ไม่ใช่การเกษตร,205235.00,บาท,,สำนักงานสถิติแห่งชาติ
2566,พิจิตร,หนี้สินเฉลี่ยต่อครัวเรือนทั้งสิ้น,ลูกจ้าง,ผู้จัดการนักวิชาการและผู้ปฏิบัติงานวิชาชีพ,628499.00,บาท,,สำนักงานสถิติแห่งชาติ
2566,พิจิตร,หนี้สินเฉลี่ยต่อครัวเรือนทั้งสิ้น,ลูกจ้าง,คนงานเกษตรป่าไม้และประมง,43542.00,บาท,,สำนักงานสถิติแห่งชาติ
2566,พิจิตร,หนี้สินเฉลี่ยต่อครัวเรือนทั้งสิ้น,ลูกจ้าง,คนงานด้านการขนส่งและงานพื้นฐาน,21361.00,บาท,,สำนักงานสถิติแห่งชาติ
2566,พิจิตร,หนี้สินเฉลี่ยต่อครัวเรือนทั้งสิ้น,ลูกจ้าง,เสมียนพนักงานขายและให้บริการ,242173.00,บาท,,สำนักงานสถิติแห่งชาติ
2566,พิจิตร,หนี้สินเฉลี่ยต่อครัวเรือนทั้งสิ้น,ลูกจ้าง,ผู้ปฏิบัติงานในกระบวนการผลิตก่อสร้างและเหมืองแร่,53748.00,บาท,,สำนักงานสถิติแห่งชาติ
2566,พิจิตร,หนี้สินเฉลี่ยต่อครัวเรือนทั้งสิ้น,ผู้ไม่ได้ปฏิบัติงานเชิงเศรษฐกิจ,ผู้ไม่ได้ปฏิบัติงานเชิงเศรษฐกิจ,118112.00,บาท,,สำนักงานสถิติแห่งชาติ
2566,พิจิตร,ร้อยละของค่าใช้จ่ายต่อรายได้,รวมทั้งสิ้น,รวมทั้งสิ้น,77.06,ร้อยละ,,สำนักงานสถิติแห่งชาติ
2566,พิจิตร,ร้อยละของค่าใช้จ่ายต่อรายได้,ผู้ถือครองทำการเกษตร/เพาะเลี้ยง,ปลูกพืช/เลี้ยงสัตว์/เพาะเลี้ยง_ส่วนใหญ่เป็นเจ้าของที่ดิน,68.92,ร้อยละ,,สำนักงานสถิติแห่งชาติ
2566,พิจิตร,ร้อยละของค่าใช้จ่ายต่อรายได้,ผู้ถือครองทำการเกษตร/เพาะเลี้ยง,ปลูกพืช/เลี้ยงสัตว์/เพาะเลี้ยง_ส่วนใหญ่เช่าที่ดิน/ทำฟรี,73.66,ร้อยละ,,สำนักงานสถิติแห่งชาติ
2566,พิจิตร,ร้อยละของค่าใช้จ่ายต่อรายได้,ผู้ถือครองทำการเกษตร/เพาะเลี้ยง,ประมงป่าไม้ล่าสัตว์หาของป่าบริการทางการเกษตร,61.09,ร้อยละ,,สำนักงานสถิติแห่งชาติ
2566,พิจิตร,ร้อยละของค่าใช้จ่ายต่อรายได้,ผู้ประกอบธุรกิจของตนเองที่ไม่ใช่การเกษตร,ผู้ประกอบธุรกิจของตนเองที่ไม่ใช่การเกษตร,79.76,ร้อยละ,,สำนักงานสถิติแห่งชาติ
2566,พิจิตร,ร้อยละของค่าใช้จ่ายต่อรายได้,ลูกจ้าง,ผู้จัดการนักวิชาการและผู้ปฏิบัติงานวิชาชีพ,70.83,ร้อยละ,,สำนักงานสถิติแห่งชาติ
2566,พิจิตร,ร้อยละของค่าใช้จ่ายต่อรายได้,ลูกจ้าง,คนงานเกษตรป่าไม้และประมง,91.38,ร้อยละ,,สำนักงานสถิติแห่งชาติ
2566,พิจิตร,ร้อยละของค่าใช้จ่ายต่อรายได้,ลูกจ้าง,คนงานด้านการขนส่งและงานพื้นฐาน,87.02,ร้อยละ,,สำนักงานสถิติแห่งชาติ
2566,พิจิตร,ร้อยละของค่าใช้จ่ายต่อรายได้,ลูกจ้าง,เสมียนพนักงานขายและให้บริการ,85.62,ร้อยละ,,สำนักงานสถิติแห่งชาติ
2566,พิจิตร,ร้อยละของค่าใช้จ่ายต่อรายได้,ลูกจ้าง,ผู้ปฏิบัติงานในกระบวนการผลิตก่อสร้างและเหมืองแร่,86.48,ร้อยละ,,สำนักงานสถิติแห่งชาติ
2566,พิจิตร,ร้อยละของค่าใช้จ่ายต่อรายได้,ผู้ไม่ได้ปฏิบัติงานเชิงเศรษฐกิจ,ผู้ไม่ได้ปฏิบัติงานเชิงเศรษฐกิจ,80.69,ร้อยละ,,สำนักงานสถิติแห่งชาติ
2566,เพชรบูรณ์,รายได้ทั้งสิ้นต่อเดือน,รวมทั้งสิ้น,รวมทั้งสิ้น,27717.00,บาท,,สำนักงานสถิติแห่งชาติ
2566,เพชรบูรณ์,รายได้ทั้งสิ้นต่อเดือน,ผู้ถือครองทำการเกษตร/เพาะเลี้ยง,ปลูกพืช/เลี้ยงสัตว์/เพาะเลี้ยง_ส่วนใหญ่เป็นเจ้าของที่ดิน,27803.00,บาท,,สำนักงานสถิติแห่งชาติ
2566,เพชรบูรณ์,รายได้ทั้งสิ้นต่อเดือน,ผู้ถือครองทำการเกษตร/เพาะเลี้ยง,ปลูกพืช/เลี้ยงสัตว์/เพาะเลี้ยง_ส่วนใหญ่เช่าที่ดิน/ทำฟรี,26740.00,บาท,,สำนักงานสถิติแห่งชาติ
2566,เพชรบูรณ์,รายได้ทั้งสิ้นต่อเดือน,ผู้ถือครองทำการเกษตร/เพาะเลี้ยง,ประมงป่าไม้ล่าสัตว์หาของป่าบริการทางการเกษตร,21728.00,บาท,,สำนักงานสถิติแห่งชาติ
2566,เพชรบูรณ์,รายได้ทั้งสิ้นต่อเดือน,ผู้ประกอบธุรกิจของตนเองที่ไม่ใช่การเกษตร,ผู้ประกอบธุรกิจของตนเองที่ไม่ใช่การเกษตร,29069.00,บาท,,สำนักงานสถิติแห่งชาติ
2566,เพชรบูรณ์,รายได้ทั้งสิ้นต่อเดือน,ลูกจ้าง,ผู้จัดการนักวิชาการและผู้ปฏิบัติงานวิชาชีพ,52023.00,บาท,,สำนักงานสถิติแห่งชาติ
2566,เพชรบูรณ์,รายได้ทั้งสิ้นต่อเดือน,ลูกจ้าง,คนงานเกษตรป่าไม้และประมง,14262.00,บาท,,สำนักงานสถิติแห่งชาติ
2566,เพชรบูรณ์,รายได้ทั้งสิ้นต่อเดือน,ลูกจ้าง,คนงานด้านการขนส่งและงานพื้นฐาน,20262.00,บาท,,สำนักงานสถิติแห่งชาติ
2566,เพชรบูรณ์,รายได้ทั้งสิ้นต่อเดือน,ลูกจ้าง,เสมียนพนักงานขายและให้บริการ,26630.00,บาท,,สำนักงานสถิติแห่งชาติ
2566,เพชรบูรณ์,รายได้ทั้งสิ้นต่อเดือน,ลูกจ้าง,ผู้ปฏิบัติงานในกระบวนการผลิตก่อสร้างและเหมืองแร่,28487.00,บาท,,สำนักงานสถิติแห่งชาติ
2566,เพชรบูรณ์,รายได้ทั้งสิ้นต่อเดือน,ผู้ไม่ได้ปฏิบัติงานเชิงเศรษฐกิจ,ผู้ไม่ได้ปฏิบัติงานเชิงเศรษฐกิจ,21534.00,บาท,,สำนักงานสถิติแห่งชาติ
2566,เพชรบูรณ์,ค่าใช้จ่ายทั้งสิ้นต่อเดือน,รวมทั้งสิ้น,รวมทั้งสิ้น,20907.00,บาท,,สำนักงานสถิติแห่งชาติ
2566,เพชรบูรณ์,ค่าใช้จ่ายทั้งสิ้นต่อเดือน,ผู้ถือครองทำการเกษตร/เพาะเลี้ยง,ปลูกพืช/เลี้ยงสัตว์/เพาะเลี้ยง_ส่วนใหญ่เป็นเจ้าของที่ดิน,20626.00,บาท,,สำนักงานสถิติแห่งชาติ
2566,เพชรบูรณ์,ค่าใช้จ่ายทั้งสิ้นต่อเดือน,ผู้ถือครองทำการเกษตร/เพาะเลี้ยง,ปลูกพืช/เลี้ยงสัตว์/เพาะเลี้ยง_ส่วนใหญ่เช่าที่ดิน/ทำฟรี,17343.00,บาท,,สำนักงานสถิติแห่งชาติ
2566,เพชรบูรณ์,ค่าใช้จ่ายทั้งสิ้นต่อเดือน,ผู้ถือครองทำการเกษตร/เพาะเลี้ยง,ประมงป่าไม้ล่าสัตว์หาของป่าบริการทางการเกษตร,18123.00,บาท,,สำนักงานสถิติแห่งชาติ
2566,เพชรบูรณ์,ค่าใช้จ่ายทั้งสิ้นต่อเดือน,ผู้ประกอบธุรกิจของตนเองที่ไม่ใช่การเกษตร,ผู้ประกอบธุรกิจของตนเองที่ไม่ใช่การเกษตร,22715.00,บาท,,สำนักงานสถิติแห่งชาติ
2566,เพชรบูรณ์,ค่าใช้จ่ายทั้งสิ้นต่อเดือน,ลูกจ้าง,ผู้จัดการนักวิชาการและผู้ปฏิบัติงานวิชาชีพ,36285.00,บาท,,สำนักงานสถิติแห่งชาติ
2566,เพชรบูรณ์,ค่าใช้จ่ายทั้งสิ้นต่อเดือน,ลูกจ้าง,คนงานเกษตรป่าไม้และประมง,12939.00,บาท,,สำนักงานสถิติแห่งชาติ
2566,เพชรบูรณ์,ค่าใช้จ่ายทั้งสิ้นต่อเดือน,ลูกจ้าง,คนงานด้านการขนส่งและงานพื้นฐาน,15350.00,บาท,,สำนักงานสถิติแห่งชาติ
2566,เพชรบูรณ์,ค่าใช้จ่ายทั้งสิ้นต่อเดือน,ลูกจ้าง,เสมียนพนักงานขายและให้บริการ,22617.00,บาท,,สำนักงานสถิติแห่งชาติ
2566,เพชรบูรณ์,ค่าใช้จ่ายทั้งสิ้นต่อเดือน,ลูกจ้าง,ผู้ปฏิบัติงานในกระบวนการผลิตก่อสร้างและเหมืองแร่,22376.00,บาท,,สำนักงานสถิติแห่งชาติ
2566,เพชรบูรณ์,ค่าใช้จ่ายทั้งสิ้นต่อเดือน,ผู้ไม่ได้ปฏิบัติงานเชิงเศรษฐกิจ,ผู้ไม่ได้ปฏิบัติงานเชิงเศรษฐกิจ,15835.00,บาท,,สำนักงานสถิติแห่งชาติ
2566,เพชรบูรณ์,หนี้สินเฉลี่ยต่อครัวเรือนทั้งสิ้น,รวมทั้งสิ้น,รวมทั้งสิ้น,309224.00,บาท,,สำนักงานสถิติแห่งชาติ
2566,เพชรบูรณ์,หนี้สินเฉลี่ยต่อครัวเรือนทั้งสิ้น,ผู้ถือครองทำการเกษตร/เพาะเลี้ยง,ปลูกพืช/เลี้ยงสัตว์/เพาะเลี้ยง_ส่วนใหญ่เป็นเจ้าของที่ดิน,468363.00,บาท,,สำนักงานสถิติแห่งชาติ
2566,เพชรบูรณ์,หนี้สินเฉลี่ยต่อครัวเรือนทั้งสิ้น,ผู้ถือครองทำการเกษตร/เพาะเลี้ยง,ปลูกพืช/เลี้ยงสัตว์/เพาะเลี้ยง_ส่วนใหญ่เช่าที่ดิน/ทำฟรี,334140.00,บาท,,สำนักงานสถิติแห่งชาติ
2566,เพชรบูรณ์,หนี้สินเฉลี่ยต่อครัวเรือนทั้งสิ้น,ผู้ถือครองทำการเกษตร/เพาะเลี้ยง,ประมงป่าไม้ล่าสัตว์หาของป่าบริการทางการเกษตร,.00,บาท,"ศูนย์ยกกำลังดับเบิลยู หมายถึง ข้อมูลจากการสำรวจตัวอย่างมีค่าเป็น 0",สำนักงานสถิติแห่งชาติ
2566,เพชรบูรณ์,หนี้สินเฉลี่ยต่อครัวเรือนทั้งสิ้น,ผู้ประกอบธุรกิจของตนเองที่ไม่ใช่การเกษตร,ผู้ประกอบธุรกิจของตนเองที่ไม่ใช่การเกษตร,300813.00,บาท,,สำนักงานสถิติแห่งชาติ
2566,เพชรบูรณ์,หนี้สินเฉลี่ยต่อครัวเรือนทั้งสิ้น,ลูกจ้าง,ผู้จัดการนักวิชาการและผู้ปฏิบัติงานวิชาชีพ,734852.00,บาท,,สำนักงานสถิติแห่งชาติ
2566,เพชรบูรณ์,หนี้สินเฉลี่ยต่อครัวเรือนทั้งสิ้น,ลูกจ้าง,คนงานเกษตรป่าไม้และประมง,191011.00,บาท,,สำนักงานสถิติแห่งชาติ
2566,เพชรบูรณ์,หนี้สินเฉลี่ยต่อครัวเรือนทั้งสิ้น,ลูกจ้าง,คนงานด้านการขนส่งและงานพื้นฐาน,245192.00,บาท,,สำนักงานสถิติแห่งชาติ
2566,เพชรบูรณ์,หนี้สินเฉลี่ยต่อครัวเรือนทั้งสิ้น,ลูกจ้าง,เสมียนพนักงานขายและให้บริการ,403631.00,บาท,,สำนักงานสถิติแห่งชาติ
2566,เพชรบูรณ์,หนี้สินเฉลี่ยต่อครัวเรือนทั้งสิ้น,ลูกจ้าง,ผู้ปฏิบัติงานในกระบวนการผลิตก่อสร้างและเหมืองแร่,231944.00,บาท,,สำนักงานสถิติแห่งชาติ
2566,เพชรบูรณ์,หนี้สินเฉลี่ยต่อครัวเรือนทั้งสิ้น,ผู้ไม่ได้ปฏิบัติงานเชิงเศรษฐกิจ,ผู้ไม่ได้ปฏิบัติงานเชิงเศรษฐกิจ,135197.00,บาท,,สำนักงานสถิติแห่งชาติ
2566,เพชรบูรณ์,ร้อยละของค่าใช้จ่ายต่อรายได้,รวมทั้งสิ้น,รวมทั้งสิ้น,75.43,ร้อยละ,,สำนักงานสถิติแห่งชาติ
2566,เพชรบูรณ์,ร้อยละของค่าใช้จ่ายต่อรายได้,ผู้ถือครองทำการเกษตร/เพาะเลี้ยง,ปลูกพืช/เลี้ยงสัตว์/เพาะเลี้ยง_ส่วนใหญ่เป็นเจ้าของที่ดิน,74.19,ร้อยละ,,สำนักงานสถิติแห่งชาติ
2566,เพชรบูรณ์,ร้อยละของค่าใช้จ่ายต่อรายได้,ผู้ถือครองทำการเกษตร/เพาะเลี้ยง,ปลูกพืช/เลี้ยงสัตว์/เพาะเลี้ยง_ส่วนใหญ่เช่าที่ดิน/ทำฟรี,64.86,ร้อยละ,,สำนักงานสถิติแห่งชาติ
2566,เพชรบูรณ์,ร้อยละของค่าใช้จ่ายต่อรายได้,ผู้ถือครองทำการเกษตร/เพาะเลี้ยง,ประมงป่าไม้ล่าสัตว์หาของป่าบริการทางการเกษตร,83.41,ร้อยละ,,สำนักงานสถิติแห่งชาติ
2566,เพชรบูรณ์,ร้อยละของค่าใช้จ่ายต่อรายได้,ผู้ประกอบธุรกิจของตนเองที่ไม่ใช่การเกษตร,ผู้ประกอบธุรกิจของตนเองที่ไม่ใช่การเกษตร,78.14,ร้อยละ,,สำนักงานสถิติแห่งชาติ
2566,เพชรบูรณ์,ร้อยละของค่าใช้จ่ายต่อรายได้,ลูกจ้าง,ผู้จัดการนักวิชาการและผู้ปฏิบัติงานวิชาชีพ,69.75,ร้อยละ,,สำนักงานสถิติแห่งชาติ
2566,เพชรบูรณ์,ร้อยละของค่าใช้จ่ายต่อรายได้,ลูกจ้าง,คนงานเกษตรป่าไม้และประมง,90.72,ร้อยละ,,สำนักงานสถิติแห่งชาติ
2566,เพชรบูรณ์,ร้อยละของค่าใช้จ่ายต่อรายได้,ลูกจ้าง,คนงานด้านการขนส่งและงานพื้นฐาน,75.76,ร้อยละ,,สำนักงานสถิติแห่งชาติ
2566,เพชรบูรณ์,ร้อยละของค่าใช้จ่ายต่อรายได้,ลูกจ้าง,เสมียนพนักงานขายและให้บริการ,84.93,ร้อยละ,,สำนักงานสถิติแห่งชาติ
2566,เพชรบูรณ์,ร้อยละของค่าใช้จ่ายต่อรายได้,ลูกจ้าง,ผู้ปฏิบัติงานในกระบวนการผลิตก่อสร้างและเหมืองแร่,78.55,ร้อยละ,,สำนักงานสถิติแห่งชาติ
2566,เพชรบูรณ์,ร้อยละของค่าใช้จ่ายต่อรายได้,ผู้ไม่ได้ปฏิบัติงานเชิงเศรษฐกิจ,ผู้ไม่ได้ปฏิบัติงานเชิงเศรษฐกิจ,73.54,ร้อยละ,,สำนักงานสถิติแห่งชาติ
2566,ราชบุรี,รายได้ทั้งสิ้นต่อเดือน,รวมทั้งสิ้น,รวมทั้งสิ้น,31368.00,บาท,,สำนักงานสถิติแห่งชาติ
2566,ราชบุรี,รายได้ทั้งสิ้นต่อเดือน,ผู้ถือครองทำการเกษตร/เพาะเลี้ยง,ปลูกพืช/เลี้ยงสัตว์/เพาะเลี้ยง_ส่วนใหญ่เป็นเจ้าของที่ดิน,90389.00,บาท,,สำนักงานสถิติแห่งชาติ
2566,ราชบุรี,รายได้ทั้งสิ้นต่อเดือน,ผู้ถือครองทำการเกษตร/เพาะเลี้ยง,ปลูกพืช/เลี้ยงสัตว์/เพาะเลี้ยง_ส่วนใหญ่เช่าที่ดิน/ทำฟรี,33082.00,บาท,,สำนักงานสถิติแห่งชาติ
2566,ราชบุรี,รายได้ทั้งสิ้นต่อเดือน,ผู้ถือครองทำการเกษตร/เพาะเลี้ยง,ประมงป่าไม้ล่าสัตว์หาของป่าบริการทางการเกษตร,47712.00,บาท,,สำนักงานสถิติแห่งชาติ
2566,ราชบุรี,รายได้ทั้งสิ้นต่อเดือน,ผู้ประกอบธุรกิจของตนเองที่ไม่ใช่การเกษตร,ผู้ประกอบธุรกิจของตนเองที่ไม่ใช่การเกษตร,34175.00,บาท,,สำนักงานสถิติแห่งชาติ
2566,ราชบุรี,รายได้ทั้งสิ้นต่อเดือน,ลูกจ้าง,ผู้จัดการนักวิชาการและผู้ปฏิบัติงานวิชาชีพ,55538.00,บาท,,สำนักงานสถิติแห่งชาติ
2566,ราชบุรี,รายได้ทั้งสิ้นต่อเดือน,ลูกจ้าง,คนงานเกษตรป่าไม้และประมง,18627.00,บาท,,สำนักงานสถิติแห่งชาติ
2566,ราชบุรี,รายได้ทั้งสิ้นต่อเดือน,ลูกจ้าง,คนงานด้านการขนส่งและงานพื้นฐาน,14594.00,บาท,,สำนักงานสถิติแห่งชาติ
2566,ราชบุรี,รายได้ทั้งสิ้นต่อเดือน,ลูกจ้าง,เสมียนพนักงานขายและให้บริการ,23565.00,บาท,,สำนักงานสถิติแห่งชาติ
2566,ราชบุรี,รายได้ทั้งสิ้นต่อเดือน,ลูกจ้าง,ผู้ปฏิบัติงานในกระบวนการผลิตก่อสร้างและเหมืองแร่,22982.00,บาท,,สำนักงานสถิติแห่งชาติ
2566,ราชบุรี,รายได้ทั้งสิ้นต่อเดือน,ผู้ไม่ได้ปฏิบัติงานเชิงเศรษฐกิจ,ผู้ไม่ได้ปฏิบัติงานเชิงเศรษฐกิจ,25279.00,บาท,,สำนักงานสถิติแห่งชาติ
2566,ราชบุรี,ค่าใช้จ่ายทั้งสิ้นต่อเดือน,รวมทั้งสิ้น,รวมทั้งสิ้น,26438.00,บาท,,สำนักงานสถิติแห่งชาติ
2566,ราชบุรี,ค่าใช้จ่ายทั้งสิ้นต่อเดือน,ผู้ถือครองทำการเกษตร/เพาะเลี้ยง,ปลูกพืช/เลี้ยงสัตว์/เพาะเลี้ยง_ส่วนใหญ่เป็นเจ้าของที่ดิน,44859.00,บาท,,สำนักงานสถิติแห่งชาติ
2566,ราชบุรี,ค่าใช้จ่ายทั้งสิ้นต่อเดือน,ผู้ถือครองทำการเกษตร/เพาะเลี้ยง,ปลูกพืช/เลี้ยงสัตว์/เพาะเลี้ยง_ส่วนใหญ่เช่าที่ดิน/ทำฟรี,26488.00,บาท,,สำนักงานสถิติแห่งชาติ
2566,ราชบุรี,ค่าใช้จ่ายทั้งสิ้นต่อเดือน,ผู้ถือครองทำการเกษตร/เพาะเลี้ยง,ประมงป่าไม้ล่าสัตว์หาของป่าบริการทางการเกษตร,41832.00,บาท,,สำนักงานสถิติแห่งชาติ
2566,ราชบุรี,ค่าใช้จ่ายทั้งสิ้นต่อเดือน,ผู้ประกอบธุรกิจของตนเองที่ไม่ใช่การเกษตร,ผู้ประกอบธุรกิจของตนเองที่ไม่ใช่การเกษตร,31520.00,บาท,,สำนักงานสถิติแห่งชาติ
2566,ราชบุรี,ค่าใช้จ่ายทั้งสิ้นต่อเดือน,ลูกจ้าง,ผู้จัดการนักวิชาการและผู้ปฏิบัติงานวิชาชีพ,43820.00,บาท,,สำนักงานสถิติแห่งชาติ
2566,ราชบุรี,ค่าใช้จ่ายทั้งสิ้นต่อเดือน,ลูกจ้าง,คนงานเกษตรป่าไม้และประมง,18299.00,บาท,,สำนักงานสถิติแห่งชาติ
2566,ราชบุรี,ค่าใช้จ่ายทั้งสิ้นต่อเดือน,ลูกจ้าง,คนงานด้านการขนส่งและงานพื้นฐาน,14273.00,บาท,,สำนักงานสถิติแห่งชาติ
2566,ราชบุรี,ค่าใช้จ่ายทั้งสิ้นต่อเดือน,ลูกจ้าง,เสมียนพนักงานขายและให้บริการ,20250.00,บาท,,สำนักงานสถิติแห่งชาติ
2566,ราชบุรี,ค่าใช้จ่ายทั้งสิ้นต่อเดือน,ลูกจ้าง,ผู้ปฏิบัติงานในกระบวนการผลิตก่อสร้างและเหมืองแร่,21429.00,บาท,,สำนักงานสถิติแห่งชาติ
2566,ราชบุรี,ค่าใช้จ่ายทั้งสิ้นต่อเดือน,ผู้ไม่ได้ปฏิบัติงานเชิงเศรษฐกิจ,ผู้ไม่ได้ปฏิบัติงานเชิงเศรษฐกิจ,22572.00,บาท,,สำนักงานสถิติแห่งชาติ
2566,ราชบุรี,หนี้สินเฉลี่ยต่อครัวเรือนทั้งสิ้น,รวมทั้งสิ้น,รวมทั้งสิ้น,314967.00,บาท,,สำนักงานสถิติแห่งชาติ
2566,ราชบุรี,หนี้สินเฉลี่ยต่อครัวเรือนทั้งสิ้น,ผู้ถือครองทำการเกษตร/เพาะเลี้ยง,ปลูกพืช/เลี้ยงสัตว์/เพาะเลี้ยง_ส่วนใหญ่เป็นเจ้าของที่ดิน,412766.00,บาท,,สำนักงานสถิติแห่งชาติ
2566,ราชบุรี,หนี้สินเฉลี่ยต่อครัวเรือนทั้งสิ้น,ผู้ถือครองทำการเกษตร/เพาะเลี้ยง,ปลูกพืช/เลี้ยงสัตว์/เพาะเลี้ยง_ส่วนใหญ่เช่าที่ดิน/ทำฟรี,119182.00,บาท,,สำนักงานสถิติแห่งชาติ
2566,ราชบุรี,หนี้สินเฉลี่ยต่อครัวเรือนทั้งสิ้น,ผู้ถือครองทำการเกษตร/เพาะเลี้ยง,ประมงป่าไม้ล่าสัตว์หาของป่าบริการทางการเกษตร,1121084.00,บาท,,สำนักงานสถิติแห่งชาติ
2566,ราชบุรี,หนี้สินเฉลี่ยต่อครัวเรือนทั้งสิ้น,ผู้ประกอบธุรกิจของตนเองที่ไม่ใช่การเกษตร,ผู้ประกอบธุรกิจของตนเองที่ไม่ใช่การเกษตร,327946.00,บาท,,สำนักงานสถิติแห่งชาติ
2566,ราชบุรี,หนี้สินเฉลี่ยต่อครัวเรือนทั้งสิ้น,ลูกจ้าง,ผู้จัดการนักวิชาการและผู้ปฏิบัติงานวิชาชีพ,1297091.00,บาท,,สำนักงานสถิติแห่งชาติ
2566,ราชบุรี,หนี้สินเฉลี่ยต่อครัวเรือนทั้งสิ้น,ลูกจ้าง,คนงานเกษตรป่าไม้และประมง,113457.00,บาท,,สำนักงานสถิติแห่งชาติ
2566,ราชบุรี,หนี้สินเฉลี่ยต่อครัวเรือนทั้งสิ้น,ลูกจ้าง,คนงานด้านการขนส่งและงานพื้นฐาน,116264.00,บาท,,สำนักงานสถิติแห่งชาติ
2566,ราชบุรี,หนี้สินเฉลี่ยต่อครัวเรือนทั้งสิ้น,ลูกจ้าง,เสมียนพนักงานขายและให้บริการ,219891.00,บาท,,สำนักงานสถิติแห่งชาติ
2566,ราชบุรี,หนี้สินเฉลี่ยต่อครัวเรือนทั้งสิ้น,ลูกจ้าง,ผู้ปฏิบัติงานในกระบวนการผลิตก่อสร้างและเหมืองแร่,193064.00,บาท,,สำนักงานสถิติแห่งชาติ
2566,ราชบุรี,หนี้สินเฉลี่ยต่อครัวเรือนทั้งสิ้น,ผู้ไม่ได้ปฏิบัติงานเชิงเศรษฐกิจ,ผู้ไม่ได้ปฏิบัติงานเชิงเศรษฐกิจ,112408.00,บาท,,สำนักงานสถิติแห่งชาติ
2566,ราชบุรี,ร้อยละของค่าใช้จ่ายต่อรายได้,รวมทั้งสิ้น,รวมทั้งสิ้น,84.28,ร้อยละ,,สำนักงานสถิติแห่งชาติ
2566,ราชบุรี,ร้อยละของค่าใช้จ่ายต่อรายได้,ผู้ถือครองทำการเกษตร/เพาะเลี้ยง,ปลูกพืช/เลี้ยงสัตว์/เพาะเลี้ยง_ส่วนใหญ่เป็นเจ้าของที่ดิน,49.63,ร้อยละ,,สำนักงานสถิติแห่งชาติ
2566,ราชบุรี,ร้อยละของค่าใช้จ่ายต่อรายได้,ผู้ถือครองทำการเกษตร/เพาะเลี้ยง,ปลูกพืช/เลี้ยงสัตว์/เพาะเลี้ยง_ส่วนใหญ่เช่าที่ดิน/ทำฟรี,80.07,ร้อยละ,,สำนักงานสถิติแห่งชาติ
2566,ราชบุรี,ร้อยละของค่าใช้จ่ายต่อรายได้,ผู้ถือครองทำการเกษตร/เพาะเลี้ยง,ประมงป่าไม้ล่าสัตว์หาของป่าบริการทางการเกษตร,87.68,ร้อยละ,,สำนักงานสถิติแห่งชาติ
2566,ราชบุรี,ร้อยละของค่าใช้จ่ายต่อรายได้,ผู้ประกอบธุรกิจของตนเองที่ไม่ใช่การเกษตร,ผู้ประกอบธุรกิจของตนเองที่ไม่ใช่การเกษตร,92.23,ร้อยละ,,สำนักงานสถิติแห่งชาติ
2566,ราชบุรี,ร้อยละของค่าใช้จ่ายต่อรายได้,ลูกจ้าง,ผู้จัดการนักวิชาการและผู้ปฏิบัติงานวิชาชีพ,78.90,ร้อยละ,,สำนักงานสถิติแห่งชาติ
2566,ราชบุรี,ร้อยละของค่าใช้จ่ายต่อรายได้,ลูกจ้าง,คนงานเกษตรป่าไม้และประมง,98.24,ร้อยละ,,สำนักงานสถิติแห่งชาติ
2566,ราชบุรี,ร้อยละของค่าใช้จ่ายต่อรายได้,ลูกจ้าง,คนงานด้านการขนส่งและงานพื้นฐาน,97.80,ร้อยละ,,สำนักงานสถิติแห่งชาติ
2566,ราชบุรี,ร้อยละของค่าใช้จ่ายต่อรายได้,ลูกจ้าง,เสมียนพนักงานขายและให้บริการ,85.93,ร้อยละ,,สำนักงานสถิติแห่งชาติ
2566,ราชบุรี,ร้อยละของค่าใช้จ่ายต่อรายได้,ลูกจ้าง,ผู้ปฏิบัติงานในกระบวนการผลิตก่อสร้างและเหมืองแร่,93.24,ร้อยละ,,สำนักงานสถิติแห่งชาติ
2566,ราชบุรี,ร้อยละของค่าใช้จ่ายต่อรายได้,ผู้ไม่ได้ปฏิบัติงานเชิงเศรษฐกิจ,ผู้ไม่ได้ปฏิบัติงานเชิงเศรษฐกิจ,89.29,ร้อยละ,,สำนักงานสถิติแห่งชาติ
2566,กาญจนบุรี,รายได้ทั้งสิ้นต่อเดือน,รวมทั้งสิ้น,รวมทั้งสิ้น,24723.00,บาท,,สำนักงานสถิติแห่งชาติ
2566,กาญจนบุรี,รายได้ทั้งสิ้นต่อเดือน,ผู้ถือครองทำการเกษตร/เพาะเลี้ยง,ปลูกพืช/เลี้ยงสัตว์/เพาะเลี้ยง_ส่วนใหญ่เป็นเจ้าของที่ดิน,20671.00,บาท,,สำนักงานสถิติแห่งชาติ
2566,กาญจนบุรี,รายได้ทั้งสิ้นต่อเดือน,ผู้ถือครองทำการเกษตร/เพาะเลี้ยง,ปลูกพืช/เลี้ยงสัตว์/เพาะเลี้ยง_ส่วนใหญ่เช่าที่ดิน/ทำฟรี,29834.00,บาท,,สำนักงานสถิติแห่งชาติ
2566,กาญจนบุรี,รายได้ทั้งสิ้นต่อเดือน,ผู้ถือครองทำการเกษตร/เพาะเลี้ยง,ประมงป่าไม้ล่าสัตว์หาของป่าบริการทางการเกษตร,32777.00,บาท,,สำนักงานสถิติแห่งชาติ
2566,กาญจนบุรี,รายได้ทั้งสิ้นต่อเดือน,ผู้ประกอบธุรกิจของตนเองที่ไม่ใช่การเกษตร,ผู้ประกอบธุรกิจของตนเองที่ไม่ใช่การเกษตร,30176.00,บาท,,สำนักงานสถิติแห่งชาติ
2566,กาญจนบุรี,รายได้ทั้งสิ้นต่อเดือน,ลูกจ้าง,ผู้จัดการนักวิชาการและผู้ปฏิบัติงานวิชาชีพ,43315.00,บาท,,สำนักงานสถิติแห่งชาติ
2566,กาญจนบุรี,รายได้ทั้งสิ้นต่อเดือน,ลูกจ้าง,คนงานเกษตรป่าไม้และประมง,15236.00,บาท,,สำนักงานสถิติแห่งชาติ
2566,กาญจนบุรี,รายได้ทั้งสิ้นต่อเดือน,ลูกจ้าง,คนงานด้านการขนส่งและงานพื้นฐาน,20441.00,บาท,,สำนักงานสถิติแห่งชาติ
2566,กาญจนบุรี,รายได้ทั้งสิ้นต่อเดือน,ลูกจ้าง,เสมียนพนักงานขายและให้บริการ,26182.00,บาท,,สำนักงานสถิติแห่งชาติ
2566,กาญจนบุรี,รายได้ทั้งสิ้นต่อเดือน,ลูกจ้าง,ผู้ปฏิบัติงานในกระบวนการผลิตก่อสร้างและเหมืองแร่,21192.00,บาท,,สำนักงานสถิติแห่งชาติ
2566,กาญจนบุรี,รายได้ทั้งสิ้นต่อเดือน,ผู้ไม่ได้ปฏิบัติงานเชิงเศรษฐกิจ,ผู้ไม่ได้ปฏิบัติงานเชิงเศรษฐกิจ,20898.00,บาท,,สำนักงานสถิติแห่งชาติ
2566,กาญจนบุรี,ค่าใช้จ่ายทั้งสิ้นต่อเดือน,รวมทั้งสิ้น,รวมทั้งสิ้น,21348.00,บาท,,สำนักงานสถิติแห่งชาติ
2566,กาญจนบุรี,ค่าใช้จ่ายทั้งสิ้นต่อเดือน,ผู้ถือครองทำการเกษตร/เพาะเลี้ยง,ปลูกพืช/เลี้ยงสัตว์/เพาะเลี้ยง_ส่วนใหญ่เป็นเจ้าของที่ดิน,17456.00,บาท,,สำนักงานสถิติแห่งชาติ
2566,กาญจนบุรี,ค่าใช้จ่ายทั้งสิ้นต่อเดือน,ผู้ถือครองทำการเกษตร/เพาะเลี้ยง,ปลูกพืช/เลี้ยงสัตว์/เพาะเลี้ยง_ส่วนใหญ่เช่าที่ดิน/ทำฟรี,22593.00,บาท,,สำนักงานสถิติแห่งชาติ
2566,กาญจนบุรี,ค่าใช้จ่ายทั้งสิ้นต่อเดือน,ผู้ถือครองทำการเกษตร/เพาะเลี้ยง,ประมงป่าไม้ล่าสัตว์หาของป่าบริการทางการเกษตร,24188.00,บาท,,สำนักงานสถิติแห่งชาติ
2566,กาญจนบุรี,ค่าใช้จ่ายทั้งสิ้นต่อเดือน,ผู้ประกอบธุรกิจของตนเองที่ไม่ใช่การเกษตร,ผู้ประกอบธุรกิจของตนเองที่ไม่ใช่การเกษตร,27403.00,บาท,,สำนักงานสถิติแห่งชาติ
2566,กาญจนบุรี,ค่าใช้จ่ายทั้งสิ้นต่อเดือน,ลูกจ้าง,ผู้จัดการนักวิชาการและผู้ปฏิบัติงานวิชาชีพ,32695.00,บาท,,สำนักงานสถิติแห่งชาติ
2566,กาญจนบุรี,ค่าใช้จ่ายทั้งสิ้นต่อเดือน,ลูกจ้าง,คนงานเกษตรป่าไม้และประมง,13401.00,บาท,,สำนักงานสถิติแห่งชาติ
2566,กาญจนบุรี,ค่าใช้จ่ายทั้งสิ้นต่อเดือน,ลูกจ้าง,คนงานด้านการขนส่งและงานพื้นฐาน,17005.00,บาท,,สำนักงานสถิติแห่งชาติ
2566,กาญจนบุรี,ค่าใช้จ่ายทั้งสิ้นต่อเดือน,ลูกจ้าง,เสมียนพนักงานขายและให้บริการ,23217.00,บาท,,สำนักงานสถิติแห่งชาติ
2566,กาญจนบุรี,ค่าใช้จ่ายทั้งสิ้นต่อเดือน,ลูกจ้าง,ผู้ปฏิบัติงานในกระบวนการผลิตก่อสร้างและเหมืองแร่,17975.00,บาท,,สำนักงานสถิติแห่งชาติ
2566,กาญจนบุรี,ค่าใช้จ่ายทั้งสิ้นต่อเดือน,ผู้ไม่ได้ปฏิบัติงานเชิงเศรษฐกิจ,ผู้ไม่ได้ปฏิบัติงานเชิงเศรษฐกิจ,18846.00,บาท,,สำนักงานสถิติแห่งชาติ
2566,กาญจนบุรี,หนี้สินเฉลี่ยต่อครัวเรือนทั้งสิ้น,รวมทั้งสิ้น,รวมทั้งสิ้น,183408.00,บาท,,สำนักงานสถิติแห่งชาติ
2566,กาญจนบุรี,หนี้สินเฉลี่ยต่อครัวเรือนทั้งสิ้น,ผู้ถือครองทำการเกษตร/เพาะเลี้ยง,ปลูกพืช/เลี้ยงสัตว์/เพาะเลี้ยง_ส่วนใหญ่เป็นเจ้าของที่ดิน,259278.00,บาท,,สำนักงานสถิติแห่งชาติ
2566,กาญจนบุรี,หนี้สินเฉลี่ยต่อครัวเรือนทั้งสิ้น,ผู้ถือครองทำการเกษตร/เพาะเลี้ยง,ปลูกพืช/เลี้ยงสัตว์/เพาะเลี้ยง_ส่วนใหญ่เช่าที่ดิน/ทำฟรี,212800.00,บาท,,สำนักงานสถิติแห่งชาติ
2566,กาญจนบุรี,หนี้สินเฉลี่ยต่อครัวเรือนทั้งสิ้น,ผู้ถือครองทำการเกษตร/เพาะเลี้ยง,ประมงป่าไม้ล่าสัตว์หาของป่าบริการทางการเกษตร,326224.00,บาท,,สำนักงานสถิติแห่งชาติ
2566,กาญจนบุรี,หนี้สินเฉลี่ยต่อครัวเรือนทั้งสิ้น,ผู้ประกอบธุรกิจของตนเองที่ไม่ใช่การเกษตร,ผู้ประกอบธุรกิจของตนเองที่ไม่ใช่การเกษตร,177002.00,บาท,,สำนักงานสถิติแห่งชาติ
2566,กาญจนบุรี,หนี้สินเฉลี่ยต่อครัวเรือนทั้งสิ้น,ลูกจ้าง,ผู้จัดการนักวิชาการและผู้ปฏิบัติงานวิชาชีพ,578367.00,บาท,,สำนักงานสถิติแห่งชาติ
2566,กาญจนบุรี,หนี้สินเฉลี่ยต่อครัวเรือนทั้งสิ้น,ลูกจ้าง,คนงานเกษตรป่าไม้และประมง,55675.00,บาท,,สำนักงานสถิติแห่งชาติ
2566,กาญจนบุรี,หนี้สินเฉลี่ยต่อครัวเรือนทั้งสิ้น,ลูกจ้าง,คนงานด้านการขนส่งและงานพื้นฐาน,16760.00,บาท,,สำนักงานสถิติแห่งชาติ
2566,กาญจนบุรี,หนี้สินเฉลี่ยต่อครัวเรือนทั้งสิ้น,ลูกจ้าง,เสมียนพนักงานขายและให้บริการ,154622.00,บาท,,สำนักงานสถิติแห่งชาติ
2566,กาญจนบุรี,หนี้สินเฉลี่ยต่อครัวเรือนทั้งสิ้น,ลูกจ้าง,ผู้ปฏิบัติงานในกระบวนการผลิตก่อสร้างและเหมืองแร่,54485.00,บาท,,สำนักงานสถิติแห่งชาติ
2566,กาญจนบุรี,หนี้สินเฉลี่ยต่อครัวเรือนทั้งสิ้น,ผู้ไม่ได้ปฏิบัติงานเชิงเศรษฐกิจ,ผู้ไม่ได้ปฏิบัติงานเชิงเศรษฐกิจ,175617.00,บาท,,สำนักงานสถิติแห่งชาติ
2566,กาญจนบุรี,ร้อยละของค่าใช้จ่ายต่อรายได้,รวมทั้งสิ้น,รวมทั้งสิ้น,86.35,ร้อยละ,,สำนักงานสถิติแห่งชาติ
2566,กาญจนบุรี,ร้อยละของค่าใช้จ่ายต่อรายได้,ผู้ถือครองทำการเกษตร/เพาะเลี้ยง,ปลูกพืช/เลี้ยงสัตว์/เพาะเลี้ยง_ส่วนใหญ่เป็นเจ้าของที่ดิน,84.44,ร้อยละ,,สำนักงานสถิติแห่งชาติ
2566,กาญจนบุรี,ร้อยละของค่าใช้จ่ายต่อรายได้,ผู้ถือครองทำการเกษตร/เพาะเลี้ยง,ปลูกพืช/เลี้ยงสัตว์/เพาะเลี้ยง_ส่วนใหญ่เช่าที่ดิน/ทำฟรี,75.73,ร้อยละ,,สำนักงานสถิติแห่งชาติ
2566,กาญจนบุรี,ร้อยละของค่าใช้จ่ายต่อรายได้,ผู้ถือครองทำการเกษตร/เพาะเลี้ยง,ประมงป่าไม้ล่าสัตว์หาของป่าบริการทางการเกษตร,73.80,ร้อยละ,,สำนักงานสถิติแห่งชาติ
2566,กาญจนบุรี,ร้อยละของค่าใช้จ่ายต่อรายได้,ผู้ประกอบธุรกิจของตนเองที่ไม่ใช่การเกษตร,ผู้ประกอบธุรกิจของตนเองที่ไม่ใช่การเกษตร,90.81,ร้อยละ,,สำนักงานสถิติแห่งชาติ
2566,กาญจนบุรี,ร้อยละของค่าใช้จ่ายต่อรายได้,ลูกจ้าง,ผู้จัดการนักวิชาการและผู้ปฏิบัติงานวิชาชีพ,75.48,ร้อยละ,,สำนักงานสถิติแห่งชาติ
2566,กาญจนบุรี,ร้อยละของค่าใช้จ่ายต่อรายได้,ลูกจ้าง,คนงานเกษตรป่าไม้และประมง,87.95,ร้อยละ,,สำนักงานสถิติแห่งชาติ
2566,กาญจนบุรี,ร้อยละของค่าใช้จ่ายต่อรายได้,ลูกจ้าง,คนงานด้านการขนส่งและงานพื้นฐาน,83.19,ร้อยละ,,สำนักงานสถิติแห่งชาติ
2566,กาญจนบุรี,ร้อยละของค่าใช้จ่ายต่อรายได้,ลูกจ้าง,เสมียนพนักงานขายและให้บริการ,88.68,ร้อยละ,,สำนักงานสถิติแห่งชาติ
2566,กาญจนบุรี,ร้อยละของค่าใช้จ่ายต่อรายได้,ลูกจ้าง,ผู้ปฏิบัติงานในกระบวนการผลิตก่อสร้างและเหมืองแร่,84.82,ร้อยละ,,สำนักงานสถิติแห่งชาติ
2566,กาญจนบุรี,ร้อยละของค่าใช้จ่ายต่อรายได้,ผู้ไม่ได้ปฏิบัติงานเชิงเศรษฐกิจ,ผู้ไม่ได้ปฏิบัติงานเชิงเศรษฐกิจ,90.18,ร้อยละ,,สำนักงานสถิติแห่งชาติ
2566,สุพรรณบุรี,รายได้ทั้งสิ้นต่อเดือน,รวมทั้งสิ้น,รวมทั้งสิ้น,21542.00,บาท,,สำนักงานสถิติแห่งชาติ
2566,สุพรรณบุรี,รายได้ทั้งสิ้นต่อเดือน,ผู้ถือครองทำการเกษตร/เพาะเลี้ยง,ปลูกพืช/เลี้ยงสัตว์/เพาะเลี้ยง_ส่วนใหญ่เป็นเจ้าของที่ดิน,17093.00,บาท,,สำนักงานสถิติแห่งชาติ
2566,สุพรรณบุรี,รายได้ทั้งสิ้นต่อเดือน,ผู้ถือครองทำการเกษตร/เพาะเลี้ยง,ปลูกพืช/เลี้ยงสัตว์/เพาะเลี้ยง_ส่วนใหญ่เช่าที่ดิน/ทำฟรี,21077.00,บาท,,สำนักงานสถิติแห่งชาติ
2566,สุพรรณบุรี,รายได้ทั้งสิ้นต่อเดือน,ผู้ถือครองทำการเกษตร/เพาะเลี้ยง,ประมงป่าไม้ล่าสัตว์หาของป่าบริการทางการเกษตร,16068.00,บาท,,สำนักงานสถิติแห่งชาติ
2566,สุพรรณบุรี,รายได้ทั้งสิ้นต่อเดือน,ผู้ประกอบธุรกิจของตนเองที่ไม่ใช่การเกษตร,ผู้ประกอบธุรกิจของตนเองที่ไม่ใช่การเกษตร,27352.00,บาท,,สำนักงานสถิติแห่งชาติ
2566,สุพรรณบุรี,รายได้ทั้งสิ้นต่อเดือน,ลูกจ้าง,ผู้จัดการนักวิชาการและผู้ปฏิบัติงานวิชาชีพ,48650.00,บาท,,สำนักงานสถิติแห่งชาติ
2566,สุพรรณบุรี,รายได้ทั้งสิ้นต่อเดือน,ลูกจ้าง,คนงานเกษตรป่าไม้และประมง,12851.00,บาท,,สำนักงานสถิติแห่งชาติ
2566,สุพรรณบุรี,รายได้ทั้งสิ้นต่อเดือน,ลูกจ้าง,คนงานด้านการขนส่งและงานพื้นฐาน,14463.00,บาท,,สำนักงานสถิติแห่งชาติ
2566,สุพรรณบุรี,รายได้ทั้งสิ้นต่อเดือน,ลูกจ้าง,เสมียนพนักงานขายและให้บริการ,24141.00,บาท,,สำนักงานสถิติแห่งชาติ
2566,สุพรรณบุรี,รายได้ทั้งสิ้นต่อเดือน,ลูกจ้าง,ผู้ปฏิบัติงานในกระบวนการผลิตก่อสร้างและเหมืองแร่,24760.00,บาท,,สำนักงานสถิติแห่งชาติ
2566,สุพรรณบุรี,รายได้ทั้งสิ้นต่อเดือน,ผู้ไม่ได้ปฏิบัติงานเชิงเศรษฐกิจ,ผู้ไม่ได้ปฏิบัติงานเชิงเศรษฐกิจ,17563.00,บาท,,สำนักงานสถิติแห่งชาติ
2566,สุพรรณบุรี,ค่าใช้จ่ายทั้งสิ้นต่อเดือน,รวมทั้งสิ้น,รวมทั้งสิ้น,17852.00,บาท,,สำนักงานสถิติแห่งชาติ
2566,สุพรรณบุรี,ค่าใช้จ่ายทั้งสิ้นต่อเดือน,ผู้ถือครองทำการเกษตร/เพาะเลี้ยง,ปลูกพืช/เลี้ยงสัตว์/เพาะเลี้ยง_ส่วนใหญ่เป็นเจ้าของที่ดิน,13483.00,บาท,,สำนักงานสถิติแห่งชาติ
2566,สุพรรณบุรี,ค่าใช้จ่ายทั้งสิ้นต่อเดือน,ผู้ถือครองทำการเกษตร/เพาะเลี้ยง,ปลูกพืช/เลี้ยงสัตว์/เพาะเลี้ยง_ส่วนใหญ่เช่าที่ดิน/ทำฟรี,15806.00,บาท,,สำนักงานสถิติแห่งชาติ
2566,สุพรรณบุรี,ค่าใช้จ่ายทั้งสิ้นต่อเดือน,ผู้ถือครองทำการเกษตร/เพาะเลี้ยง,ประมงป่าไม้ล่าสัตว์หาของป่าบริการทางการเกษตร,10766.00,บาท,,สำนักงานสถิติแห่งชาติ
2566,สุพรรณบุรี,ค่าใช้จ่ายทั้งสิ้นต่อเดือน,ผู้ประกอบธุรกิจของตนเองที่ไม่ใช่การเกษตร,ผู้ประกอบธุรกิจของตนเองที่ไม่ใช่การเกษตร,24676.00,บาท,,สำนักงานสถิติแห่งชาติ
2566,สุพรรณบุรี,ค่าใช้จ่ายทั้งสิ้นต่อเดือน,ลูกจ้าง,ผู้จัดการนักวิชาการและผู้ปฏิบัติงานวิชาชีพ,42477.00,บาท,,สำนักงานสถิติแห่งชาติ
2566,สุพรรณบุรี,ค่าใช้จ่ายทั้งสิ้นต่อเดือน,ลูกจ้าง,คนงานเกษตรป่าไม้และประมง,9759.00,บาท,,สำนักงานสถิติแห่งชาติ
2566,สุพรรณบุรี,ค่าใช้จ่ายทั้งสิ้นต่อเดือน,ลูกจ้าง,คนงานด้านการขนส่งและงานพื้นฐาน,11997.00,บาท,,สำนักงานสถิติแห่งชาติ
2566,สุพรรณบุรี,ค่าใช้จ่ายทั้งสิ้นต่อเดือน,ลูกจ้าง,เสมียนพนักงานขายและให้บริการ,20927.00,บาท,,สำนักงานสถิติแห่งชาติ
2566,สุพรรณบุรี,ค่าใช้จ่ายทั้งสิ้นต่อเดือน,ลูกจ้าง,ผู้ปฏิบัติงานในกระบวนการผลิตก่อสร้างและเหมืองแร่,19940.00,บาท,,สำนักงานสถิติแห่งชาติ
2566,สุพรรณบุรี,ค่าใช้จ่ายทั้งสิ้นต่อเดือน,ผู้ไม่ได้ปฏิบัติงานเชิงเศรษฐกิจ,ผู้ไม่ได้ปฏิบัติงานเชิงเศรษฐกิจ,13521.00,บาท,,สำนักงานสถิติแห่งชาติ
2566,สุพรรณบุรี,หนี้สินเฉลี่ยต่อครัวเรือนทั้งสิ้น,รวมทั้งสิ้น,รวมทั้งสิ้น,48152.00,บาท,,สำนักงานสถิติแห่งชาติ
2566,สุพรรณบุรี,หนี้สินเฉลี่ยต่อครัวเรือนทั้งสิ้น,ผู้ถือครองทำการเกษตร/เพาะเลี้ยง,ปลูกพืช/เลี้ยงสัตว์/เพาะเลี้ยง_ส่วนใหญ่เป็นเจ้าของที่ดิน,82438.00,บาท,,สำนักงานสถิติแห่งชาติ
2566,สุพรรณบุรี,หนี้สินเฉลี่ยต่อครัวเรือนทั้งสิ้น,ผู้ถือครองทำการเกษตร/เพาะเลี้ยง,ปลูกพืช/เลี้ยงสัตว์/เพาะเลี้ยง_ส่วนใหญ่เช่าที่ดิน/ทำฟรี,95891.00,บาท,,สำนักงานสถิติแห่งชาติ
2566,สุพรรณบุรี,หนี้สินเฉลี่ยต่อครัวเรือนทั้งสิ้น,ผู้ถือครองทำการเกษตร/เพาะเลี้ยง,ประมงป่าไม้ล่าสัตว์หาของป่าบริการทางการเกษตร,.00,บาท,"ศูนย์ยกกำลังดับเบิลยู หมายถึง ข้อมูลจากการสำรวจตัวอย่างมีค่าเป็น 0",สำนักงานสถิติแห่งชาติ
2566,สุพรรณบุรี,หนี้สินเฉลี่ยต่อครัวเรือนทั้งสิ้น,ผู้ประกอบธุรกิจของตนเองที่ไม่ใช่การเกษตร,ผู้ประกอบธุรกิจของตนเองที่ไม่ใช่การเกษตร,49073.00,บาท,,สำนักงานสถิติแห่งชาติ
2566,สุพรรณบุรี,หนี้สินเฉลี่ยต่อครัวเรือนทั้งสิ้น,ลูกจ้าง,ผู้จัดการนักวิชาการและผู้ปฏิบัติงานวิชาชีพ,238519.00,บาท,,สำนักงานสถิติแห่งชาติ
2566,สุพรรณบุรี,หนี้สินเฉลี่ยต่อครัวเรือนทั้งสิ้น,ลูกจ้าง,คนงานเกษตรป่าไม้และประมง,1268.00,บาท,,สำนักงานสถิติแห่งชาติ
2566,สุพรรณบุรี,หนี้สินเฉลี่ยต่อครัวเรือนทั้งสิ้น,ลูกจ้าง,คนงานด้านการขนส่งและงานพื้นฐาน,11906.00,บาท,,สำนักงานสถิติแห่งชาติ
2566,สุพรรณบุรี,หนี้สินเฉลี่ยต่อครัวเรือนทั้งสิ้น,ลูกจ้าง,เสมียนพนักงานขายและให้บริการ,20841.00,บาท,,สำนักงานสถิติแห่งชาติ
2566,สุพรรณบุรี,หนี้สินเฉลี่ยต่อครัวเรือนทั้งสิ้น,ลูกจ้าง,ผู้ปฏิบัติงานในกระบวนการผลิตก่อสร้างและเหมืองแร่,25237.00,บาท,,สำนักงานสถิติแห่งชาติ
2566,สุพรรณบุรี,หนี้สินเฉลี่ยต่อครัวเรือนทั้งสิ้น,ผู้ไม่ได้ปฏิบัติงานเชิงเศรษฐกิจ,ผู้ไม่ได้ปฏิบัติงานเชิงเศรษฐกิจ,12390.00,บาท,,สำนักงานสถิติแห่งชาติ
2566,สุพรรณบุรี,ร้อยละของค่าใช้จ่ายต่อรายได้,รวมทั้งสิ้น,รวมทั้งสิ้น,82.87,ร้อยละ,,สำนักงานสถิติแห่งชาติ
2566,สุพรรณบุรี,ร้อยละของค่าใช้จ่ายต่อรายได้,ผู้ถือครองทำการเกษตร/เพาะเลี้ยง,ปลูกพืช/เลี้ยงสัตว์/เพาะเลี้ยง_ส่วนใหญ่เป็นเจ้าของที่ดิน,78.88,ร้อยละ,,สำนักงานสถิติแห่งชาติ
2566,สุพรรณบุรี,ร้อยละของค่าใช้จ่ายต่อรายได้,ผู้ถือครองทำการเกษตร/เพาะเลี้ยง,ปลูกพืช/เลี้ยงสัตว์/เพาะเลี้ยง_ส่วนใหญ่เช่าที่ดิน/ทำฟรี,74.99,ร้อยละ,,สำนักงานสถิติแห่งชาติ
2566,สุพรรณบุรี,ร้อยละของค่าใช้จ่ายต่อรายได้,ผู้ถือครองทำการเกษตร/เพาะเลี้ยง,ประมงป่าไม้ล่าสัตว์หาของป่าบริการทางการเกษตร,67.00,ร้อยละ,,สำนักงานสถิติแห่งชาติ
2566,สุพรรณบุรี,ร้อยละของค่าใช้จ่ายต่อรายได้,ผู้ประกอบธุรกิจของตนเองที่ไม่ใช่การเกษตร,ผู้ประกอบธุรกิจของตนเองที่ไม่ใช่การเกษตร,90.22,ร้อยละ,,สำนักงานสถิติแห่งชาติ
2566,สุพรรณบุรี,ร้อยละของค่าใช้จ่ายต่อรายได้,ลูกจ้าง,ผู้จัดการนักวิชาการและผู้ปฏิบัติงานวิชาชีพ,87.31,ร้อยละ,,สำนักงานสถิติแห่งชาติ
2566,สุพรรณบุรี,ร้อยละของค่าใช้จ่ายต่อรายได้,ลูกจ้าง,คนงานเกษตรป่าไม้และประมง,75.94,ร้อยละ,,สำนักงานสถิติแห่งชาติ
2566,สุพรรณบุรี,ร้อยละของค่าใช้จ่ายต่อรายได้,ลูกจ้าง,คนงานด้านการขนส่งและงานพื้นฐาน,82.95,ร้อยละ,,สำนักงานสถิติแห่งชาติ
2566,สุพรรณบุรี,ร้อยละของค่าใช้จ่ายต่อรายได้,ลูกจ้าง,เสมียนพนักงานขายและให้บริการ,86.68,ร้อยละ,,สำนักงานสถิติแห่งชาติ
2566,สุพรรณบุรี,ร้อยละของค่าใช้จ่ายต่อรายได้,ลูกจ้าง,ผู้ปฏิบัติงานในกระบวนการผลิตก่อสร้างและเหมืองแร่,80.53,ร้อยละ,,สำนักงานสถิติแห่งชาติ
2566,สุพรรณบุรี,ร้อยละของค่าใช้จ่ายต่อรายได้,ผู้ไม่ได้ปฏิบัติงานเชิงเศรษฐกิจ,ผู้ไม่ได้ปฏิบัติงานเชิงเศรษฐกิจ,76.98,ร้อยละ,,สำนักงานสถิติแห่งชาติ
2566,นครปฐม,รายได้ทั้งสิ้นต่อเดือน,รวมทั้งสิ้น,รวมทั้งสิ้น,32692.00,บาท,,สำนักงานสถิติแห่งชาติ
2566,นครปฐม,รายได้ทั้งสิ้นต่อเดือน,ผู้ถือครองทำการเกษตร/เพาะเลี้ยง,ปลูกพืช/เลี้ยงสัตว์/เพาะเลี้ยง_ส่วนใหญ่เป็นเจ้าของที่ดิน,26028.00,บาท,,สำนักงานสถิติแห่งชาติ
2566,นครปฐม,รายได้ทั้งสิ้นต่อเดือน,ผู้ถือครองทำการเกษตร/เพาะเลี้ยง,ปลูกพืช/เลี้ยงสัตว์/เพาะเลี้ยง_ส่วนใหญ่เช่าที่ดิน/ทำฟรี,30211.00,บาท,,สำนักงานสถิติแห่งชาติ
2566,นครปฐม,รายได้ทั้งสิ้นต่อเดือน,ผู้ถือครองทำการเกษตร/เพาะเลี้ยง,ประมงป่าไม้ล่าสัตว์หาของป่าบริการทางการเกษตร,75614.00,บาท,,สำนักงานสถิติแห่งชาติ
2566,นครปฐม,รายได้ทั้งสิ้นต่อเดือน,ผู้ประกอบธุรกิจของตนเองที่ไม่ใช่การเกษตร,ผู้ประกอบธุรกิจของตนเองที่ไม่ใช่การเกษตร,46995.00,บาท,,สำนักงานสถิติแห่งชาติ
2566,นครปฐม,รายได้ทั้งสิ้นต่อเดือน,ลูกจ้าง,ผู้จัดการนักวิชาการและผู้ปฏิบัติงานวิชาชีพ,44558.00,บาท,,สำนักงานสถิติแห่งชาติ
2566,นครปฐม,รายได้ทั้งสิ้นต่อเดือน,ลูกจ้าง,คนงานเกษตรป่าไม้และประมง,16021.00,บาท,,สำนักงานสถิติแห่งชาติ
2566,นครปฐม,รายได้ทั้งสิ้นต่อเดือน,ลูกจ้าง,คนงานด้านการขนส่งและงานพื้นฐาน,20244.00,บาท,,สำนักงานสถิติแห่งชาติ
2566,นครปฐม,รายได้ทั้งสิ้นต่อเดือน,ลูกจ้าง,เสมียนพนักงานขายและให้บริการ,29449.00,บาท,,สำนักงานสถิติแห่งชาติ
2566,นครปฐม,รายได้ทั้งสิ้นต่อเดือน,ลูกจ้าง,ผู้ปฏิบัติงานในกระบวนการผลิตก่อสร้างและเหมืองแร่,23111.00,บาท,,สำนักงานสถิติแห่งชาติ
2566,นครปฐม,รายได้ทั้งสิ้นต่อเดือน,ผู้ไม่ได้ปฏิบัติงานเชิงเศรษฐกิจ,ผู้ไม่ได้ปฏิบัติงานเชิงเศรษฐกิจ,19572.00,บาท,,สำนักงานสถิติแห่งชาติ
2566,นครปฐม,ค่าใช้จ่ายทั้งสิ้นต่อเดือน,รวมทั้งสิ้น,รวมทั้งสิ้น,25433.00,บาท,,สำนักงานสถิติแห่งชาติ
2566,นครปฐม,ค่าใช้จ่ายทั้งสิ้นต่อเดือน,ผู้ถือครองทำการเกษตร/เพาะเลี้ยง,ปลูกพืช/เลี้ยงสัตว์/เพาะเลี้ยง_ส่วนใหญ่เป็นเจ้าของที่ดิน,25103.00,บาท,,สำนักงานสถิติแห่งชาติ
2566,นครปฐม,ค่าใช้จ่ายทั้งสิ้นต่อเดือน,ผู้ถือครองทำการเกษตร/เพาะเลี้ยง,ปลูกพืช/เลี้ยงสัตว์/เพาะเลี้ยง_ส่วนใหญ่เช่าที่ดิน/ทำฟรี,25731.00,บาท,,สำนักงานสถิติแห่งชาติ
2566,นครปฐม,ค่าใช้จ่ายทั้งสิ้นต่อเดือน,ผู้ถือครองทำการเกษตร/เพาะเลี้ยง,ประมงป่าไม้ล่าสัตว์หาของป่าบริการทางการเกษตร,28718.00,บาท,,สำนักงานสถิติแห่งชาติ
2566,นครปฐม,ค่าใช้จ่ายทั้งสิ้นต่อเดือน,ผู้ประกอบธุรกิจของตนเองที่ไม่ใช่การเกษตร,ผู้ประกอบธุรกิจของตนเองที่ไม่ใช่การเกษตร,29474.00,บาท,,สำนักงานสถิติแห่งชาติ
2566,นครปฐม,ค่าใช้จ่ายทั้งสิ้นต่อเดือน,ลูกจ้าง,ผู้จัดการนักวิชาการและผู้ปฏิบัติงานวิชาชีพ,36264.00,บาท,,สำนักงานสถิติแห่งชาติ
2566,นครปฐม,ค่าใช้จ่ายทั้งสิ้นต่อเดือน,ลูกจ้าง,คนงานเกษตรป่าไม้และประมง,14626.00,บาท,,สำนักงานสถิติแห่งชาติ
2566,นครปฐม,ค่าใช้จ่ายทั้งสิ้นต่อเดือน,ลูกจ้าง,คนงานด้านการขนส่งและงานพื้นฐาน,18565.00,บาท,,สำนักงานสถิติแห่งชาติ
2566,นครปฐม,ค่าใช้จ่ายทั้งสิ้นต่อเดือน,ลูกจ้าง,เสมียนพนักงานขายและให้บริการ,26212.00,บาท,,สำนักงานสถิติแห่งชาติ
2566,นครปฐม,ค่าใช้จ่ายทั้งสิ้นต่อเดือน,ลูกจ้าง,ผู้ปฏิบัติงานในกระบวนการผลิตก่อสร้างและเหมืองแร่,19747.00,บาท,,สำนักงานสถิติแห่งชาติ
2566,นครปฐม,ค่าใช้จ่ายทั้งสิ้นต่อเดือน,ผู้ไม่ได้ปฏิบัติงานเชิงเศรษฐกิจ,ผู้ไม่ได้ปฏิบัติงานเชิงเศรษฐกิจ,18541.00,บาท,,สำนักงานสถิติแห่งชาติ
2566,นครปฐม,หนี้สินเฉลี่ยต่อครัวเรือนทั้งสิ้น,รวมทั้งสิ้น,รวมทั้งสิ้น,168027.00,บาท,,สำนักงานสถิติแห่งชาติ
2566,นครปฐม,หนี้สินเฉลี่ยต่อครัวเรือนทั้งสิ้น,ผู้ถือครองทำการเกษตร/เพาะเลี้ยง,ปลูกพืช/เลี้ยงสัตว์/เพาะเลี้ยง_ส่วนใหญ่เป็นเจ้าของที่ดิน,182430.00,บาท,,สำนักงานสถิติแห่งชาติ
2566,นครปฐม,หนี้สินเฉลี่ยต่อครัวเรือนทั้งสิ้น,ผู้ถือครองทำการเกษตร/เพาะเลี้ยง,ปลูกพืช/เลี้ยงสัตว์/เพาะเลี้ยง_ส่วนใหญ่เช่าที่ดิน/ทำฟรี,1891697.00,บาท,,สำนักงานสถิติแห่งชาติ
2566,นครปฐม,หนี้สินเฉลี่ยต่อครัวเรือนทั้งสิ้น,ผู้ถือครองทำการเกษตร/เพาะเลี้ยง,ประมงป่าไม้ล่าสัตว์หาของป่าบริการทางการเกษตร,102307.00,บาท,,สำนักงานสถิติแห่งชาติ
2566,นครปฐม,หนี้สินเฉลี่ยต่อครัวเรือนทั้งสิ้น,ผู้ประกอบธุรกิจของตนเองที่ไม่ใช่การเกษตร,ผู้ประกอบธุรกิจของตนเองที่ไม่ใช่การเกษตร,215313.00,บาท,,สำนักงานสถิติแห่งชาติ
2566,นครปฐม,หนี้สินเฉลี่ยต่อครัวเรือนทั้งสิ้น,ลูกจ้าง,ผู้จัดการนักวิชาการและผู้ปฏิบัติงานวิชาชีพ,247562.00,บาท,,สำนักงานสถิติแห่งชาติ
2566,นครปฐม,หนี้สินเฉลี่ยต่อครัวเรือนทั้งสิ้น,ลูกจ้าง,คนงานเกษตรป่าไม้และประมง,10468.00,บาท,,สำนักงานสถิติแห่งชาติ
2566,นครปฐม,หนี้สินเฉลี่ยต่อครัวเรือนทั้งสิ้น,ลูกจ้าง,คนงานด้านการขนส่งและงานพื้นฐาน,20987.00,บาท,,สำนักงานสถิติแห่งชาติ
2566,นครปฐม,หนี้สินเฉลี่ยต่อครัวเรือนทั้งสิ้น,ลูกจ้าง,เสมียนพนักงานขายและให้บริการ,143998.00,บาท,,สำนักงานสถิติแห่งชาติ
2566,นครปฐม,หนี้สินเฉลี่ยต่อครัวเรือนทั้งสิ้น,ลูกจ้าง,ผู้ปฏิบัติงานในกระบวนการผลิตก่อสร้างและเหมืองแร่,122743.00,บาท,,สำนักงานสถิติแห่งชาติ
2566,นครปฐม,หนี้สินเฉลี่ยต่อครัวเรือนทั้งสิ้น,ผู้ไม่ได้ปฏิบัติงานเชิงเศรษฐกิจ,ผู้ไม่ได้ปฏิบัติงานเชิงเศรษฐกิจ,22815.00,บาท,,สำนักงานสถิติแห่งชาติ
2566,นครปฐม,ร้อยละของค่าใช้จ่ายต่อรายได้,รวมทั้งสิ้น,รวมทั้งสิ้น,77.80,ร้อยละ,,สำนักงานสถิติแห่งชาติ
2566,นครปฐม,ร้อยละของค่าใช้จ่ายต่อรายได้,ผู้ถือครองทำการเกษตร/เพาะเลี้ยง,ปลูกพืช/เลี้ยงสัตว์/เพาะเลี้ยง_ส่วนใหญ่เป็นเจ้าของที่ดิน,96.45,ร้อยละ,,สำนักงานสถิติแห่งชาติ
2566,นครปฐม,ร้อยละของค่าใช้จ่ายต่อรายได้,ผู้ถือครองทำการเกษตร/เพาะเลี้ยง,ปลูกพืช/เลี้ยงสัตว์/เพาะเลี้ยง_ส่วนใหญ่เช่าที่ดิน/ทำฟรี,85.17,ร้อยละ,,สำนักงานสถิติแห่งชาติ
2566,นครปฐม,ร้อยละของค่าใช้จ่ายต่อรายได้,ผู้ถือครองทำการเกษตร/เพาะเลี้ยง,ประมงป่าไม้ล่าสัตว์หาของป่าบริการทางการเกษตร,37.98,ร้อยละ,,สำนักงานสถิติแห่งชาติ
2566,นครปฐม,ร้อยละของค่าใช้จ่ายต่อรายได้,ผู้ประกอบธุรกิจของตนเองที่ไม่ใช่การเกษตร,ผู้ประกอบธุรกิจของตนเองที่ไม่ใช่การเกษตร,62.72,ร้อยละ,,สำนักงานสถิติแห่งชาติ
2566,นครปฐม,ร้อยละของค่าใช้จ่ายต่อรายได้,ลูกจ้าง,ผู้จัดการนักวิชาการและผู้ปฏิบัติงานวิชาชีพ,81.39,ร้อยละ,,สำนักงานสถิติแห่งชาติ
2566,นครปฐม,ร้อยละของค่าใช้จ่ายต่อรายได้,ลูกจ้าง,คนงานเกษตรป่าไม้และประมง,91.29,ร้อยละ,,สำนักงานสถิติแห่งชาติ
2566,นครปฐม,ร้อยละของค่าใช้จ่ายต่อรายได้,ลูกจ้าง,คนงานด้านการขนส่งและงานพื้นฐาน,91.71,ร้อยละ,,สำนักงานสถิติแห่งชาติ
2566,นครปฐม,ร้อยละของค่าใช้จ่ายต่อรายได้,ลูกจ้าง,เสมียนพนักงานขายและให้บริการ,89.01,ร้อยละ,,สำนักงานสถิติแห่งชาติ
2566,นครปฐม,ร้อยละของค่าใช้จ่ายต่อรายได้,ลูกจ้าง,ผู้ปฏิบัติงานในกระบวนการผลิตก่อสร้างและเหมืองแร่,85.45,ร้อยละ,,สำนักงานสถิติแห่งชาติ
2566,นครปฐม,ร้อยละของค่าใช้จ่ายต่อรายได้,ผู้ไม่ได้ปฏิบัติงานเชิงเศรษฐกิจ,ผู้ไม่ได้ปฏิบัติงานเชิงเศรษฐกิจ,94.73,ร้อยละ,,สำนักงานสถิติแห่งชาติ
2566,สมุทรสาคร,รายได้ทั้งสิ้นต่อเดือน,รวมทั้งสิ้น,รวมทั้งสิ้น,27905.00,บาท,,สำนักงานสถิติแห่งชาติ
2566,สมุทรสาคร,รายได้ทั้งสิ้นต่อเดือน,ผู้ถือครองทำการเกษตร/เพาะเลี้ยง,ปลูกพืช/เลี้ยงสัตว์/เพาะเลี้ยง_ส่วนใหญ่เป็นเจ้าของที่ดิน,36120.00,บาท,,สำนักงานสถิติแห่งชาติ
2566,สมุทรสาคร,รายได้ทั้งสิ้นต่อเดือน,ผู้ถือครองทำการเกษตร/เพาะเลี้ยง,ปลูกพืช/เลี้ยงสัตว์/เพาะเลี้ยง_ส่วนใหญ่เช่าที่ดิน/ทำฟรี,600.00,บาท,,สำนักงานสถิติแห่งชาติ
2566,สมุทรสาคร,รายได้ทั้งสิ้นต่อเดือน,ผู้ถือครองทำการเกษตร/เพาะเลี้ยง,ประมงป่าไม้ล่าสัตว์หาของป่าบริการทางการเกษตร,5403.00,บาท,,สำนักงานสถิติแห่งชาติ
2566,สมุทรสาคร,รายได้ทั้งสิ้นต่อเดือน,ผู้ประกอบธุรกิจของตนเองที่ไม่ใช่การเกษตร,ผู้ประกอบธุรกิจของตนเองที่ไม่ใช่การเกษตร,38787.00,บาท,,สำนักงานสถิติแห่งชาติ
2566,สมุทรสาคร,รายได้ทั้งสิ้นต่อเดือน,ลูกจ้าง,ผู้จัดการนักวิชาการและผู้ปฏิบัติงานวิชาชีพ,65831.00,บาท,,สำนักงานสถิติแห่งชาติ
2566,สมุทรสาคร,รายได้ทั้งสิ้นต่อเดือน,ลูกจ้าง,คนงานเกษตรป่าไม้และประมง,27005.00,บาท,,สำนักงานสถิติแห่งชาติ
2566,สมุทรสาคร,รายได้ทั้งสิ้นต่อเดือน,ลูกจ้าง,คนงานด้านการขนส่งและงานพื้นฐาน,21573.00,บาท,,สำนักงานสถิติแห่งชาติ
2566,สมุทรสาคร,รายได้ทั้งสิ้นต่อเดือน,ลูกจ้าง,เสมียนพนักงานขายและให้บริการ,24191.00,บาท,,สำนักงานสถิติแห่งชาติ
2566,สมุทรสาคร,รายได้ทั้งสิ้นต่อเดือน,ลูกจ้าง,ผู้ปฏิบัติงานในกระบวนการผลิตก่อสร้างและเหมืองแร่,23018.00,บาท,,สำนักงานสถิติแห่งชาติ
2566,สมุทรสาคร,รายได้ทั้งสิ้นต่อเดือน,ผู้ไม่ได้ปฏิบัติงานเชิงเศรษฐกิจ,ผู้ไม่ได้ปฏิบัติงานเชิงเศรษฐกิจ,16993.00,บาท,,สำนักงานสถิติแห่งชาติ
2566,สมุทรสาคร,ค่าใช้จ่ายทั้งสิ้นต่อเดือน,รวมทั้งสิ้น,รวมทั้งสิ้น,22791.00,บาท,,สำนักงานสถิติแห่งชาติ
2566,สมุทรสาคร,ค่าใช้จ่ายทั้งสิ้นต่อเดือน,ผู้ถือครองทำการเกษตร/เพาะเลี้ยง,ปลูกพืช/เลี้ยงสัตว์/เพาะเลี้ยง_ส่วนใหญ่เป็นเจ้าของที่ดิน,24440.00,บาท,,สำนักงานสถิติแห่งชาติ
2566,สมุทรสาคร,ค่าใช้จ่ายทั้งสิ้นต่อเดือน,ผู้ถือครองทำการเกษตร/เพาะเลี้ยง,ปลูกพืช/เลี้ยงสัตว์/เพาะเลี้ยง_ส่วนใหญ่เช่าที่ดิน/ทำฟรี,25730.00,บาท,,สำนักงานสถิติแห่งชาติ
2566,สมุทรสาคร,ค่าใช้จ่ายทั้งสิ้นต่อเดือน,ผู้ถือครองทำการเกษตร/เพาะเลี้ยง,ประมงป่าไม้ล่าสัตว์หาของป่าบริการทางการเกษตร,5268.00,บาท,,สำนักงานสถิติแห่งชาติ
2566,สมุทรสาคร,ค่าใช้จ่ายทั้งสิ้นต่อเดือน,ผู้ประกอบธุรกิจของตนเองที่ไม่ใช่การเกษตร,ผู้ประกอบธุรกิจของตนเองที่ไม่ใช่การเกษตร,28271.00,บาท,,สำนักงานสถิติแห่งชาติ
2566,สมุทรสาคร,ค่าใช้จ่ายทั้งสิ้นต่อเดือน,ลูกจ้าง,ผู้จัดการนักวิชาการและผู้ปฏิบัติงานวิชาชีพ,49072.00,บาท,,สำนักงานสถิติแห่งชาติ
2566,สมุทรสาคร,ค่าใช้จ่ายทั้งสิ้นต่อเดือน,ลูกจ้าง,คนงานเกษตรป่าไม้และประมง,24290.00,บาท,,สำนักงานสถิติแห่งชาติ
2566,สมุทรสาคร,ค่าใช้จ่ายทั้งสิ้นต่อเดือน,ลูกจ้าง,คนงานด้านการขนส่งและงานพื้นฐาน,17162.00,บาท,,สำนักงานสถิติแห่งชาติ
2566,สมุทรสาคร,ค่าใช้จ่ายทั้งสิ้นต่อเดือน,ลูกจ้าง,เสมียนพนักงานขายและให้บริการ,22709.00,บาท,,สำนักงานสถิติแห่งชาติ
2566,สมุทรสาคร,ค่าใช้จ่ายทั้งสิ้นต่อเดือน,ลูกจ้าง,ผู้ปฏิบัติงานในกระบวนการผลิตก่อสร้างและเหมืองแร่,19257.00,บาท,,สำนักงานสถิติแห่งชาติ
2566,สมุทรสาคร,ค่าใช้จ่ายทั้งสิ้นต่อเดือน,ผู้ไม่ได้ปฏิบัติงานเชิงเศรษฐกิจ,ผู้ไม่ได้ปฏิบัติงานเชิงเศรษฐกิจ,14743.00,บาท,,สำนักงานสถิติแห่งชาติ
2566,สมุทรสาคร,หนี้สินเฉลี่ยต่อครัวเรือนทั้งสิ้น,รวมทั้งสิ้น,รวมทั้งสิ้น,82663.00,บาท,,สำนักงานสถิติแห่งชาติ
2566,สมุทรสาคร,หนี้สินเฉลี่ยต่อครัวเรือนทั้งสิ้น,ผู้ถือครองทำการเกษตร/เพาะเลี้ยง,ปลูกพืช/เลี้ยงสัตว์/เพาะเลี้ยง_ส่วนใหญ่เป็นเจ้าของที่ดิน,1023342.00,บาท,,สำนักงานสถิติแห่งชาติ
2566,สมุทรสาคร,หนี้สินเฉลี่ยต่อครัวเรือนทั้งสิ้น,ผู้ถือครองทำการเกษตร/เพาะเลี้ยง,ปลูกพืช/เลี้ยงสัตว์/เพาะเลี้ยง_ส่วนใหญ่เช่าที่ดิน/ทำฟรี,.00,บาท,"ศูนย์ยกกำลังดับเบิลยู หมายถึง ข้อมูลจากการสำรวจตัวอย่างมีค่าเป็น 0",สำนักงานสถิติแห่งชาติ
2566,สมุทรสาคร,หนี้สินเฉลี่ยต่อครัวเรือนทั้งสิ้น,ผู้ถือครองทำการเกษตร/เพาะเลี้ยง,ประมงป่าไม้ล่าสัตว์หาของป่าบริการทางการเกษตร,.00,บาท,"ศูนย์ยกกำลังดับเบิลยู หมายถึง ข้อมูลจากการสำรวจตัวอย่างมีค่าเป็น 0",สำนักงานสถิติแห่งชาติ
2566,สมุทรสาคร,หนี้สินเฉลี่ยต่อครัวเรือนทั้งสิ้น,ผู้ประกอบธุรกิจของตนเองที่ไม่ใช่การเกษตร,ผู้ประกอบธุรกิจของตนเองที่ไม่ใช่การเกษตร,104020.00,บาท,,สำนักงานสถิติแห่งชาติ
2566,สมุทรสาคร,หนี้สินเฉลี่ยต่อครัวเรือนทั้งสิ้น,ลูกจ้าง,ผู้จัดการนักวิชาการและผู้ปฏิบัติงานวิชาชีพ,298120.00,บาท,,สำนักงานสถิติแห่งชาติ
2566,สมุทรสาคร,หนี้สินเฉลี่ยต่อครัวเรือนทั้งสิ้น,ลูกจ้าง,คนงานเกษตรป่าไม้และประมง,.00,บาท,"ศูนย์ยกกำลังดับเบิลยู หมายถึง ข้อมูลจากการสำรวจตัวอย่างมีค่าเป็น 0",สำนักงานสถิติแห่งชาติ
2566,สมุทรสาคร,หนี้สินเฉลี่ยต่อครัวเรือนทั้งสิ้น,ลูกจ้าง,คนงานด้านการขนส่งและงานพื้นฐาน,49911.00,บาท,,สำนักงานสถิติแห่งชาติ
2566,สมุทรสาคร,หนี้สินเฉลี่ยต่อครัวเรือนทั้งสิ้น,ลูกจ้าง,เสมียนพนักงานขายและให้บริการ,72761.00,บาท,,สำนักงานสถิติแห่งชาติ
2566,สมุทรสาคร,หนี้สินเฉลี่ยต่อครัวเรือนทั้งสิ้น,ลูกจ้าง,ผู้ปฏิบัติงานในกระบวนการผลิตก่อสร้างและเหมืองแร่,64095.00,บาท,,สำนักงานสถิติแห่งชาติ
2566,สมุทรสาคร,หนี้สินเฉลี่ยต่อครัวเรือนทั้งสิ้น,ผู้ไม่ได้ปฏิบัติงานเชิงเศรษฐกิจ,ผู้ไม่ได้ปฏิบัติงานเชิงเศรษฐกิจ,.00,บาท,"ศูนย์ยกกำลังดับเบิลยู หมายถึง ข้อมูลจากการสำรวจตัวอย่างมีค่าเป็น 0",สำนักงานสถิติแห่งชาติ
2566,สมุทรสาคร,ร้อยละของค่าใช้จ่ายต่อรายได้,รวมทั้งสิ้น,รวมทั้งสิ้น,81.67,ร้อยละ,,สำนักงานสถิติแห่งชาติ
2566,สมุทรสาคร,ร้อยละของค่าใช้จ่ายต่อรายได้,ผู้ถือครองทำการเกษตร/เพาะเลี้ยง,ปลูกพืช/เลี้ยงสัตว์/เพาะเลี้ยง_ส่วนใหญ่เป็นเจ้าของที่ดิน,67.66,ร้อยละ,,สำนักงานสถิติแห่งชาติ
2566,สมุทรสาคร,ร้อยละของค่าใช้จ่ายต่อรายได้,ผู้ถือครองทำการเกษตร/เพาะเลี้ยง,ปลูกพืช/เลี้ยงสัตว์/เพาะเลี้ยง_ส่วนใหญ่เช่าที่ดิน/ทำฟรี,4285.96,ร้อยละ,,สำนักงานสถิติแห่งชาติ
2566,สมุทรสาคร,ร้อยละของค่าใช้จ่ายต่อรายได้,ผู้ถือครองทำการเกษตร/เพาะเลี้ยง,ประมงป่าไม้ล่าสัตว์หาของป่าบริการทางการเกษตร,97.50,ร้อยละ,,สำนักงานสถิติแห่งชาติ
2566,สมุทรสาคร,ร้อยละของค่าใช้จ่ายต่อรายได้,ผู้ประกอบธุรกิจของตนเองที่ไม่ใช่การเกษตร,ผู้ประกอบธุรกิจของตนเองที่ไม่ใช่การเกษตร,72.89,ร้อยละ,,สำนักงานสถิติแห่งชาติ
2566,สมุทรสาคร,ร้อยละของค่าใช้จ่ายต่อรายได้,ลูกจ้าง,ผู้จัดการนักวิชาการและผู้ปฏิบัติงานวิชาชีพ,74.54,ร้อยละ,,สำนักงานสถิติแห่งชาติ
2566,สมุทรสาคร,ร้อยละของค่าใช้จ่ายต่อรายได้,ลูกจ้าง,คนงานเกษตรป่าไม้และประมง,89.95,ร้อยละ,,สำนักงานสถิติแห่งชาติ
2566,สมุทรสาคร,ร้อยละของค่าใช้จ่ายต่อรายได้,ลูกจ้าง,คนงานด้านการขนส่งและงานพื้นฐาน,79.55,ร้อยละ,,สำนักงานสถิติแห่งชาติ
2566,สมุทรสาคร,ร้อยละของค่าใช้จ่ายต่อรายได้,ลูกจ้าง,เสมียนพนักงานขายและให้บริการ,93.87,ร้อยละ,,สำนักงานสถิติแห่งชาติ
2566,สมุทรสาคร,ร้อยละของค่าใช้จ่ายต่อรายได้,ลูกจ้าง,ผู้ปฏิบัติงานในกระบวนการผลิตก่อสร้างและเหมืองแร่,83.66,ร้อยละ,,สำนักงานสถิติแห่งชาติ
2566,สมุทรสาคร,ร้อยละของค่าใช้จ่ายต่อรายได้,ผู้ไม่ได้ปฏิบัติงานเชิงเศรษฐกิจ,ผู้ไม่ได้ปฏิบัติงานเชิงเศรษฐกิจ,86.76,ร้อยละ,,สำนักงานสถิติแห่งชาติ
2566,สมุทรสงคราม,รายได้ทั้งสิ้นต่อเดือน,รวมทั้งสิ้น,รวมทั้งสิ้น,27869.00,บาท,,สำนักงานสถิติแห่งชาติ
2566,สมุทรสงคราม,รายได้ทั้งสิ้นต่อเดือน,ผู้ถือครองทำการเกษตร/เพาะเลี้ยง,ปลูกพืช/เลี้ยงสัตว์/เพาะเลี้ยง_ส่วนใหญ่เป็นเจ้าของที่ดิน,27010.00,บาท,,สำนักงานสถิติแห่งชาติ
2566,สมุทรสงคราม,รายได้ทั้งสิ้นต่อเดือน,ผู้ถือครองทำการเกษตร/เพาะเลี้ยง,ปลูกพืช/เลี้ยงสัตว์/เพาะเลี้ยง_ส่วนใหญ่เช่าที่ดิน/ทำฟรี,11412.00,บาท,,สำนักงานสถิติแห่งชาติ
2566,สมุทรสงคราม,รายได้ทั้งสิ้นต่อเดือน,ผู้ถือครองทำการเกษตร/เพาะเลี้ยง,ประมงป่าไม้ล่าสัตว์หาของป่าบริการทางการเกษตร,23059.00,บาท,,สำนักงานสถิติแห่งชาติ
2566,สมุทรสงคราม,รายได้ทั้งสิ้นต่อเดือน,ผู้ประกอบธุรกิจของตนเองที่ไม่ใช่การเกษตร,ผู้ประกอบธุรกิจของตนเองที่ไม่ใช่การเกษตร,37042.00,บาท,,สำนักงานสถิติแห่งชาติ
2566,สมุทรสงคราม,รายได้ทั้งสิ้นต่อเดือน,ลูกจ้าง,ผู้จัดการนักวิชาการและผู้ปฏิบัติงานวิชาชีพ,48382.00,บาท,,สำนักงานสถิติแห่งชาติ
2566,สมุทรสงคราม,รายได้ทั้งสิ้นต่อเดือน,ลูกจ้าง,คนงานเกษตรป่าไม้และประมง,24428.00,บาท,,สำนักงานสถิติแห่งชาติ
2566,สมุทรสงคราม,รายได้ทั้งสิ้นต่อเดือน,ลูกจ้าง,คนงานด้านการขนส่งและงานพื้นฐาน,18222.00,บาท,,สำนักงานสถิติแห่งชาติ
2566,สมุทรสงคราม,รายได้ทั้งสิ้นต่อเดือน,ลูกจ้าง,เสมียนพนักงานขายและให้บริการ,25325.00,บาท,,สำนักงานสถิติแห่งชาติ
2566,สมุทรสงคราม,รายได้ทั้งสิ้นต่อเดือน,ลูกจ้าง,ผู้ปฏิบัติงานในกระบวนการผลิตก่อสร้างและเหมืองแร่,23259.00,บาท,,สำนักงานสถิติแห่งชาติ
2566,สมุทรสงคราม,รายได้ทั้งสิ้นต่อเดือน,ผู้ไม่ได้ปฏิบัติงานเชิงเศรษฐกิจ,ผู้ไม่ได้ปฏิบัติงานเชิงเศรษฐกิจ,21173.00,บาท,,สำนักงานสถิติแห่งชาติ
2566,สมุทรสงคราม,ค่าใช้จ่ายทั้งสิ้นต่อเดือน,รวมทั้งสิ้น,รวมทั้งสิ้น,23560.00,บาท,,สำนักงานสถิติแห่งชาติ
2566,สมุทรสงคราม,ค่าใช้จ่ายทั้งสิ้นต่อเดือน,ผู้ถือครองทำการเกษตร/เพาะเลี้ยง,ปลูกพืช/เลี้ยงสัตว์/เพาะเลี้ยง_ส่วนใหญ่เป็นเจ้าของที่ดิน,25152.00,บาท,,สำนักงานสถิติแห่งชาติ
2566,สมุทรสงคราม,ค่าใช้จ่ายทั้งสิ้นต่อเดือน,ผู้ถือครองทำการเกษตร/เพาะเลี้ยง,ปลูกพืช/เลี้ยงสัตว์/เพาะเลี้ยง_ส่วนใหญ่เช่าที่ดิน/ทำฟรี,11449.00,บาท,,สำนักงานสถิติแห่งชาติ
2566,สมุทรสงคราม,ค่าใช้จ่ายทั้งสิ้นต่อเดือน,ผู้ถือครองทำการเกษตร/เพาะเลี้ยง,ประมงป่าไม้ล่าสัตว์หาของป่าบริการทางการเกษตร,14778.00,บาท,,สำนักงานสถิติแห่งชาติ
2566,สมุทรสงคราม,ค่าใช้จ่ายทั้งสิ้นต่อเดือน,ผู้ประกอบธุรกิจของตนเองที่ไม่ใช่การเกษตร,ผู้ประกอบธุรกิจของตนเองที่ไม่ใช่การเกษตร,29727.00,บาท,,สำนักงานสถิติแห่งชาติ
2566,สมุทรสงคราม,ค่าใช้จ่ายทั้งสิ้นต่อเดือน,ลูกจ้าง,ผู้จัดการนักวิชาการและผู้ปฏิบัติงานวิชาชีพ,43525.00,บาท,,สำนักงานสถิติแห่งชาติ
2566,สมุทรสงคราม,ค่าใช้จ่ายทั้งสิ้นต่อเดือน,ลูกจ้าง,คนงานเกษตรป่าไม้และประมง,17266.00,บาท,,สำนักงานสถิติแห่งชาติ
2566,สมุทรสงคราม,ค่าใช้จ่ายทั้งสิ้นต่อเดือน,ลูกจ้าง,คนงานด้านการขนส่งและงานพื้นฐาน,14663.00,บาท,,สำนักงานสถิติแห่งชาติ
2566,สมุทรสงคราม,ค่าใช้จ่ายทั้งสิ้นต่อเดือน,ลูกจ้าง,เสมียนพนักงานขายและให้บริการ,23206.00,บาท,,สำนักงานสถิติแห่งชาติ
2566,สมุทรสงคราม,ค่าใช้จ่ายทั้งสิ้นต่อเดือน,ลูกจ้าง,ผู้ปฏิบัติงานในกระบวนการผลิตก่อสร้างและเหมืองแร่,19415.00,บาท,,สำนักงานสถิติแห่งชาติ
2566,สมุทรสงคราม,ค่าใช้จ่ายทั้งสิ้นต่อเดือน,ผู้ไม่ได้ปฏิบัติงานเชิงเศรษฐกิจ,ผู้ไม่ได้ปฏิบัติงานเชิงเศรษฐกิจ,17550.00,บาท,,สำนักงานสถิติแห่งชาติ
2566,สมุทรสงคราม,หนี้สินเฉลี่ยต่อครัวเรือนทั้งสิ้น,รวมทั้งสิ้น,รวมทั้งสิ้น,111050.00,บาท,,สำนักงานสถิติแห่งชาติ
2566,สมุทรสงคราม,หนี้สินเฉลี่ยต่อครัวเรือนทั้งสิ้น,ผู้ถือครองทำการเกษตร/เพาะเลี้ยง,ปลูกพืช/เลี้ยงสัตว์/เพาะเลี้ยง_ส่วนใหญ่เป็นเจ้าของที่ดิน,181742.00,บาท,,สำนักงานสถิติแห่งชาติ
2566,สมุทรสงคราม,หนี้สินเฉลี่ยต่อครัวเรือนทั้งสิ้น,ผู้ถือครองทำการเกษตร/เพาะเลี้ยง,ประมงป่าไม้ล่าสัตว์หาของป่าบริการทางการเกษตร,126600.00,บาท,,สำนักงานสถิติแห่งชาติ
2566,สมุทรสงคราม,หนี้สินเฉลี่ยต่อครัวเรือนทั้งสิ้น,ผู้ประกอบธุรกิจของตนเองที่ไม่ใช่การเกษตร,ผู้ประกอบธุรกิจของตนเองที่ไม่ใช่การเกษตร,160810.00,บาท,,สำนักงานสถิติแห่งชาติ
2566,สมุทรสงคราม,หนี้สินเฉลี่ยต่อครัวเรือนทั้งสิ้น,ลูกจ้าง,ผู้จัดการนักวิชาการและผู้ปฏิบัติงานวิชาชีพ,463346.00,บาท,,สำนักงานสถิติแห่งชาติ
2566,สมุทรสงคราม,หนี้สินเฉลี่ยต่อครัวเรือนทั้งสิ้น,ลูกจ้าง,คนงานเกษตรป่าไม้และประมง,14445.00,บาท,,สำนักงานสถิติแห่งชาติ
2566,สมุทรสงคราม,หนี้สินเฉลี่ยต่อครัวเรือนทั้งสิ้น,ผู้ถือครองทำการเกษตร/เพาะเลี้ยง,ปลูกพืช/เลี้ยงสัตว์/เพาะเลี้ยง_ส่วนใหญ่เช่าที่ดิน/ทำฟรี,.00,บาท,"ศูนย์ยกกำลังดับเบิลยู หมายถึง ข้อมูลจากการสำรวจตัวอย่างมีค่าเป็น 0",สำนักงานสถิติแห่งชาติ
2566,สมุทรสงคราม,หนี้สินเฉลี่ยต่อครัวเรือนทั้งสิ้น,ลูกจ้าง,คนงานด้านการขนส่งและงานพื้นฐาน,11309.00,บาท,,สำนักงานสถิติแห่งชาติ
2566,สมุทรสงคราม,หนี้สินเฉลี่ยต่อครัวเรือนทั้งสิ้น,ลูกจ้าง,เสมียนพนักงานขายและให้บริการ,53182.00,บาท,,สำนักงานสถิติแห่งชาติ
2566,สมุทรสงคราม,หนี้สินเฉลี่ยต่อครัวเรือนทั้งสิ้น,ลูกจ้าง,ผู้ปฏิบัติงานในกระบวนการผลิตก่อสร้างและเหมืองแร่,80487.00,บาท,,สำนักงานสถิติแห่งชาติ
2566,สมุทรสงคราม,หนี้สินเฉลี่ยต่อครัวเรือนทั้งสิ้น,ผู้ไม่ได้ปฏิบัติงานเชิงเศรษฐกิจ,ผู้ไม่ได้ปฏิบัติงานเชิงเศรษฐกิจ,25128.00,บาท,,สำนักงานสถิติแห่งชาติ
2566,สมุทรสงคราม,ร้อยละของค่าใช้จ่ายต่อรายได้,รวมทั้งสิ้น,รวมทั้งสิ้น,84.54,ร้อยละ,,สำนักงานสถิติแห่งชาติ
2566,สมุทรสงคราม,ร้อยละของค่าใช้จ่ายต่อรายได้,ผู้ถือครองทำการเกษตร/เพาะเลี้ยง,ปลูกพืช/เลี้ยงสัตว์/เพาะเลี้ยง_ส่วนใหญ่เป็นเจ้าของที่ดิน,93.12,ร้อยละ,,สำนักงานสถิติแห่งชาติ
2566,สมุทรสงคราม,ร้อยละของค่าใช้จ่ายต่อรายได้,ผู้ถือครองทำการเกษตร/เพาะเลี้ยง,ปลูกพืช/เลี้ยงสัตว์/เพาะเลี้ยง_ส่วนใหญ่เช่าที่ดิน/ทำฟรี,100.33,ร้อยละ,,สำนักงานสถิติแห่งชาติ
2566,สมุทรสงคราม,ร้อยละของค่าใช้จ่ายต่อรายได้,ผู้ถือครองทำการเกษตร/เพาะเลี้ยง,ประมงป่าไม้ล่าสัตว์หาของป่าบริการทางการเกษตร,64.09,ร้อยละ,,สำนักงานสถิติแห่งชาติ
2566,สมุทรสงคราม,ร้อยละของค่าใช้จ่ายต่อรายได้,ผู้ประกอบธุรกิจของตนเองที่ไม่ใช่การเกษตร,ผู้ประกอบธุรกิจของตนเองที่ไม่ใช่การเกษตร,80.25,ร้อยละ,,สำนักงานสถิติแห่งชาติ
2566,สมุทรสงคราม,ร้อยละของค่าใช้จ่ายต่อรายได้,ลูกจ้าง,ผู้จัดการนักวิชาการและผู้ปฏิบัติงานวิชาชีพ,89.96,ร้อยละ,,สำนักงานสถิติแห่งชาติ
2566,สมุทรสงคราม,ร้อยละของค่าใช้จ่ายต่อรายได้,ลูกจ้าง,คนงานเกษตรป่าไม้และประมง,70.68,ร้อยละ,,สำนักงานสถิติแห่งชาติ
2566,สมุทรสงคราม,ร้อยละของค่าใช้จ่ายต่อรายได้,ลูกจ้าง,คนงานด้านการขนส่งและงานพื้นฐาน,80.47,ร้อยละ,,สำนักงานสถิติแห่งชาติ
2566,สมุทรสงคราม,ร้อยละของค่าใช้จ่ายต่อรายได้,ลูกจ้าง,เสมียนพนักงานขายและให้บริการ,91.63,ร้อยละ,,สำนักงานสถิติแห่งชาติ
2566,สมุทรสงคราม,ร้อยละของค่าใช้จ่ายต่อรายได้,ลูกจ้าง,ผู้ปฏิบัติงานในกระบวนการผลิตก่อสร้างและเหมืองแร่,83.47,ร้อยละ,,สำนักงานสถิติแห่งชาติ
2566,สมุทรสงคราม,ร้อยละของค่าใช้จ่ายต่อรายได้,ผู้ไม่ได้ปฏิบัติงานเชิงเศรษฐกิจ,ผู้ไม่ได้ปฏิบัติงานเชิงเศรษฐกิจ,82.89,ร้อยละ,,สำนักงานสถิติแห่งชาติ
2566,เพชรบุรี,รายได้ทั้งสิ้นต่อเดือน,รวมทั้งสิ้น,รวมทั้งสิ้น,28823.00,บาท,,สำนักงานสถิติแห่งชาติ
2566,เพชรบุรี,รายได้ทั้งสิ้นต่อเดือน,ผู้ถือครองทำการเกษตร/เพาะเลี้ยง,ปลูกพืช/เลี้ยงสัตว์/เพาะเลี้ยง_ส่วนใหญ่เป็นเจ้าของที่ดิน,55981.00,บาท,,สำนักงานสถิติแห่งชาติ
2566,เพชรบุรี,รายได้ทั้งสิ้นต่อเดือน,ผู้ถือครองทำการเกษตร/เพาะเลี้ยง,ปลูกพืช/เลี้ยงสัตว์/เพาะเลี้ยง_ส่วนใหญ่เช่าที่ดิน/ทำฟรี,28570.00,บาท,,สำนักงานสถิติแห่งชาติ
2566,เพชรบุรี,รายได้ทั้งสิ้นต่อเดือน,ผู้ถือครองทำการเกษตร/เพาะเลี้ยง,ประมงป่าไม้ล่าสัตว์หาของป่าบริการทางการเกษตร,11710.00,บาท,,สำนักงานสถิติแห่งชาติ
2566,เพชรบุรี,รายได้ทั้งสิ้นต่อเดือน,ผู้ประกอบธุรกิจของตนเองที่ไม่ใช่การเกษตร,ผู้ประกอบธุรกิจของตนเองที่ไม่ใช่การเกษตร,34651.00,บาท,,สำนักงานสถิติแห่งชาติ
2566,เพชรบุรี,รายได้ทั้งสิ้นต่อเดือน,ลูกจ้าง,ผู้จัดการนักวิชาการและผู้ปฏิบัติงานวิชาชีพ,49973.00,บาท,,สำนักงานสถิติแห่งชาติ
2566,เพชรบุรี,รายได้ทั้งสิ้นต่อเดือน,ลูกจ้าง,คนงานเกษตรป่าไม้และประมง,19679.00,บาท,,สำนักงานสถิติแห่งชาติ
2566,เพชรบุรี,รายได้ทั้งสิ้นต่อเดือน,ลูกจ้าง,คนงานด้านการขนส่งและงานพื้นฐาน,18306.00,บาท,,สำนักงานสถิติแห่งชาติ
2566,เพชรบุรี,รายได้ทั้งสิ้นต่อเดือน,ลูกจ้าง,เสมียนพนักงานขายและให้บริการ,26017.00,บาท,,สำนักงานสถิติแห่งชาติ
2566,เพชรบุรี,รายได้ทั้งสิ้นต่อเดือน,ลูกจ้าง,ผู้ปฏิบัติงานในกระบวนการผลิตก่อสร้างและเหมืองแร่,21697.00,บาท,,สำนักงานสถิติแห่งชาติ
2566,เพชรบุรี,รายได้ทั้งสิ้นต่อเดือน,ผู้ไม่ได้ปฏิบัติงานเชิงเศรษฐกิจ,ผู้ไม่ได้ปฏิบัติงานเชิงเศรษฐกิจ,21203.00,บาท,,สำนักงานสถิติแห่งชาติ
2566,เพชรบุรี,ค่าใช้จ่ายทั้งสิ้นต่อเดือน,รวมทั้งสิ้น,รวมทั้งสิ้น,23040.00,บาท,,สำนักงานสถิติแห่งชาติ
2566,เพชรบุรี,ค่าใช้จ่ายทั้งสิ้นต่อเดือน,ผู้ถือครองทำการเกษตร/เพาะเลี้ยง,ปลูกพืช/เลี้ยงสัตว์/เพาะเลี้ยง_ส่วนใหญ่เป็นเจ้าของที่ดิน,27487.00,บาท,,สำนักงานสถิติแห่งชาติ
2566,เพชรบุรี,ค่าใช้จ่ายทั้งสิ้นต่อเดือน,ผู้ถือครองทำการเกษตร/เพาะเลี้ยง,ปลูกพืช/เลี้ยงสัตว์/เพาะเลี้ยง_ส่วนใหญ่เช่าที่ดิน/ทำฟรี,20268.00,บาท,,สำนักงานสถิติแห่งชาติ
2566,เพชรบุรี,ค่าใช้จ่ายทั้งสิ้นต่อเดือน,ผู้ถือครองทำการเกษตร/เพาะเลี้ยง,ประมงป่าไม้ล่าสัตว์หาของป่าบริการทางการเกษตร,9395.00,บาท,,สำนักงานสถิติแห่งชาติ
2566,เพชรบุรี,ค่าใช้จ่ายทั้งสิ้นต่อเดือน,ผู้ประกอบธุรกิจของตนเองที่ไม่ใช่การเกษตร,ผู้ประกอบธุรกิจของตนเองที่ไม่ใช่การเกษตร,23631.00,บาท,,สำนักงานสถิติแห่งชาติ
2566,เพชรบุรี,ค่าใช้จ่ายทั้งสิ้นต่อเดือน,ลูกจ้าง,ผู้จัดการนักวิชาการและผู้ปฏิบัติงานวิชาชีพ,43718.00,บาท,,สำนักงานสถิติแห่งชาติ
2566,เพชรบุรี,ค่าใช้จ่ายทั้งสิ้นต่อเดือน,ลูกจ้าง,คนงานเกษตรป่าไม้และประมง,16880.00,บาท,,สำนักงานสถิติแห่งชาติ
2566,เพชรบุรี,ค่าใช้จ่ายทั้งสิ้นต่อเดือน,ลูกจ้าง,คนงานด้านการขนส่งและงานพื้นฐาน,17728.00,บาท,,สำนักงานสถิติแห่งชาติ
2566,เพชรบุรี,ค่าใช้จ่ายทั้งสิ้นต่อเดือน,ลูกจ้าง,เสมียนพนักงานขายและให้บริการ,22987.00,บาท,,สำนักงานสถิติแห่งชาติ
2566,เพชรบุรี,ค่าใช้จ่ายทั้งสิ้นต่อเดือน,ลูกจ้าง,ผู้ปฏิบัติงานในกระบวนการผลิตก่อสร้างและเหมืองแร่,18960.00,บาท,,สำนักงานสถิติแห่งชาติ
2566,เพชรบุรี,ค่าใช้จ่ายทั้งสิ้นต่อเดือน,ผู้ไม่ได้ปฏิบัติงานเชิงเศรษฐกิจ,ผู้ไม่ได้ปฏิบัติงานเชิงเศรษฐกิจ,19191.00,บาท,,สำนักงานสถิติแห่งชาติ
2566,เพชรบุรี,หนี้สินเฉลี่ยต่อครัวเรือนทั้งสิ้น,รวมทั้งสิ้น,รวมทั้งสิ้น,190746.00,บาท,,สำนักงานสถิติแห่งชาติ
2566,เพชรบุรี,หนี้สินเฉลี่ยต่อครัวเรือนทั้งสิ้น,ผู้ถือครองทำการเกษตร/เพาะเลี้ยง,ปลูกพืช/เลี้ยงสัตว์/เพาะเลี้ยง_ส่วนใหญ่เป็นเจ้าของที่ดิน,396234.00,บาท,,สำนักงานสถิติแห่งชาติ
2566,เพชรบุรี,หนี้สินเฉลี่ยต่อครัวเรือนทั้งสิ้น,ผู้ถือครองทำการเกษตร/เพาะเลี้ยง,ปลูกพืช/เลี้ยงสัตว์/เพาะเลี้ยง_ส่วนใหญ่เช่าที่ดิน/ทำฟรี,314474.00,บาท,,สำนักงานสถิติแห่งชาติ
2566,เพชรบุรี,หนี้สินเฉลี่ยต่อครัวเรือนทั้งสิ้น,ผู้ถือครองทำการเกษตร/เพาะเลี้ยง,ประมงป่าไม้ล่าสัตว์หาของป่าบริการทางการเกษตร,14205.00,บาท,,สำนักงานสถิติแห่งชาติ
2566,เพชรบุรี,หนี้สินเฉลี่ยต่อครัวเรือนทั้งสิ้น,ผู้ประกอบธุรกิจของตนเองที่ไม่ใช่การเกษตร,ผู้ประกอบธุรกิจของตนเองที่ไม่ใช่การเกษตร,202524.00,บาท,,สำนักงานสถิติแห่งชาติ
2566,เพชรบุรี,หนี้สินเฉลี่ยต่อครัวเรือนทั้งสิ้น,ลูกจ้าง,ผู้จัดการนักวิชาการและผู้ปฏิบัติงานวิชาชีพ,674652.00,บาท,,สำนักงานสถิติแห่งชาติ
2566,เพชรบุรี,หนี้สินเฉลี่ยต่อครัวเรือนทั้งสิ้น,ลูกจ้าง,คนงานเกษตรป่าไม้และประมง,19163.00,บาท,,สำนักงานสถิติแห่งชาติ
2566,เพชรบุรี,หนี้สินเฉลี่ยต่อครัวเรือนทั้งสิ้น,ลูกจ้าง,คนงานด้านการขนส่งและงานพื้นฐาน,74636.00,บาท,,สำนักงานสถิติแห่งชาติ
2566,เพชรบุรี,หนี้สินเฉลี่ยต่อครัวเรือนทั้งสิ้น,ลูกจ้าง,เสมียนพนักงานขายและให้บริการ,180804.00,บาท,,สำนักงานสถิติแห่งชาติ
2566,เพชรบุรี,หนี้สินเฉลี่ยต่อครัวเรือนทั้งสิ้น,ลูกจ้าง,ผู้ปฏิบัติงานในกระบวนการผลิตก่อสร้างและเหมืองแร่,42022.00,บาท,,สำนักงานสถิติแห่งชาติ
2566,เพชรบุรี,หนี้สินเฉลี่ยต่อครัวเรือนทั้งสิ้น,ผู้ไม่ได้ปฏิบัติงานเชิงเศรษฐกิจ,ผู้ไม่ได้ปฏิบัติงานเชิงเศรษฐกิจ,87959.00,บาท,,สำนักงานสถิติแห่งชาติ
2566,เพชรบุรี,ร้อยละของค่าใช้จ่ายต่อรายได้,รวมทั้งสิ้น,รวมทั้งสิ้น,79.94,ร้อยละ,,สำนักงานสถิติแห่งชาติ
2566,เพชรบุรี,ร้อยละของค่าใช้จ่ายต่อรายได้,ผู้ถือครองทำการเกษตร/เพาะเลี้ยง,ปลูกพืช/เลี้ยงสัตว์/เพาะเลี้ยง_ส่วนใหญ่เป็นเจ้าของที่ดิน,49.10,ร้อยละ,,สำนักงานสถิติแห่งชาติ
2566,เพชรบุรี,ร้อยละของค่าใช้จ่ายต่อรายได้,ผู้ถือครองทำการเกษตร/เพาะเลี้ยง,ปลูกพืช/เลี้ยงสัตว์/เพาะเลี้ยง_ส่วนใหญ่เช่าที่ดิน/ทำฟรี,70.94,ร้อยละ,,สำนักงานสถิติแห่งชาติ
2566,เพชรบุรี,ร้อยละของค่าใช้จ่ายต่อรายได้,ผู้ถือครองทำการเกษตร/เพาะเลี้ยง,ประมงป่าไม้ล่าสัตว์หาของป่าบริการทางการเกษตร,80.23,ร้อยละ,,สำนักงานสถิติแห่งชาติ
2566,เพชรบุรี,ร้อยละของค่าใช้จ่ายต่อรายได้,ผู้ประกอบธุรกิจของตนเองที่ไม่ใช่การเกษตร,ผู้ประกอบธุรกิจของตนเองที่ไม่ใช่การเกษตร,68.20,ร้อยละ,,สำนักงานสถิติแห่งชาติ
2566,เพชรบุรี,ร้อยละของค่าใช้จ่ายต่อรายได้,ลูกจ้าง,ผู้จัดการนักวิชาการและผู้ปฏิบัติงานวิชาชีพ,87.48,ร้อยละ,,สำนักงานสถิติแห่งชาติ
2566,เพชรบุรี,ร้อยละของค่าใช้จ่ายต่อรายได้,ลูกจ้าง,คนงานเกษตรป่าไม้และประมง,85.77,ร้อยละ,,สำนักงานสถิติแห่งชาติ
2566,เพชรบุรี,ร้อยละของค่าใช้จ่ายต่อรายได้,ลูกจ้าง,คนงานด้านการขนส่งและงานพื้นฐาน,96.84,ร้อยละ,,สำนักงานสถิติแห่งชาติ
2566,เพชรบุรี,ร้อยละของค่าใช้จ่ายต่อรายได้,ลูกจ้าง,เสมียนพนักงานขายและให้บริการ,88.35,ร้อยละ,,สำนักงานสถิติแห่งชาติ
2566,เพชรบุรี,ร้อยละของค่าใช้จ่ายต่อรายได้,ลูกจ้าง,ผู้ปฏิบัติงานในกระบวนการผลิตก่อสร้างและเหมืองแร่,87.38,ร้อยละ,,สำนักงานสถิติแห่งชาติ
2566,เพชรบุรี,ร้อยละของค่าใช้จ่ายต่อรายได้,ผู้ไม่ได้ปฏิบัติงานเชิงเศรษฐกิจ,ผู้ไม่ได้ปฏิบัติงานเชิงเศรษฐกิจ,90.51,ร้อยละ,,สำนักงานสถิติแห่งชาติ
2566,ประจวบคีรีขันธ์,รายได้ทั้งสิ้นต่อเดือน,รวมทั้งสิ้น,รวมทั้งสิ้น,26010.00,บาท,,สำนักงานสถิติแห่งชาติ
2566,ประจวบคีรีขันธ์,รายได้ทั้งสิ้นต่อเดือน,ผู้ถือครองทำการเกษตร/เพาะเลี้ยง,ปลูกพืช/เลี้ยงสัตว์/เพาะเลี้ยง_ส่วนใหญ่เป็นเจ้าของที่ดิน,33465.00,บาท,,สำนักงานสถิติแห่งชาติ
2566,ประจวบคีรีขันธ์,รายได้ทั้งสิ้นต่อเดือน,ผู้ถือครองทำการเกษตร/เพาะเลี้ยง,ปลูกพืช/เลี้ยงสัตว์/เพาะเลี้ยง_ส่วนใหญ่เช่าที่ดิน/ทำฟรี,24186.00,บาท,,สำนักงานสถิติแห่งชาติ
2566,ประจวบคีรีขันธ์,รายได้ทั้งสิ้นต่อเดือน,ผู้ถือครองทำการเกษตร/เพาะเลี้ยง,ประมงป่าไม้ล่าสัตว์หาของป่าบริการทางการเกษตร,14449.00,บาท,,สำนักงานสถิติแห่งชาติ
2566,ประจวบคีรีขันธ์,รายได้ทั้งสิ้นต่อเดือน,ผู้ประกอบธุรกิจของตนเองที่ไม่ใช่การเกษตร,ผู้ประกอบธุรกิจของตนเองที่ไม่ใช่การเกษตร,27114.00,บาท,,สำนักงานสถิติแห่งชาติ
2566,ประจวบคีรีขันธ์,รายได้ทั้งสิ้นต่อเดือน,ลูกจ้าง,ผู้จัดการนักวิชาการและผู้ปฏิบัติงานวิชาชีพ,47224.00,บาท,,สำนักงานสถิติแห่งชาติ
2566,ประจวบคีรีขันธ์,รายได้ทั้งสิ้นต่อเดือน,ลูกจ้าง,คนงานเกษตรป่าไม้และประมง,14125.00,บาท,,สำนักงานสถิติแห่งชาติ
2566,ประจวบคีรีขันธ์,รายได้ทั้งสิ้นต่อเดือน,ลูกจ้าง,คนงานด้านการขนส่งและงานพื้นฐาน,20335.00,บาท,,สำนักงานสถิติแห่งชาติ
2566,ประจวบคีรีขันธ์,รายได้ทั้งสิ้นต่อเดือน,ลูกจ้าง,เสมียนพนักงานขายและให้บริการ,24786.00,บาท,,สำนักงานสถิติแห่งชาติ
2566,ประจวบคีรีขันธ์,รายได้ทั้งสิ้นต่อเดือน,ลูกจ้าง,ผู้ปฏิบัติงานในกระบวนการผลิตก่อสร้างและเหมืองแร่,18860.00,บาท,,สำนักงานสถิติแห่งชาติ
2566,ประจวบคีรีขันธ์,รายได้ทั้งสิ้นต่อเดือน,ผู้ไม่ได้ปฏิบัติงานเชิงเศรษฐกิจ,ผู้ไม่ได้ปฏิบัติงานเชิงเศรษฐกิจ,21932.00,บาท,,สำนักงานสถิติแห่งชาติ
2566,ประจวบคีรีขันธ์,ค่าใช้จ่ายทั้งสิ้นต่อเดือน,รวมทั้งสิ้น,รวมทั้งสิ้น,21654.00,บาท,,สำนักงานสถิติแห่งชาติ
2566,ประจวบคีรีขันธ์,ค่าใช้จ่ายทั้งสิ้นต่อเดือน,ผู้ถือครองทำการเกษตร/เพาะเลี้ยง,ปลูกพืช/เลี้ยงสัตว์/เพาะเลี้ยง_ส่วนใหญ่เป็นเจ้าของที่ดิน,20054.00,บาท,,สำนักงานสถิติแห่งชาติ
2566,ประจวบคีรีขันธ์,ค่าใช้จ่ายทั้งสิ้นต่อเดือน,ผู้ถือครองทำการเกษตร/เพาะเลี้ยง,ปลูกพืช/เลี้ยงสัตว์/เพาะเลี้ยง_ส่วนใหญ่เช่าที่ดิน/ทำฟรี,100076.00,บาท,,สำนักงานสถิติแห่งชาติ
2566,ประจวบคีรีขันธ์,ค่าใช้จ่ายทั้งสิ้นต่อเดือน,ผู้ถือครองทำการเกษตร/เพาะเลี้ยง,ประมงป่าไม้ล่าสัตว์หาของป่าบริการทางการเกษตร,16670.00,บาท,,สำนักงานสถิติแห่งชาติ
2566,ประจวบคีรีขันธ์,ค่าใช้จ่ายทั้งสิ้นต่อเดือน,ผู้ประกอบธุรกิจของตนเองที่ไม่ใช่การเกษตร,ผู้ประกอบธุรกิจของตนเองที่ไม่ใช่การเกษตร,22444.00,บาท,,สำนักงานสถิติแห่งชาติ
2566,ประจวบคีรีขันธ์,ค่าใช้จ่ายทั้งสิ้นต่อเดือน,ลูกจ้าง,ผู้จัดการนักวิชาการและผู้ปฏิบัติงานวิชาชีพ,37528.00,บาท,,สำนักงานสถิติแห่งชาติ
2566,ประจวบคีรีขันธ์,ค่าใช้จ่ายทั้งสิ้นต่อเดือน,ลูกจ้าง,คนงานเกษตรป่าไม้และประมง,12922.00,บาท,,สำนักงานสถิติแห่งชาติ
2566,ประจวบคีรีขันธ์,ค่าใช้จ่ายทั้งสิ้นต่อเดือน,ลูกจ้าง,คนงานด้านการขนส่งและงานพื้นฐาน,24870.00,บาท,,สำนักงานสถิติแห่งชาติ
2566,ประจวบคีรีขันธ์,ค่าใช้จ่ายทั้งสิ้นต่อเดือน,ลูกจ้าง,เสมียนพนักงานขายและให้บริการ,20545.00,บาท,,สำนักงานสถิติแห่งชาติ
2566,ประจวบคีรีขันธ์,ค่าใช้จ่ายทั้งสิ้นต่อเดือน,ลูกจ้าง,ผู้ปฏิบัติงานในกระบวนการผลิตก่อสร้างและเหมืองแร่,17004.00,บาท,,สำนักงานสถิติแห่งชาติ
2566,ประจวบคีรีขันธ์,ค่าใช้จ่ายทั้งสิ้นต่อเดือน,ผู้ไม่ได้ปฏิบัติงานเชิงเศรษฐกิจ,ผู้ไม่ได้ปฏิบัติงานเชิงเศรษฐกิจ,18484.00,บาท,,สำนักงานสถิติแห่งชาติ
2566,ประจวบคีรีขันธ์,หนี้สินเฉลี่ยต่อครัวเรือนทั้งสิ้น,รวมทั้งสิ้น,รวมทั้งสิ้น,132584.00,บาท,,สำนักงานสถิติแห่งชาติ
2566,ประจวบคีรีขันธ์,หนี้สินเฉลี่ยต่อครัวเรือนทั้งสิ้น,ผู้ถือครองทำการเกษตร/เพาะเลี้ยง,ปลูกพืช/เลี้ยงสัตว์/เพาะเลี้ยง_ส่วนใหญ่เป็นเจ้าของที่ดิน,131821.00,บาท,,สำนักงานสถิติแห่งชาติ
2566,ประจวบคีรีขันธ์,หนี้สินเฉลี่ยต่อครัวเรือนทั้งสิ้น,ผู้ถือครองทำการเกษตร/เพาะเลี้ยง,ปลูกพืช/เลี้ยงสัตว์/เพาะเลี้ยง_ส่วนใหญ่เช่าที่ดิน/ทำฟรี,302220.00,บาท,,สำนักงานสถิติแห่งชาติ
2566,ประจวบคีรีขันธ์,หนี้สินเฉลี่ยต่อครัวเรือนทั้งสิ้น,ผู้ถือครองทำการเกษตร/เพาะเลี้ยง,ประมงป่าไม้ล่าสัตว์หาของป่าบริการทางการเกษตร,279266.00,บาท,,สำนักงานสถิติแห่งชาติ
2566,ประจวบคีรีขันธ์,หนี้สินเฉลี่ยต่อครัวเรือนทั้งสิ้น,ผู้ประกอบธุรกิจของตนเองที่ไม่ใช่การเกษตร,ผู้ประกอบธุรกิจของตนเองที่ไม่ใช่การเกษตร,155526.00,บาท,,สำนักงานสถิติแห่งชาติ
2566,ประจวบคีรีขันธ์,หนี้สินเฉลี่ยต่อครัวเรือนทั้งสิ้น,ลูกจ้าง,ผู้จัดการนักวิชาการและผู้ปฏิบัติงานวิชาชีพ,383765.00,บาท,,สำนักงานสถิติแห่งชาติ
2566,ประจวบคีรีขันธ์,หนี้สินเฉลี่ยต่อครัวเรือนทั้งสิ้น,ลูกจ้าง,คนงานเกษตรป่าไม้และประมง,20296.00,บาท,,สำนักงานสถิติแห่งชาติ
2566,ประจวบคีรีขันธ์,หนี้สินเฉลี่ยต่อครัวเรือนทั้งสิ้น,ลูกจ้าง,คนงานด้านการขนส่งและงานพื้นฐาน,127705.00,บาท,,สำนักงานสถิติแห่งชาติ
2566,ประจวบคีรีขันธ์,หนี้สินเฉลี่ยต่อครัวเรือนทั้งสิ้น,ลูกจ้าง,เสมียนพนักงานขายและให้บริการ,118491.00,บาท,,สำนักงานสถิติแห่งชาติ
2566,ประจวบคีรีขันธ์,หนี้สินเฉลี่ยต่อครัวเรือนทั้งสิ้น,ลูกจ้าง,ผู้ปฏิบัติงานในกระบวนการผลิตก่อสร้างและเหมืองแร่,33605.00,บาท,,สำนักงานสถิติแห่งชาติ
2566,ประจวบคีรีขันธ์,หนี้สินเฉลี่ยต่อครัวเรือนทั้งสิ้น,ผู้ไม่ได้ปฏิบัติงานเชิงเศรษฐกิจ,ผู้ไม่ได้ปฏิบัติงานเชิงเศรษฐกิจ,94489.00,บาท,,สำนักงานสถิติแห่งชาติ
2566,ประจวบคีรีขันธ์,ร้อยละของค่าใช้จ่ายต่อรายได้,รวมทั้งสิ้น,รวมทั้งสิ้น,83.25,ร้อยละ,,สำนักงานสถิติแห่งชาติ
2566,ประจวบคีรีขันธ์,ร้อยละของค่าใช้จ่ายต่อรายได้,ผู้ถือครองทำการเกษตร/เพาะเลี้ยง,ปลูกพืช/เลี้ยงสัตว์/เพาะเลี้ยง_ส่วนใหญ่เป็นเจ้าของที่ดิน,59.92,ร้อยละ,,สำนักงานสถิติแห่งชาติ
2566,ประจวบคีรีขันธ์,ร้อยละของค่าใช้จ่ายต่อรายได้,ผู้ถือครองทำการเกษตร/เพาะเลี้ยง,ปลูกพืช/เลี้ยงสัตว์/เพาะเลี้ยง_ส่วนใหญ่เช่าที่ดิน/ทำฟรี,413.78,ร้อยละ,,สำนักงานสถิติแห่งชาติ
2566,ประจวบคีรีขันธ์,ร้อยละของค่าใช้จ่ายต่อรายได้,ผู้ถือครองทำการเกษตร/เพาะเลี้ยง,ประมงป่าไม้ล่าสัตว์หาของป่าบริการทางการเกษตร,115.37,ร้อยละ,,สำนักงานสถิติแห่งชาติ
2566,ประจวบคีรีขันธ์,ร้อยละของค่าใช้จ่ายต่อรายได้,ผู้ประกอบธุรกิจของตนเองที่ไม่ใช่การเกษตร,ผู้ประกอบธุรกิจของตนเองที่ไม่ใช่การเกษตร,82.78,ร้อยละ,,สำนักงานสถิติแห่งชาติ
2566,ประจวบคีรีขันธ์,ร้อยละของค่าใช้จ่ายต่อรายได้,ลูกจ้าง,ผู้จัดการนักวิชาการและผู้ปฏิบัติงานวิชาชีพ,79.47,ร้อยละ,,สำนักงานสถิติแห่งชาติ
2566,ประจวบคีรีขันธ์,ร้อยละของค่าใช้จ่ายต่อรายได้,ลูกจ้าง,คนงานเกษตรป่าไม้และประมง,91.49,ร้อยละ,,สำนักงานสถิติแห่งชาติ
2566,ประจวบคีรีขันธ์,ร้อยละของค่าใช้จ่ายต่อรายได้,ลูกจ้าง,คนงานด้านการขนส่งและงานพื้นฐาน,122.30,ร้อยละ,,สำนักงานสถิติแห่งชาติ
2566,ประจวบคีรีขันธ์,ร้อยละของค่าใช้จ่ายต่อรายได้,ลูกจ้าง,เสมียนพนักงานขายและให้บริการ,82.89,ร้อยละ,,สำนักงานสถิติแห่งชาติ
2566,ประจวบคีรีขันธ์,ร้อยละของค่าใช้จ่ายต่อรายได้,ลูกจ้าง,ผู้ปฏิบัติงานในกระบวนการผลิตก่อสร้างและเหมืองแร่,90.16,ร้อยละ,,สำนักงานสถิติแห่งชาติ
2566,ประจวบคีรีขันธ์,ร้อยละของค่าใช้จ่ายต่อรายได้,ผู้ไม่ได้ปฏิบัติงานเชิงเศรษฐกิจ,ผู้ไม่ได้ปฏิบัติงานเชิงเศรษฐกิจ,84.28,ร้อยละ,,สำนักงานสถิติแห่งชาติ
2566,นครศรีธรรมราช,รายได้ทั้งสิ้นต่อเดือน,รวมทั้งสิ้น,รวมทั้งสิ้น,33414.00,บาท,,สำนักงานสถิติแห่งชาติ
2566,นครศรีธรรมราช,รายได้ทั้งสิ้นต่อเดือน,ผู้ถือครองทำการเกษตร/เพาะเลี้ยง,ปลูกพืช/เลี้ยงสัตว์/เพาะเลี้ยง_ส่วนใหญ่เป็นเจ้าของที่ดิน,35997.00,บาท,,สำนักงานสถิติแห่งชาติ
2566,นครศรีธรรมราช,รายได้ทั้งสิ้นต่อเดือน,ผู้ถือครองทำการเกษตร/เพาะเลี้ยง,ปลูกพืช/เลี้ยงสัตว์/เพาะเลี้ยง_ส่วนใหญ่เช่าที่ดิน/ทำฟรี,38679.00,บาท,,สำนักงานสถิติแห่งชาติ
2566,นครศรีธรรมราช,รายได้ทั้งสิ้นต่อเดือน,ผู้ถือครองทำการเกษตร/เพาะเลี้ยง,ประมงป่าไม้ล่าสัตว์หาของป่าบริการทางการเกษตร,23185.00,บาท,,สำนักงานสถิติแห่งชาติ
2566,นครศรีธรรมราช,รายได้ทั้งสิ้นต่อเดือน,ผู้ประกอบธุรกิจของตนเองที่ไม่ใช่การเกษตร,ผู้ประกอบธุรกิจของตนเองที่ไม่ใช่การเกษตร,57308.00,บาท,,สำนักงานสถิติแห่งชาติ
2566,นครศรีธรรมราช,รายได้ทั้งสิ้นต่อเดือน,ลูกจ้าง,ผู้จัดการนักวิชาการและผู้ปฏิบัติงานวิชาชีพ,61980.00,บาท,,สำนักงานสถิติแห่งชาติ
2566,นครศรีธรรมราช,รายได้ทั้งสิ้นต่อเดือน,ลูกจ้าง,คนงานเกษตรป่าไม้และประมง,16139.00,บาท,,สำนักงานสถิติแห่งชาติ
2566,นครศรีธรรมราช,รายได้ทั้งสิ้นต่อเดือน,ลูกจ้าง,คนงานด้านการขนส่งและงานพื้นฐาน,16058.00,บาท,,สำนักงานสถิติแห่งชาติ
2566,นครศรีธรรมราช,รายได้ทั้งสิ้นต่อเดือน,ลูกจ้าง,เสมียนพนักงานขายและให้บริการ,26611.00,บาท,,สำนักงานสถิติแห่งชาติ
2566,นครศรีธรรมราช,รายได้ทั้งสิ้นต่อเดือน,ลูกจ้าง,ผู้ปฏิบัติงานในกระบวนการผลิตก่อสร้างและเหมืองแร่,24236.00,บาท,,สำนักงานสถิติแห่งชาติ
2566,นครศรีธรรมราช,รายได้ทั้งสิ้นต่อเดือน,ผู้ไม่ได้ปฏิบัติงานเชิงเศรษฐกิจ,ผู้ไม่ได้ปฏิบัติงานเชิงเศรษฐกิจ,18086.00,บาท,,สำนักงานสถิติแห่งชาติ
2566,นครศรีธรรมราช,ค่าใช้จ่ายทั้งสิ้นต่อเดือน,รวมทั้งสิ้น,รวมทั้งสิ้น,23069.00,บาท,,สำนักงานสถิติแห่งชาติ
2566,นครศรีธรรมราช,ค่าใช้จ่ายทั้งสิ้นต่อเดือน,ผู้ถือครองทำการเกษตร/เพาะเลี้ยง,ปลูกพืช/เลี้ยงสัตว์/เพาะเลี้ยง_ส่วนใหญ่เป็นเจ้าของที่ดิน,22238.00,บาท,,สำนักงานสถิติแห่งชาติ
2566,นครศรีธรรมราช,ค่าใช้จ่ายทั้งสิ้นต่อเดือน,ผู้ถือครองทำการเกษตร/เพาะเลี้ยง,ปลูกพืช/เลี้ยงสัตว์/เพาะเลี้ยง_ส่วนใหญ่เช่าที่ดิน/ทำฟรี,19073.00,บาท,,สำนักงานสถิติแห่งชาติ
2566,นครศรีธรรมราช,ค่าใช้จ่ายทั้งสิ้นต่อเดือน,ผู้ถือครองทำการเกษตร/เพาะเลี้ยง,ประมงป่าไม้ล่าสัตว์หาของป่าบริการทางการเกษตร,14407.00,บาท,,สำนักงานสถิติแห่งชาติ
2566,นครศรีธรรมราช,ค่าใช้จ่ายทั้งสิ้นต่อเดือน,ผู้ประกอบธุรกิจของตนเองที่ไม่ใช่การเกษตร,ผู้ประกอบธุรกิจของตนเองที่ไม่ใช่การเกษตร,27339.00,บาท,,สำนักงานสถิติแห่งชาติ
2566,นครศรีธรรมราช,ค่าใช้จ่ายทั้งสิ้นต่อเดือน,ลูกจ้าง,ผู้จัดการนักวิชาการและผู้ปฏิบัติงานวิชาชีพ,48333.00,บาท,,สำนักงานสถิติแห่งชาติ
2566,นครศรีธรรมราช,ค่าใช้จ่ายทั้งสิ้นต่อเดือน,ลูกจ้าง,คนงานเกษตรป่าไม้และประมง,14870.00,บาท,,สำนักงานสถิติแห่งชาติ
2566,นครศรีธรรมราช,ค่าใช้จ่ายทั้งสิ้นต่อเดือน,ลูกจ้าง,คนงานด้านการขนส่งและงานพื้นฐาน,14499.00,บาท,,สำนักงานสถิติแห่งชาติ
2566,นครศรีธรรมราช,ค่าใช้จ่ายทั้งสิ้นต่อเดือน,ลูกจ้าง,เสมียนพนักงานขายและให้บริการ,23268.00,บาท,,สำนักงานสถิติแห่งชาติ
2566,นครศรีธรรมราช,ค่าใช้จ่ายทั้งสิ้นต่อเดือน,ลูกจ้าง,ผู้ปฏิบัติงานในกระบวนการผลิตก่อสร้างและเหมืองแร่,21716.00,บาท,,สำนักงานสถิติแห่งชาติ
2566,นครศรีธรรมราช,ค่าใช้จ่ายทั้งสิ้นต่อเดือน,ผู้ไม่ได้ปฏิบัติงานเชิงเศรษฐกิจ,ผู้ไม่ได้ปฏิบัติงานเชิงเศรษฐกิจ,16167.00,บาท,,สำนักงานสถิติแห่งชาติ
2566,นครศรีธรรมราช,หนี้สินเฉลี่ยต่อครัวเรือนทั้งสิ้น,รวมทั้งสิ้น,รวมทั้งสิ้น,268956.00,บาท,,สำนักงานสถิติแห่งชาติ
2566,นครศรีธรรมราช,หนี้สินเฉลี่ยต่อครัวเรือนทั้งสิ้น,ผู้ถือครองทำการเกษตร/เพาะเลี้ยง,ปลูกพืช/เลี้ยงสัตว์/เพาะเลี้ยง_ส่วนใหญ่เป็นเจ้าของที่ดิน,163397.00,บาท,,สำนักงานสถิติแห่งชาติ
2566,นครศรีธรรมราช,หนี้สินเฉลี่ยต่อครัวเรือนทั้งสิ้น,ผู้ถือครองทำการเกษตร/เพาะเลี้ยง,ปลูกพืช/เลี้ยงสัตว์/เพาะเลี้ยง_ส่วนใหญ่เช่าที่ดิน/ทำฟรี,.00,บาท,"ศูนย์ยกกำลังดับเบิลยู หมายถึง ข้อมูลจากการสำรวจตัวอย่างมีค่าเป็น 0",สำนักงานสถิติแห่งชาติ
2566,นครศรีธรรมราช,หนี้สินเฉลี่ยต่อครัวเรือนทั้งสิ้น,ผู้ถือครองทำการเกษตร/เพาะเลี้ยง,ประมงป่าไม้ล่าสัตว์หาของป่าบริการทางการเกษตร,198883.00,บาท,,สำนักงานสถิติแห่งชาติ
2566,นครศรีธรรมราช,หนี้สินเฉลี่ยต่อครัวเรือนทั้งสิ้น,ผู้ประกอบธุรกิจของตนเองที่ไม่ใช่การเกษตร,ผู้ประกอบธุรกิจของตนเองที่ไม่ใช่การเกษตร,404504.00,บาท,,สำนักงานสถิติแห่งชาติ
2566,นครศรีธรรมราช,หนี้สินเฉลี่ยต่อครัวเรือนทั้งสิ้น,ลูกจ้าง,ผู้จัดการนักวิชาการและผู้ปฏิบัติงานวิชาชีพ,1119089.00,บาท,,สำนักงานสถิติแห่งชาติ
2566,นครศรีธรรมราช,หนี้สินเฉลี่ยต่อครัวเรือนทั้งสิ้น,ลูกจ้าง,คนงานเกษตรป่าไม้และประมง,60352.00,บาท,,สำนักงานสถิติแห่งชาติ
2566,นครศรีธรรมราช,หนี้สินเฉลี่ยต่อครัวเรือนทั้งสิ้น,ลูกจ้าง,คนงานด้านการขนส่งและงานพื้นฐาน,94905.00,บาท,,สำนักงานสถิติแห่งชาติ
2566,นครศรีธรรมราช,หนี้สินเฉลี่ยต่อครัวเรือนทั้งสิ้น,ลูกจ้าง,เสมียนพนักงานขายและให้บริการ,276032.00,บาท,,สำนักงานสถิติแห่งชาติ
2566,นครศรีธรรมราช,หนี้สินเฉลี่ยต่อครัวเรือนทั้งสิ้น,ลูกจ้าง,ผู้ปฏิบัติงานในกระบวนการผลิตก่อสร้างและเหมืองแร่,228312.00,บาท,,สำนักงานสถิติแห่งชาติ
2566,นครศรีธรรมราช,หนี้สินเฉลี่ยต่อครัวเรือนทั้งสิ้น,ผู้ไม่ได้ปฏิบัติงานเชิงเศรษฐกิจ,ผู้ไม่ได้ปฏิบัติงานเชิงเศรษฐกิจ,60237.00,บาท,,สำนักงานสถิติแห่งชาติ
2566,นครศรีธรรมราช,ร้อยละของค่าใช้จ่ายต่อรายได้,รวมทั้งสิ้น,รวมทั้งสิ้น,69.04,ร้อยละ,,สำนักงานสถิติแห่งชาติ
2566,นครศรีธรรมราช,ร้อยละของค่าใช้จ่ายต่อรายได้,ผู้ถือครองทำการเกษตร/เพาะเลี้ยง,ปลูกพืช/เลี้ยงสัตว์/เพาะเลี้ยง_ส่วนใหญ่เป็นเจ้าของที่ดิน,61.78,ร้อยละ,,สำนักงานสถิติแห่งชาติ
2566,นครศรีธรรมราช,ร้อยละของค่าใช้จ่ายต่อรายได้,ผู้ถือครองทำการเกษตร/เพาะเลี้ยง,ปลูกพืช/เลี้ยงสัตว์/เพาะเลี้ยง_ส่วนใหญ่เช่าที่ดิน/ทำฟรี,49.31,ร้อยละ,,สำนักงานสถิติแห่งชาติ
2566,นครศรีธรรมราช,ร้อยละของค่าใช้จ่ายต่อรายได้,ผู้ถือครองทำการเกษตร/เพาะเลี้ยง,ประมงป่าไม้ล่าสัตว์หาของป่าบริการทางการเกษตร,62.14,ร้อยละ,,สำนักงานสถิติแห่งชาติ
2566,นครศรีธรรมราช,ร้อยละของค่าใช้จ่ายต่อรายได้,ผู้ประกอบธุรกิจของตนเองที่ไม่ใช่การเกษตร,ผู้ประกอบธุรกิจของตนเองที่ไม่ใช่การเกษตร,47.71,ร้อยละ,,สำนักงานสถิติแห่งชาติ
2566,นครศรีธรรมราช,ร้อยละของค่าใช้จ่ายต่อรายได้,ลูกจ้าง,ผู้จัดการนักวิชาการและผู้ปฏิบัติงานวิชาชีพ,77.98,ร้อยละ,,สำนักงานสถิติแห่งชาติ
2566,นครศรีธรรมราช,ร้อยละของค่าใช้จ่ายต่อรายได้,ลูกจ้าง,คนงานเกษตรป่าไม้และประมง,92.14,ร้อยละ,,สำนักงานสถิติแห่งชาติ
2566,นครศรีธรรมราช,ร้อยละของค่าใช้จ่ายต่อรายได้,ลูกจ้าง,คนงานด้านการขนส่งและงานพื้นฐาน,90.29,ร้อยละ,,สำนักงานสถิติแห่งชาติ
2566,นครศรีธรรมราช,ร้อยละของค่าใช้จ่ายต่อรายได้,ลูกจ้าง,เสมียนพนักงานขายและให้บริการ,87.44,ร้อยละ,,สำนักงานสถิติแห่งชาติ
2566,นครศรีธรรมราช,ร้อยละของค่าใช้จ่ายต่อรายได้,ลูกจ้าง,ผู้ปฏิบัติงานในกระบวนการผลิตก่อสร้างและเหมืองแร่,89.60,ร้อยละ,,สำนักงานสถิติแห่งชาติ
2566,นครศรีธรรมราช,ร้อยละของค่าใช้จ่ายต่อรายได้,ผู้ไม่ได้ปฏิบัติงานเชิงเศรษฐกิจ,ผู้ไม่ได้ปฏิบัติงานเชิงเศรษฐกิจ,89.39,ร้อยละ,,สำนักงานสถิติแห่งชาติ
2566,กระบี่,รายได้ทั้งสิ้นต่อเดือน,รวมทั้งสิ้น,รวมทั้งสิ้น,28360.00,บาท,,สำนักงานสถิติแห่งชาติ
2566,กระบี่,รายได้ทั้งสิ้นต่อเดือน,ผู้ถือครองทำการเกษตร/เพาะเลี้ยง,ปลูกพืช/เลี้ยงสัตว์/เพาะเลี้ยง_ส่วนใหญ่เป็นเจ้าของที่ดิน,30934.00,บาท,,สำนักงานสถิติแห่งชาติ
2566,กระบี่,รายได้ทั้งสิ้นต่อเดือน,ผู้ถือครองทำการเกษตร/เพาะเลี้ยง,ปลูกพืช/เลี้ยงสัตว์/เพาะเลี้ยง_ส่วนใหญ่เช่าที่ดิน/ทำฟรี,.00,บาท,"ศูนย์ยกกำลังดับเบิลยู หมายถึง ข้อมูลจากการสำรวจตัวอย่างมีค่าเป็น 0",สำนักงานสถิติแห่งชาติ
2566,กระบี่,รายได้ทั้งสิ้นต่อเดือน,ผู้ถือครองทำการเกษตร/เพาะเลี้ยง,ประมงป่าไม้ล่าสัตว์หาของป่าบริการทางการเกษตร,14969.00,บาท,,สำนักงานสถิติแห่งชาติ
2566,กระบี่,รายได้ทั้งสิ้นต่อเดือน,ผู้ประกอบธุรกิจของตนเองที่ไม่ใช่การเกษตร,ผู้ประกอบธุรกิจของตนเองที่ไม่ใช่การเกษตร,31978.00,บาท,,สำนักงานสถิติแห่งชาติ
2566,กระบี่,รายได้ทั้งสิ้นต่อเดือน,ลูกจ้าง,ผู้จัดการนักวิชาการและผู้ปฏิบัติงานวิชาชีพ,52555.00,บาท,,สำนักงานสถิติแห่งชาติ
2566,กระบี่,รายได้ทั้งสิ้นต่อเดือน,ลูกจ้าง,คนงานเกษตรป่าไม้และประมง,16300.00,บาท,,สำนักงานสถิติแห่งชาติ
2566,กระบี่,รายได้ทั้งสิ้นต่อเดือน,ลูกจ้าง,คนงานด้านการขนส่งและงานพื้นฐาน,21537.00,บาท,,สำนักงานสถิติแห่งชาติ
2566,กระบี่,รายได้ทั้งสิ้นต่อเดือน,ลูกจ้าง,เสมียนพนักงานขายและให้บริการ,28623.00,บาท,,สำนักงานสถิติแห่งชาติ
2566,กระบี่,รายได้ทั้งสิ้นต่อเดือน,ลูกจ้าง,ผู้ปฏิบัติงานในกระบวนการผลิตก่อสร้างและเหมืองแร่,20281.00,บาท,,สำนักงานสถิติแห่งชาติ
2566,กระบี่,รายได้ทั้งสิ้นต่อเดือน,ผู้ไม่ได้ปฏิบัติงานเชิงเศรษฐกิจ,ผู้ไม่ได้ปฏิบัติงานเชิงเศรษฐกิจ,19866.00,บาท,,สำนักงานสถิติแห่งชาติ
2566,กระบี่,ค่าใช้จ่ายทั้งสิ้นต่อเดือน,รวมทั้งสิ้น,รวมทั้งสิ้น,24537.00,บาท,,สำนักงานสถิติแห่งชาติ
2566,กระบี่,ค่าใช้จ่ายทั้งสิ้นต่อเดือน,ผู้ถือครองทำการเกษตร/เพาะเลี้ยง,ปลูกพืช/เลี้ยงสัตว์/เพาะเลี้ยง_ส่วนใหญ่เป็นเจ้าของที่ดิน,26521.00,บาท,,สำนักงานสถิติแห่งชาติ
2566,กระบี่,ค่าใช้จ่ายทั้งสิ้นต่อเดือน,ผู้ถือครองทำการเกษตร/เพาะเลี้ยง,ประมงป่าไม้ล่าสัตว์หาของป่าบริการทางการเกษตร,16360.00,บาท,,สำนักงานสถิติแห่งชาติ
2566,กระบี่,ค่าใช้จ่ายทั้งสิ้นต่อเดือน,ผู้ถือครองทำการเกษตร/เพาะเลี้ยง,ปลูกพืช/เลี้ยงสัตว์/เพาะเลี้ยง_ส่วนใหญ่เช่าที่ดิน/ทำฟรี,.00,บาท,"ศูนย์ยกกำลังดับเบิลยู หมายถึง ข้อมูลจากการสำรวจตัวอย่างมีค่าเป็น 0",สำนักงานสถิติแห่งชาติ
2566,กระบี่,ค่าใช้จ่ายทั้งสิ้นต่อเดือน,ผู้ประกอบธุรกิจของตนเองที่ไม่ใช่การเกษตร,ผู้ประกอบธุรกิจของตนเองที่ไม่ใช่การเกษตร,28270.00,บาท,,สำนักงานสถิติแห่งชาติ
2566,กระบี่,ค่าใช้จ่ายทั้งสิ้นต่อเดือน,ลูกจ้าง,ผู้จัดการนักวิชาการและผู้ปฏิบัติงานวิชาชีพ,40904.00,บาท,,สำนักงานสถิติแห่งชาติ
2566,กระบี่,ค่าใช้จ่ายทั้งสิ้นต่อเดือน,ลูกจ้าง,คนงานเกษตรป่าไม้และประมง,16470.00,บาท,,สำนักงานสถิติแห่งชาติ
2566,กระบี่,ค่าใช้จ่ายทั้งสิ้นต่อเดือน,ลูกจ้าง,คนงานด้านการขนส่งและงานพื้นฐาน,18288.00,บาท,,สำนักงานสถิติแห่งชาติ
2566,กระบี่,ค่าใช้จ่ายทั้งสิ้นต่อเดือน,ลูกจ้าง,เสมียนพนักงานขายและให้บริการ,25936.00,บาท,,สำนักงานสถิติแห่งชาติ
2566,กระบี่,ค่าใช้จ่ายทั้งสิ้นต่อเดือน,ลูกจ้าง,ผู้ปฏิบัติงานในกระบวนการผลิตก่อสร้างและเหมืองแร่,16768.00,บาท,,สำนักงานสถิติแห่งชาติ
2566,กระบี่,ค่าใช้จ่ายทั้งสิ้นต่อเดือน,ผู้ไม่ได้ปฏิบัติงานเชิงเศรษฐกิจ,ผู้ไม่ได้ปฏิบัติงานเชิงเศรษฐกิจ,16214.00,บาท,,สำนักงานสถิติแห่งชาติ
2566,กระบี่,หนี้สินเฉลี่ยต่อครัวเรือนทั้งสิ้น,รวมทั้งสิ้น,รวมทั้งสิ้น,314717.00,บาท,,สำนักงานสถิติแห่งชาติ
2566,กระบี่,หนี้สินเฉลี่ยต่อครัวเรือนทั้งสิ้น,ผู้ถือครองทำการเกษตร/เพาะเลี้ยง,ปลูกพืช/เลี้ยงสัตว์/เพาะเลี้ยง_ส่วนใหญ่เป็นเจ้าของที่ดิน,215830.00,บาท,,สำนักงานสถิติแห่งชาติ
2566,กระบี่,หนี้สินเฉลี่ยต่อครัวเรือนทั้งสิ้น,ผู้ถือครองทำการเกษตร/เพาะเลี้ยง,ปลูกพืช/เลี้ยงสัตว์/เพาะเลี้ยง_ส่วนใหญ่เช่าที่ดิน/ทำฟรี,.00,บาท,"ศูนย์ยกกำลังดับเบิลยู หมายถึง ข้อมูลจากการสำรวจตัวอย่างมีค่าเป็น 0",สำนักงานสถิติแห่งชาติ
2566,กระบี่,หนี้สินเฉลี่ยต่อครัวเรือนทั้งสิ้น,ผู้ถือครองทำการเกษตร/เพาะเลี้ยง,ประมงป่าไม้ล่าสัตว์หาของป่าบริการทางการเกษตร,142391.00,บาท,,สำนักงานสถิติแห่งชาติ
2566,กระบี่,หนี้สินเฉลี่ยต่อครัวเรือนทั้งสิ้น,ผู้ประกอบธุรกิจของตนเองที่ไม่ใช่การเกษตร,ผู้ประกอบธุรกิจของตนเองที่ไม่ใช่การเกษตร,419297.00,บาท,,สำนักงานสถิติแห่งชาติ
2566,กระบี่,หนี้สินเฉลี่ยต่อครัวเรือนทั้งสิ้น,ลูกจ้าง,ผู้จัดการนักวิชาการและผู้ปฏิบัติงานวิชาชีพ,943394.00,บาท,,สำนักงานสถิติแห่งชาติ
2566,กระบี่,หนี้สินเฉลี่ยต่อครัวเรือนทั้งสิ้น,ลูกจ้าง,คนงานเกษตรป่าไม้และประมง,77285.00,บาท,,สำนักงานสถิติแห่งชาติ
2566,กระบี่,หนี้สินเฉลี่ยต่อครัวเรือนทั้งสิ้น,ลูกจ้าง,คนงานด้านการขนส่งและงานพื้นฐาน,121500.00,บาท,,สำนักงานสถิติแห่งชาติ
2566,กระบี่,หนี้สินเฉลี่ยต่อครัวเรือนทั้งสิ้น,ลูกจ้าง,เสมียนพนักงานขายและให้บริการ,418974.00,บาท,,สำนักงานสถิติแห่งชาติ
2566,กระบี่,หนี้สินเฉลี่ยต่อครัวเรือนทั้งสิ้น,ลูกจ้าง,ผู้ปฏิบัติงานในกระบวนการผลิตก่อสร้างและเหมืองแร่,52868.00,บาท,,สำนักงานสถิติแห่งชาติ
2566,กระบี่,หนี้สินเฉลี่ยต่อครัวเรือนทั้งสิ้น,ผู้ไม่ได้ปฏิบัติงานเชิงเศรษฐกิจ,ผู้ไม่ได้ปฏิบัติงานเชิงเศรษฐกิจ,211340.00,บาท,,สำนักงานสถิติแห่งชาติ
2566,กระบี่,ร้อยละของค่าใช้จ่ายต่อรายได้,รวมทั้งสิ้น,รวมทั้งสิ้น,86.52,ร้อยละ,,สำนักงานสถิติแห่งชาติ
2566,กระบี่,ร้อยละของค่าใช้จ่ายต่อรายได้,ผู้ถือครองทำการเกษตร/เพาะเลี้ยง,ปลูกพืช/เลี้ยงสัตว์/เพาะเลี้ยง_ส่วนใหญ่เป็นเจ้าของที่ดิน,85.73,ร้อยละ,,สำนักงานสถิติแห่งชาติ
2566,กระบี่,ร้อยละของค่าใช้จ่ายต่อรายได้,ผู้ถือครองทำการเกษตร/เพาะเลี้ยง,ปลูกพืช/เลี้ยงสัตว์/เพาะเลี้ยง_ส่วนใหญ่เช่าที่ดิน/ทำฟรี,.00,ร้อยละ,"ศูนย์จุดศูนย์ศูนย์ยกกำลังดับเบิลยู หมายถึง ข้อมูลจากการสำรวจตัวอย่างมีค่าเป็น 0",สำนักงานสถิติแห่งชาติ
2566,กระบี่,ร้อยละของค่าใช้จ่ายต่อรายได้,ผู้ถือครองทำการเกษตร/เพาะเลี้ยง,ประมงป่าไม้ล่าสัตว์หาของป่าบริการทางการเกษตร,109.30,ร้อยละ,,สำนักงานสถิติแห่งชาติ
2566,กระบี่,ร้อยละของค่าใช้จ่ายต่อรายได้,ผู้ประกอบธุรกิจของตนเองที่ไม่ใช่การเกษตร,ผู้ประกอบธุรกิจของตนเองที่ไม่ใช่การเกษตร,88.40,ร้อยละ,,สำนักงานสถิติแห่งชาติ
2566,กระบี่,ร้อยละของค่าใช้จ่ายต่อรายได้,ลูกจ้าง,ผู้จัดการนักวิชาการและผู้ปฏิบัติงานวิชาชีพ,77.83,ร้อยละ,,สำนักงานสถิติแห่งชาติ
2566,กระบี่,ร้อยละของค่าใช้จ่ายต่อรายได้,ลูกจ้าง,คนงานเกษตรป่าไม้และประมง,101.04,ร้อยละ,,สำนักงานสถิติแห่งชาติ
2566,กระบี่,ร้อยละของค่าใช้จ่ายต่อรายได้,ลูกจ้าง,คนงานด้านการขนส่งและงานพื้นฐาน,84.92,ร้อยละ,,สำนักงานสถิติแห่งชาติ
2566,กระบี่,ร้อยละของค่าใช้จ่ายต่อรายได้,ลูกจ้าง,เสมียนพนักงานขายและให้บริการ,90.61,ร้อยละ,,สำนักงานสถิติแห่งชาติ
2566,กระบี่,ร้อยละของค่าใช้จ่ายต่อรายได้,ลูกจ้าง,ผู้ปฏิบัติงานในกระบวนการผลิตก่อสร้างและเหมืองแร่,82.68,ร้อยละ,,สำนักงานสถิติแห่งชาติ
2566,กระบี่,ร้อยละของค่าใช้จ่ายต่อรายได้,ผู้ไม่ได้ปฏิบัติงานเชิงเศรษฐกิจ,ผู้ไม่ได้ปฏิบัติงานเชิงเศรษฐกิจ,81.61,ร้อยละ,,สำนักงานสถิติแห่งชาติ
2566,พังงา,รายได้ทั้งสิ้นต่อเดือน,รวมทั้งสิ้น,รวมทั้งสิ้น,22143.00,บาท,,สำนักงานสถิติแห่งชาติ
2566,พังงา,รายได้ทั้งสิ้นต่อเดือน,ผู้ถือครองทำการเกษตร/เพาะเลี้ยง,ปลูกพืช/เลี้ยงสัตว์/เพาะเลี้ยง_ส่วนใหญ่เป็นเจ้าของที่ดิน,22496.00,บาท,,สำนักงานสถิติแห่งชาติ
2566,พังงา,รายได้ทั้งสิ้นต่อเดือน,ผู้ถือครองทำการเกษตร/เพาะเลี้ยง,ปลูกพืช/เลี้ยงสัตว์/เพาะเลี้ยง_ส่วนใหญ่เช่าที่ดิน/ทำฟรี,.00,บาท,"ศูนย์ยกกำลังดับเบิลยู หมายถึง ข้อมูลจากการสำรวจตัวอย่างมีค่าเป็น 0",สำนักงานสถิติแห่งชาติ
2566,พังงา,รายได้ทั้งสิ้นต่อเดือน,ผู้ถือครองทำการเกษตร/เพาะเลี้ยง,ประมงป่าไม้ล่าสัตว์หาของป่าบริการทางการเกษตร,17713.00,บาท,,สำนักงานสถิติแห่งชาติ
2566,พังงา,รายได้ทั้งสิ้นต่อเดือน,ผู้ประกอบธุรกิจของตนเองที่ไม่ใช่การเกษตร,ผู้ประกอบธุรกิจของตนเองที่ไม่ใช่การเกษตร,29351.00,บาท,,สำนักงานสถิติแห่งชาติ
2566,พังงา,รายได้ทั้งสิ้นต่อเดือน,ลูกจ้าง,ผู้จัดการนักวิชาการและผู้ปฏิบัติงานวิชาชีพ,44104.00,บาท,,สำนักงานสถิติแห่งชาติ
2566,พังงา,รายได้ทั้งสิ้นต่อเดือน,ลูกจ้าง,คนงานเกษตรป่าไม้และประมง,14989.00,บาท,,สำนักงานสถิติแห่งชาติ
2566,พังงา,รายได้ทั้งสิ้นต่อเดือน,ลูกจ้าง,คนงานด้านการขนส่งและงานพื้นฐาน,13865.00,บาท,,สำนักงานสถิติแห่งชาติ
2566,พังงา,รายได้ทั้งสิ้นต่อเดือน,ลูกจ้าง,เสมียนพนักงานขายและให้บริการ,24484.00,บาท,,สำนักงานสถิติแห่งชาติ
2566,พังงา,รายได้ทั้งสิ้นต่อเดือน,ลูกจ้าง,ผู้ปฏิบัติงานในกระบวนการผลิตก่อสร้างและเหมืองแร่,26318.00,บาท,,สำนักงานสถิติแห่งชาติ
2566,พังงา,รายได้ทั้งสิ้นต่อเดือน,ผู้ไม่ได้ปฏิบัติงานเชิงเศรษฐกิจ,ผู้ไม่ได้ปฏิบัติงานเชิงเศรษฐกิจ,14626.00,บาท,,สำนักงานสถิติแห่งชาติ
2566,พังงา,ค่าใช้จ่ายทั้งสิ้นต่อเดือน,รวมทั้งสิ้น,รวมทั้งสิ้น,20007.00,บาท,,สำนักงานสถิติแห่งชาติ
2566,พังงา,ค่าใช้จ่ายทั้งสิ้นต่อเดือน,ผู้ถือครองทำการเกษตร/เพาะเลี้ยง,ปลูกพืช/เลี้ยงสัตว์/เพาะเลี้ยง_ส่วนใหญ่เป็นเจ้าของที่ดิน,22640.00,บาท,,สำนักงานสถิติแห่งชาติ
2566,พังงา,ค่าใช้จ่ายทั้งสิ้นต่อเดือน,ผู้ถือครองทำการเกษตร/เพาะเลี้ยง,ปลูกพืช/เลี้ยงสัตว์/เพาะเลี้ยง_ส่วนใหญ่เช่าที่ดิน/ทำฟรี,.00,บาท,"ศูนย์ยกกำลังดับเบิลยู หมายถึง ข้อมูลจากการสำรวจตัวอย่างมีค่าเป็น 0",สำนักงานสถิติแห่งชาติ
2566,พังงา,ค่าใช้จ่ายทั้งสิ้นต่อเดือน,ผู้ถือครองทำการเกษตร/เพาะเลี้ยง,ประมงป่าไม้ล่าสัตว์หาของป่าบริการทางการเกษตร,16955.00,บาท,,สำนักงานสถิติแห่งชาติ
2566,พังงา,ค่าใช้จ่ายทั้งสิ้นต่อเดือน,ผู้ประกอบธุรกิจของตนเองที่ไม่ใช่การเกษตร,ผู้ประกอบธุรกิจของตนเองที่ไม่ใช่การเกษตร,25569.00,บาท,,สำนักงานสถิติแห่งชาติ
2566,พังงา,ค่าใช้จ่ายทั้งสิ้นต่อเดือน,ลูกจ้าง,ผู้จัดการนักวิชาการและผู้ปฏิบัติงานวิชาชีพ,32729.00,บาท,,สำนักงานสถิติแห่งชาติ
2566,พังงา,ค่าใช้จ่ายทั้งสิ้นต่อเดือน,ลูกจ้าง,คนงานเกษตรป่าไม้และประมง,14910.00,บาท,,สำนักงานสถิติแห่งชาติ
2566,พังงา,ค่าใช้จ่ายทั้งสิ้นต่อเดือน,ลูกจ้าง,คนงานด้านการขนส่งและงานพื้นฐาน,12680.00,บาท,,สำนักงานสถิติแห่งชาติ
2566,พังงา,ค่าใช้จ่ายทั้งสิ้นต่อเดือน,ลูกจ้าง,เสมียนพนักงานขายและให้บริการ,21704.00,บาท,,สำนักงานสถิติแห่งชาติ
2566,พังงา,ค่าใช้จ่ายทั้งสิ้นต่อเดือน,ลูกจ้าง,ผู้ปฏิบัติงานในกระบวนการผลิตก่อสร้างและเหมืองแร่,18339.00,บาท,,สำนักงานสถิติแห่งชาติ
2566,พังงา,ค่าใช้จ่ายทั้งสิ้นต่อเดือน,ผู้ไม่ได้ปฏิบัติงานเชิงเศรษฐกิจ,ผู้ไม่ได้ปฏิบัติงานเชิงเศรษฐกิจ,14802.00,บาท,,สำนักงานสถิติแห่งชาติ
2566,พังงา,หนี้สินเฉลี่ยต่อครัวเรือนทั้งสิ้น,รวมทั้งสิ้น,รวมทั้งสิ้น,121819.00,บาท,,สำนักงานสถิติแห่งชาติ
2566,พังงา,หนี้สินเฉลี่ยต่อครัวเรือนทั้งสิ้น,ผู้ถือครองทำการเกษตร/เพาะเลี้ยง,ปลูกพืช/เลี้ยงสัตว์/เพาะเลี้ยง_ส่วนใหญ่เป็นเจ้าของที่ดิน,50818.00,บาท,,สำนักงานสถิติแห่งชาติ
2566,พังงา,หนี้สินเฉลี่ยต่อครัวเรือนทั้งสิ้น,ผู้ถือครองทำการเกษตร/เพาะเลี้ยง,ปลูกพืช/เลี้ยงสัตว์/เพาะเลี้ยง_ส่วนใหญ่เช่าที่ดิน/ทำฟรี,.00,บาท,"ศูนย์ยกกำลังดับเบิลยู หมายถึง ข้อมูลจากการสำรวจตัวอย่างมีค่าเป็น 0",สำนักงานสถิติแห่งชาติ
2566,พังงา,หนี้สินเฉลี่ยต่อครัวเรือนทั้งสิ้น,ผู้ถือครองทำการเกษตร/เพาะเลี้ยง,ประมงป่าไม้ล่าสัตว์หาของป่าบริการทางการเกษตร,47571.00,บาท,,สำนักงานสถิติแห่งชาติ
2566,พังงา,หนี้สินเฉลี่ยต่อครัวเรือนทั้งสิ้น,ผู้ประกอบธุรกิจของตนเองที่ไม่ใช่การเกษตร,ผู้ประกอบธุรกิจของตนเองที่ไม่ใช่การเกษตร,429811.00,บาท,,สำนักงานสถิติแห่งชาติ
2566,พังงา,หนี้สินเฉลี่ยต่อครัวเรือนทั้งสิ้น,ลูกจ้าง,ผู้จัดการนักวิชาการและผู้ปฏิบัติงานวิชาชีพ,162152.00,บาท,,สำนักงานสถิติแห่งชาติ
2566,พังงา,หนี้สินเฉลี่ยต่อครัวเรือนทั้งสิ้น,ลูกจ้าง,คนงานเกษตรป่าไม้และประมง,19256.00,บาท,,สำนักงานสถิติแห่งชาติ
2566,พังงา,หนี้สินเฉลี่ยต่อครัวเรือนทั้งสิ้น,ลูกจ้าง,คนงานด้านการขนส่งและงานพื้นฐาน,568.00,บาท,,สำนักงานสถิติแห่งชาติ
2566,พังงา,หนี้สินเฉลี่ยต่อครัวเรือนทั้งสิ้น,ลูกจ้าง,เสมียนพนักงานขายและให้บริการ,95385.00,บาท,,สำนักงานสถิติแห่งชาติ
2566,พังงา,หนี้สินเฉลี่ยต่อครัวเรือนทั้งสิ้น,ลูกจ้าง,ผู้ปฏิบัติงานในกระบวนการผลิตก่อสร้างและเหมืองแร่,60606.00,บาท,,สำนักงานสถิติแห่งชาติ
2566,พังงา,หนี้สินเฉลี่ยต่อครัวเรือนทั้งสิ้น,ผู้ไม่ได้ปฏิบัติงานเชิงเศรษฐกิจ,ผู้ไม่ได้ปฏิบัติงานเชิงเศรษฐกิจ,28550.00,บาท,,สำนักงานสถิติแห่งชาติ
2566,พังงา,ร้อยละของค่าใช้จ่ายต่อรายได้,รวมทั้งสิ้น,รวมทั้งสิ้น,90.35,ร้อยละ,,สำนักงานสถิติแห่งชาติ
2566,พังงา,ร้อยละของค่าใช้จ่ายต่อรายได้,ผู้ถือครองทำการเกษตร/เพาะเลี้ยง,ปลูกพืช/เลี้ยงสัตว์/เพาะเลี้ยง_ส่วนใหญ่เป็นเจ้าของที่ดิน,100.64,ร้อยละ,,สำนักงานสถิติแห่งชาติ
2566,พังงา,ร้อยละของค่าใช้จ่ายต่อรายได้,ผู้ถือครองทำการเกษตร/เพาะเลี้ยง,ปลูกพืช/เลี้ยงสัตว์/เพาะเลี้ยง_ส่วนใหญ่เช่าที่ดิน/ทำฟรี,.00,ร้อยละ,"ศูนย์จุดศูนย์ศูนย์ยกกำลังดับเบิลยู หมายถึง ข้อมูลจากการสำรวจตัวอย่างมีค่าเป็น 0",สำนักงานสถิติแห่งชาติ
2566,พังงา,ร้อยละของค่าใช้จ่ายต่อรายได้,ผู้ถือครองทำการเกษตร/เพาะเลี้ยง,ประมงป่าไม้ล่าสัตว์หาของป่าบริการทางการเกษตร,95.72,ร้อยละ,,สำนักงานสถิติแห่งชาติ
2566,พังงา,ร้อยละของค่าใช้จ่ายต่อรายได้,ผู้ประกอบธุรกิจของตนเองที่ไม่ใช่การเกษตร,ผู้ประกอบธุรกิจของตนเองที่ไม่ใช่การเกษตร,87.11,ร้อยละ,,สำนักงานสถิติแห่งชาติ
2566,พังงา,ร้อยละของค่าใช้จ่ายต่อรายได้,ลูกจ้าง,ผู้จัดการนักวิชาการและผู้ปฏิบัติงานวิชาชีพ,74.21,ร้อยละ,,สำนักงานสถิติแห่งชาติ
2566,พังงา,ร้อยละของค่าใช้จ่ายต่อรายได้,ลูกจ้าง,คนงานเกษตรป่าไม้และประมง,99.47,ร้อยละ,,สำนักงานสถิติแห่งชาติ
2566,พังงา,ร้อยละของค่าใช้จ่ายต่อรายได้,ลูกจ้าง,คนงานด้านการขนส่งและงานพื้นฐาน,91.46,ร้อยละ,,สำนักงานสถิติแห่งชาติ
2566,พังงา,ร้อยละของค่าใช้จ่ายต่อรายได้,ลูกจ้าง,เสมียนพนักงานขายและให้บริการ,88.64,ร้อยละ,,สำนักงานสถิติแห่งชาติ
2566,พังงา,ร้อยละของค่าใช้จ่ายต่อรายได้,ลูกจ้าง,ผู้ปฏิบัติงานในกระบวนการผลิตก่อสร้างและเหมืองแร่,69.68,ร้อยละ,,สำนักงานสถิติแห่งชาติ
2566,พังงา,ร้อยละของค่าใช้จ่ายต่อรายได้,ผู้ไม่ได้ปฏิบัติงานเชิงเศรษฐกิจ,ผู้ไม่ได้ปฏิบัติงานเชิงเศรษฐกิจ,101.21,ร้อยละ,,สำนักงานสถิติแห่งชาติ
2566,ภูเก็ต,รายได้ทั้งสิ้นต่อเดือน,รวมทั้งสิ้น,รวมทั้งสิ้น,41865.00,บาท,,สำนักงานสถิติแห่งชาติ
2566,ภูเก็ต,รายได้ทั้งสิ้นต่อเดือน,ผู้ถือครองทำการเกษตร/เพาะเลี้ยง,ปลูกพืช/เลี้ยงสัตว์/เพาะเลี้ยง_ส่วนใหญ่เป็นเจ้าของที่ดิน,47358.00,บาท,,สำนักงานสถิติแห่งชาติ
2566,ภูเก็ต,รายได้ทั้งสิ้นต่อเดือน,ผู้ถือครองทำการเกษตร/เพาะเลี้ยง,ประมงป่าไม้ล่าสัตว์หาของป่าบริการทางการเกษตร,20130.00,บาท,,สำนักงานสถิติแห่งชาติ
2566,ภูเก็ต,รายได้ทั้งสิ้นต่อเดือน,ผู้ประกอบธุรกิจของตนเองที่ไม่ใช่การเกษตร,ผู้ประกอบธุรกิจของตนเองที่ไม่ใช่การเกษตร,45410.00,บาท,,สำนักงานสถิติแห่งชาติ
2566,ภูเก็ต,รายได้ทั้งสิ้นต่อเดือน,ลูกจ้าง,ผู้จัดการนักวิชาการและผู้ปฏิบัติงานวิชาชีพ,62143.00,บาท,,สำนักงานสถิติแห่งชาติ
2566,ภูเก็ต,รายได้ทั้งสิ้นต่อเดือน,ลูกจ้าง,คนงานเกษตรป่าไม้และประมง,36593.00,บาท,,สำนักงานสถิติแห่งชาติ
2566,ภูเก็ต,รายได้ทั้งสิ้นต่อเดือน,ลูกจ้าง,คนงานด้านการขนส่งและงานพื้นฐาน,27115.00,บาท,,สำนักงานสถิติแห่งชาติ
2566,ภูเก็ต,รายได้ทั้งสิ้นต่อเดือน,ผู้ถือครองทำการเกษตร/เพาะเลี้ยง,ปลูกพืช/เลี้ยงสัตว์/เพาะเลี้ยง_ส่วนใหญ่เช่าที่ดิน/ทำฟรี,.00,บาท,"ศูนย์ยกกำลังดับเบิลยู หมายถึง ข้อมูลจากการสำรวจตัวอย่างมีค่าเป็น 0",สำนักงานสถิติแห่งชาติ
2566,ภูเก็ต,รายได้ทั้งสิ้นต่อเดือน,ลูกจ้าง,เสมียนพนักงานขายและให้บริการ,34662.00,บาท,,สำนักงานสถิติแห่งชาติ
2566,ภูเก็ต,รายได้ทั้งสิ้นต่อเดือน,ลูกจ้าง,ผู้ปฏิบัติงานในกระบวนการผลิตก่อสร้างและเหมืองแร่,29715.00,บาท,,สำนักงานสถิติแห่งชาติ
2566,ภูเก็ต,รายได้ทั้งสิ้นต่อเดือน,ผู้ไม่ได้ปฏิบัติงานเชิงเศรษฐกิจ,ผู้ไม่ได้ปฏิบัติงานเชิงเศรษฐกิจ,42764.00,บาท,,สำนักงานสถิติแห่งชาติ
2566,ภูเก็ต,ค่าใช้จ่ายทั้งสิ้นต่อเดือน,รวมทั้งสิ้น,รวมทั้งสิ้น,38941.00,บาท,,สำนักงานสถิติแห่งชาติ
2566,ภูเก็ต,ค่าใช้จ่ายทั้งสิ้นต่อเดือน,ผู้ถือครองทำการเกษตร/เพาะเลี้ยง,ปลูกพืช/เลี้ยงสัตว์/เพาะเลี้ยง_ส่วนใหญ่เป็นเจ้าของที่ดิน,47521.00,บาท,,สำนักงานสถิติแห่งชาติ
2566,ภูเก็ต,ค่าใช้จ่ายทั้งสิ้นต่อเดือน,ผู้ถือครองทำการเกษตร/เพาะเลี้ยง,ปลูกพืช/เลี้ยงสัตว์/เพาะเลี้ยง_ส่วนใหญ่เช่าที่ดิน/ทำฟรี,.00,บาท,"ศูนย์ยกกำลังดับเบิลยู หมายถึง ข้อมูลจากการสำรวจตัวอย่างมีค่าเป็น 0",สำนักงานสถิติแห่งชาติ
2566,ภูเก็ต,ค่าใช้จ่ายทั้งสิ้นต่อเดือน,ผู้ถือครองทำการเกษตร/เพาะเลี้ยง,ประมงป่าไม้ล่าสัตว์หาของป่าบริการทางการเกษตร,21050.00,บาท,,สำนักงานสถิติแห่งชาติ
2566,ภูเก็ต,ค่าใช้จ่ายทั้งสิ้นต่อเดือน,ผู้ประกอบธุรกิจของตนเองที่ไม่ใช่การเกษตร,ผู้ประกอบธุรกิจของตนเองที่ไม่ใช่การเกษตร,41890.00,บาท,,สำนักงานสถิติแห่งชาติ
2566,ภูเก็ต,ค่าใช้จ่ายทั้งสิ้นต่อเดือน,ลูกจ้าง,ผู้จัดการนักวิชาการและผู้ปฏิบัติงานวิชาชีพ,56212.00,บาท,,สำนักงานสถิติแห่งชาติ
2566,ภูเก็ต,ค่าใช้จ่ายทั้งสิ้นต่อเดือน,ลูกจ้าง,คนงานเกษตรป่าไม้และประมง,32986.00,บาท,,สำนักงานสถิติแห่งชาติ
2566,ภูเก็ต,ค่าใช้จ่ายทั้งสิ้นต่อเดือน,ลูกจ้าง,คนงานด้านการขนส่งและงานพื้นฐาน,24100.00,บาท,,สำนักงานสถิติแห่งชาติ
2566,ภูเก็ต,ค่าใช้จ่ายทั้งสิ้นต่อเดือน,ลูกจ้าง,เสมียนพนักงานขายและให้บริการ,33022.00,บาท,,สำนักงานสถิติแห่งชาติ
2566,ภูเก็ต,ค่าใช้จ่ายทั้งสิ้นต่อเดือน,ลูกจ้าง,ผู้ปฏิบัติงานในกระบวนการผลิตก่อสร้างและเหมืองแร่,28209.00,บาท,,สำนักงานสถิติแห่งชาติ
2566,ภูเก็ต,ค่าใช้จ่ายทั้งสิ้นต่อเดือน,ผู้ไม่ได้ปฏิบัติงานเชิงเศรษฐกิจ,ผู้ไม่ได้ปฏิบัติงานเชิงเศรษฐกิจ,39777.00,บาท,,สำนักงานสถิติแห่งชาติ
2566,ภูเก็ต,หนี้สินเฉลี่ยต่อครัวเรือนทั้งสิ้น,รวมทั้งสิ้น,รวมทั้งสิ้น,424977.00,บาท,,สำนักงานสถิติแห่งชาติ
2566,ภูเก็ต,หนี้สินเฉลี่ยต่อครัวเรือนทั้งสิ้น,ผู้ถือครองทำการเกษตร/เพาะเลี้ยง,ปลูกพืช/เลี้ยงสัตว์/เพาะเลี้ยง_ส่วนใหญ่เป็นเจ้าของที่ดิน,.00,บาท,"ศูนย์ยกกำลังดับเบิลยู หมายถึง ข้อมูลจากการสำรวจตัวอย่างมีค่าเป็น 0",สำนักงานสถิติแห่งชาติ
2566,ภูเก็ต,หนี้สินเฉลี่ยต่อครัวเรือนทั้งสิ้น,ผู้ถือครองทำการเกษตร/เพาะเลี้ยง,ปลูกพืช/เลี้ยงสัตว์/เพาะเลี้ยง_ส่วนใหญ่เช่าที่ดิน/ทำฟรี,.00,บาท,"ศูนย์ยกกำลังดับเบิลยู หมายถึง ข้อมูลจากการสำรวจตัวอย่างมีค่าเป็น 0",สำนักงานสถิติแห่งชาติ
2566,ภูเก็ต,หนี้สินเฉลี่ยต่อครัวเรือนทั้งสิ้น,ผู้ถือครองทำการเกษตร/เพาะเลี้ยง,ประมงป่าไม้ล่าสัตว์หาของป่าบริการทางการเกษตร,175150.00,บาท,,สำนักงานสถิติแห่งชาติ
2566,ภูเก็ต,หนี้สินเฉลี่ยต่อครัวเรือนทั้งสิ้น,ผู้ประกอบธุรกิจของตนเองที่ไม่ใช่การเกษตร,ผู้ประกอบธุรกิจของตนเองที่ไม่ใช่การเกษตร,621916.00,บาท,,สำนักงานสถิติแห่งชาติ
2566,ภูเก็ต,หนี้สินเฉลี่ยต่อครัวเรือนทั้งสิ้น,ลูกจ้าง,ผู้จัดการนักวิชาการและผู้ปฏิบัติงานวิชาชีพ,659192.00,บาท,,สำนักงานสถิติแห่งชาติ
2566,ภูเก็ต,หนี้สินเฉลี่ยต่อครัวเรือนทั้งสิ้น,ลูกจ้าง,คนงานเกษตรป่าไม้และประมง,140646.00,บาท,,สำนักงานสถิติแห่งชาติ
2566,ภูเก็ต,หนี้สินเฉลี่ยต่อครัวเรือนทั้งสิ้น,ลูกจ้าง,คนงานด้านการขนส่งและงานพื้นฐาน,42393.00,บาท,,สำนักงานสถิติแห่งชาติ
2566,ภูเก็ต,หนี้สินเฉลี่ยต่อครัวเรือนทั้งสิ้น,ลูกจ้าง,เสมียนพนักงานขายและให้บริการ,337320.00,บาท,,สำนักงานสถิติแห่งชาติ
2566,ภูเก็ต,หนี้สินเฉลี่ยต่อครัวเรือนทั้งสิ้น,ลูกจ้าง,ผู้ปฏิบัติงานในกระบวนการผลิตก่อสร้างและเหมืองแร่,108564.00,บาท,,สำนักงานสถิติแห่งชาติ
2566,ภูเก็ต,หนี้สินเฉลี่ยต่อครัวเรือนทั้งสิ้น,ผู้ไม่ได้ปฏิบัติงานเชิงเศรษฐกิจ,ผู้ไม่ได้ปฏิบัติงานเชิงเศรษฐกิจ,110334.00,บาท,,สำนักงานสถิติแห่งชาติ
2566,ภูเก็ต,ร้อยละของค่าใช้จ่ายต่อรายได้,รวมทั้งสิ้น,รวมทั้งสิ้น,93.02,ร้อยละ,,สำนักงานสถิติแห่งชาติ
2566,ภูเก็ต,ร้อยละของค่าใช้จ่ายต่อรายได้,ผู้ถือครองทำการเกษตร/เพาะเลี้ยง,ปลูกพืช/เลี้ยงสัตว์/เพาะเลี้ยง_ส่วนใหญ่เป็นเจ้าของที่ดิน,100.34,ร้อยละ,,สำนักงานสถิติแห่งชาติ
2566,ภูเก็ต,ร้อยละของค่าใช้จ่ายต่อรายได้,ผู้ถือครองทำการเกษตร/เพาะเลี้ยง,ปลูกพืช/เลี้ยงสัตว์/เพาะเลี้ยง_ส่วนใหญ่เช่าที่ดิน/ทำฟรี,.00,ร้อยละ,"ศูนย์จุดศูนย์ศูนย์ยกกำลังดับเบิลยู หมายถึง ข้อมูลจากการสำรวจตัวอย่างมีค่าเป็น 0",สำนักงานสถิติแห่งชาติ
2566,ภูเก็ต,ร้อยละของค่าใช้จ่ายต่อรายได้,ผู้ถือครองทำการเกษตร/เพาะเลี้ยง,ประมงป่าไม้ล่าสัตว์หาของป่าบริการทางการเกษตร,104.57,ร้อยละ,,สำนักงานสถิติแห่งชาติ
2566,ภูเก็ต,ร้อยละของค่าใช้จ่ายต่อรายได้,ผู้ประกอบธุรกิจของตนเองที่ไม่ใช่การเกษตร,ผู้ประกอบธุรกิจของตนเองที่ไม่ใช่การเกษตร,92.25,ร้อยละ,,สำนักงานสถิติแห่งชาติ
2566,ภูเก็ต,ร้อยละของค่าใช้จ่ายต่อรายได้,ลูกจ้าง,ผู้จัดการนักวิชาการและผู้ปฏิบัติงานวิชาชีพ,90.46,ร้อยละ,,สำนักงานสถิติแห่งชาติ
2566,ภูเก็ต,ร้อยละของค่าใช้จ่ายต่อรายได้,ลูกจ้าง,คนงานเกษตรป่าไม้และประมง,90.14,ร้อยละ,,สำนักงานสถิติแห่งชาติ
2566,ภูเก็ต,ร้อยละของค่าใช้จ่ายต่อรายได้,ลูกจ้าง,คนงานด้านการขนส่งและงานพื้นฐาน,88.88,ร้อยละ,,สำนักงานสถิติแห่งชาติ
2566,ภูเก็ต,ร้อยละของค่าใช้จ่ายต่อรายได้,ลูกจ้าง,เสมียนพนักงานขายและให้บริการ,95.27,ร้อยละ,,สำนักงานสถิติแห่งชาติ
2566,ภูเก็ต,ร้อยละของค่าใช้จ่ายต่อรายได้,ลูกจ้าง,ผู้ปฏิบัติงานในกระบวนการผลิตก่อสร้างและเหมืองแร่,94.93,ร้อยละ,,สำนักงานสถิติแห่งชาติ
2566,ภูเก็ต,ร้อยละของค่าใช้จ่ายต่อรายได้,ผู้ไม่ได้ปฏิบัติงานเชิงเศรษฐกิจ,ผู้ไม่ได้ปฏิบัติงานเชิงเศรษฐกิจ,93.01,ร้อยละ,,สำนักงานสถิติแห่งชาติ
2566,สุราษฎร์ธานี,รายได้ทั้งสิ้นต่อเดือน,รวมทั้งสิ้น,รวมทั้งสิ้น,33523.00,บาท,,สำนักงานสถิติแห่งชาติ
2566,สุราษฎร์ธานี,รายได้ทั้งสิ้นต่อเดือน,ผู้ถือครองทำการเกษตร/เพาะเลี้ยง,ปลูกพืช/เลี้ยงสัตว์/เพาะเลี้ยง_ส่วนใหญ่เป็นเจ้าของที่ดิน,40297.00,บาท,,สำนักงานสถิติแห่งชาติ
2566,สุราษฎร์ธานี,รายได้ทั้งสิ้นต่อเดือน,ผู้ถือครองทำการเกษตร/เพาะเลี้ยง,ปลูกพืช/เลี้ยงสัตว์/เพาะเลี้ยง_ส่วนใหญ่เช่าที่ดิน/ทำฟรี,.00,บาท,"ศูนย์ยกกำลังดับเบิลยู หมายถึง ข้อมูลจากการสำรวจตัวอย่างมีค่าเป็น 0",สำนักงานสถิติแห่งชาติ
2566,สุราษฎร์ธานี,รายได้ทั้งสิ้นต่อเดือน,ผู้ถือครองทำการเกษตร/เพาะเลี้ยง,ประมงป่าไม้ล่าสัตว์หาของป่าบริการทางการเกษตร,31579.00,บาท,,สำนักงานสถิติแห่งชาติ
2566,สุราษฎร์ธานี,รายได้ทั้งสิ้นต่อเดือน,ผู้ประกอบธุรกิจของตนเองที่ไม่ใช่การเกษตร,ผู้ประกอบธุรกิจของตนเองที่ไม่ใช่การเกษตร,37719.00,บาท,,สำนักงานสถิติแห่งชาติ
2566,สุราษฎร์ธานี,รายได้ทั้งสิ้นต่อเดือน,ลูกจ้าง,ผู้จัดการนักวิชาการและผู้ปฏิบัติงานวิชาชีพ,45942.00,บาท,,สำนักงานสถิติแห่งชาติ
2566,สุราษฎร์ธานี,รายได้ทั้งสิ้นต่อเดือน,ลูกจ้าง,คนงานเกษตรป่าไม้และประมง,19967.00,บาท,,สำนักงานสถิติแห่งชาติ
2566,สุราษฎร์ธานี,รายได้ทั้งสิ้นต่อเดือน,ลูกจ้าง,คนงานด้านการขนส่งและงานพื้นฐาน,19652.00,บาท,,สำนักงานสถิติแห่งชาติ
2566,สุราษฎร์ธานี,รายได้ทั้งสิ้นต่อเดือน,ลูกจ้าง,เสมียนพนักงานขายและให้บริการ,29505.00,บาท,,สำนักงานสถิติแห่งชาติ
2566,สุราษฎร์ธานี,รายได้ทั้งสิ้นต่อเดือน,ลูกจ้าง,ผู้ปฏิบัติงานในกระบวนการผลิตก่อสร้างและเหมืองแร่,23259.00,บาท,,สำนักงานสถิติแห่งชาติ
2566,สุราษฎร์ธานี,รายได้ทั้งสิ้นต่อเดือน,ผู้ไม่ได้ปฏิบัติงานเชิงเศรษฐกิจ,ผู้ไม่ได้ปฏิบัติงานเชิงเศรษฐกิจ,28347.00,บาท,,สำนักงานสถิติแห่งชาติ
2566,สุราษฎร์ธานี,ค่าใช้จ่ายทั้งสิ้นต่อเดือน,รวมทั้งสิ้น,รวมทั้งสิ้น,26353.00,บาท,,สำนักงานสถิติแห่งชาติ
2566,สุราษฎร์ธานี,ค่าใช้จ่ายทั้งสิ้นต่อเดือน,ผู้ถือครองทำการเกษตร/เพาะเลี้ยง,ปลูกพืช/เลี้ยงสัตว์/เพาะเลี้ยง_ส่วนใหญ่เป็นเจ้าของที่ดิน,26683.00,บาท,,สำนักงานสถิติแห่งชาติ
2566,สุราษฎร์ธานี,ค่าใช้จ่ายทั้งสิ้นต่อเดือน,ผู้ถือครองทำการเกษตร/เพาะเลี้ยง,ประมงป่าไม้ล่าสัตว์หาของป่าบริการทางการเกษตร,29484.00,บาท,,สำนักงานสถิติแห่งชาติ
2566,สุราษฎร์ธานี,ค่าใช้จ่ายทั้งสิ้นต่อเดือน,ผู้ประกอบธุรกิจของตนเองที่ไม่ใช่การเกษตร,ผู้ประกอบธุรกิจของตนเองที่ไม่ใช่การเกษตร,29829.00,บาท,,สำนักงานสถิติแห่งชาติ
2566,สุราษฎร์ธานี,ค่าใช้จ่ายทั้งสิ้นต่อเดือน,ลูกจ้าง,ผู้จัดการนักวิชาการและผู้ปฏิบัติงานวิชาชีพ,35241.00,บาท,,สำนักงานสถิติแห่งชาติ
2566,สุราษฎร์ธานี,ค่าใช้จ่ายทั้งสิ้นต่อเดือน,ผู้ถือครองทำการเกษตร/เพาะเลี้ยง,ปลูกพืช/เลี้ยงสัตว์/เพาะเลี้ยง_ส่วนใหญ่เช่าที่ดิน/ทำฟรี,.00,บาท,"ศูนย์ยกกำลังดับเบิลยู หมายถึง ข้อมูลจากการสำรวจตัวอย่างมีค่าเป็น 0",สำนักงานสถิติแห่งชาติ
2566,สุราษฎร์ธานี,ค่าใช้จ่ายทั้งสิ้นต่อเดือน,ลูกจ้าง,คนงานเกษตรป่าไม้และประมง,19719.00,บาท,,สำนักงานสถิติแห่งชาติ
2566,สุราษฎร์ธานี,ค่าใช้จ่ายทั้งสิ้นต่อเดือน,ลูกจ้าง,คนงานด้านการขนส่งและงานพื้นฐาน,19408.00,บาท,,สำนักงานสถิติแห่งชาติ
2566,สุราษฎร์ธานี,ค่าใช้จ่ายทั้งสิ้นต่อเดือน,ลูกจ้าง,เสมียนพนักงานขายและให้บริการ,26934.00,บาท,,สำนักงานสถิติแห่งชาติ
2566,สุราษฎร์ธานี,ค่าใช้จ่ายทั้งสิ้นต่อเดือน,ลูกจ้าง,ผู้ปฏิบัติงานในกระบวนการผลิตก่อสร้างและเหมืองแร่,19555.00,บาท,,สำนักงานสถิติแห่งชาติ
2566,สุราษฎร์ธานี,ค่าใช้จ่ายทั้งสิ้นต่อเดือน,ผู้ไม่ได้ปฏิบัติงานเชิงเศรษฐกิจ,ผู้ไม่ได้ปฏิบัติงานเชิงเศรษฐกิจ,24362.00,บาท,,สำนักงานสถิติแห่งชาติ
2566,สุราษฎร์ธานี,หนี้สินเฉลี่ยต่อครัวเรือนทั้งสิ้น,รวมทั้งสิ้น,รวมทั้งสิ้น,225020.00,บาท,,สำนักงานสถิติแห่งชาติ
2566,สุราษฎร์ธานี,หนี้สินเฉลี่ยต่อครัวเรือนทั้งสิ้น,ผู้ถือครองทำการเกษตร/เพาะเลี้ยง,ปลูกพืช/เลี้ยงสัตว์/เพาะเลี้ยง_ส่วนใหญ่เป็นเจ้าของที่ดิน,212515.00,บาท,,สำนักงานสถิติแห่งชาติ
2566,สุราษฎร์ธานี,หนี้สินเฉลี่ยต่อครัวเรือนทั้งสิ้น,ผู้ถือครองทำการเกษตร/เพาะเลี้ยง,ปลูกพืช/เลี้ยงสัตว์/เพาะเลี้ยง_ส่วนใหญ่เช่าที่ดิน/ทำฟรี,.00,บาท,"ศูนย์ยกกำลังดับเบิลยู หมายถึง ข้อมูลจากการสำรวจตัวอย่างมีค่าเป็น 0",สำนักงานสถิติแห่งชาติ
2566,สุราษฎร์ธานี,หนี้สินเฉลี่ยต่อครัวเรือนทั้งสิ้น,ผู้ถือครองทำการเกษตร/เพาะเลี้ยง,ประมงป่าไม้ล่าสัตว์หาของป่าบริการทางการเกษตร,349353.00,บาท,,สำนักงานสถิติแห่งชาติ
2566,สุราษฎร์ธานี,หนี้สินเฉลี่ยต่อครัวเรือนทั้งสิ้น,ผู้ประกอบธุรกิจของตนเองที่ไม่ใช่การเกษตร,ผู้ประกอบธุรกิจของตนเองที่ไม่ใช่การเกษตร,313885.00,บาท,,สำนักงานสถิติแห่งชาติ
2566,สุราษฎร์ธานี,หนี้สินเฉลี่ยต่อครัวเรือนทั้งสิ้น,ลูกจ้าง,ผู้จัดการนักวิชาการและผู้ปฏิบัติงานวิชาชีพ,482675.00,บาท,,สำนักงานสถิติแห่งชาติ
2566,สุราษฎร์ธานี,หนี้สินเฉลี่ยต่อครัวเรือนทั้งสิ้น,ลูกจ้าง,คนงานเกษตรป่าไม้และประมง,108099.00,บาท,,สำนักงานสถิติแห่งชาติ
2566,สุราษฎร์ธานี,หนี้สินเฉลี่ยต่อครัวเรือนทั้งสิ้น,ลูกจ้าง,คนงานด้านการขนส่งและงานพื้นฐาน,23986.00,บาท,,สำนักงานสถิติแห่งชาติ
2566,สุราษฎร์ธานี,หนี้สินเฉลี่ยต่อครัวเรือนทั้งสิ้น,ลูกจ้าง,เสมียนพนักงานขายและให้บริการ,223818.00,บาท,,สำนักงานสถิติแห่งชาติ
2566,สุราษฎร์ธานี,หนี้สินเฉลี่ยต่อครัวเรือนทั้งสิ้น,ลูกจ้าง,ผู้ปฏิบัติงานในกระบวนการผลิตก่อสร้างและเหมืองแร่,106637.00,บาท,,สำนักงานสถิติแห่งชาติ
2566,สุราษฎร์ธานี,หนี้สินเฉลี่ยต่อครัวเรือนทั้งสิ้น,ผู้ไม่ได้ปฏิบัติงานเชิงเศรษฐกิจ,ผู้ไม่ได้ปฏิบัติงานเชิงเศรษฐกิจ,143354.00,บาท,,สำนักงานสถิติแห่งชาติ
2566,สุราษฎร์ธานี,ร้อยละของค่าใช้จ่ายต่อรายได้,รวมทั้งสิ้น,รวมทั้งสิ้น,78.61,ร้อยละ,,สำนักงานสถิติแห่งชาติ
2566,สุราษฎร์ธานี,ร้อยละของค่าใช้จ่ายต่อรายได้,ผู้ถือครองทำการเกษตร/เพาะเลี้ยง,ปลูกพืช/เลี้ยงสัตว์/เพาะเลี้ยง_ส่วนใหญ่เป็นเจ้าของที่ดิน,66.22,ร้อยละ,,สำนักงานสถิติแห่งชาติ
2566,สุราษฎร์ธานี,ร้อยละของค่าใช้จ่ายต่อรายได้,ผู้ถือครองทำการเกษตร/เพาะเลี้ยง,ปลูกพืช/เลี้ยงสัตว์/เพาะเลี้ยง_ส่วนใหญ่เช่าที่ดิน/ทำฟรี,.00,ร้อยละ,"ศูนย์จุดศูนย์ศูนย์ยกกำลังดับเบิลยู หมายถึง ข้อมูลจากการสำรวจตัวอย่างมีค่าเป็น 0",สำนักงานสถิติแห่งชาติ
2566,สุราษฎร์ธานี,ร้อยละของค่าใช้จ่ายต่อรายได้,ผู้ถือครองทำการเกษตร/เพาะเลี้ยง,ประมงป่าไม้ล่าสัตว์หาของป่าบริการทางการเกษตร,93.37,ร้อยละ,,สำนักงานสถิติแห่งชาติ
2566,สุราษฎร์ธานี,ร้อยละของค่าใช้จ่ายต่อรายได้,ผู้ประกอบธุรกิจของตนเองที่ไม่ใช่การเกษตร,ผู้ประกอบธุรกิจของตนเองที่ไม่ใช่การเกษตร,79.08,ร้อยละ,,สำนักงานสถิติแห่งชาติ
2566,สุราษฎร์ธานี,ร้อยละของค่าใช้จ่ายต่อรายได้,ลูกจ้าง,ผู้จัดการนักวิชาการและผู้ปฏิบัติงานวิชาชีพ,76.71,ร้อยละ,,สำนักงานสถิติแห่งชาติ
2566,สุราษฎร์ธานี,ร้อยละของค่าใช้จ่ายต่อรายได้,ลูกจ้าง,คนงานเกษตรป่าไม้และประมง,98.76,ร้อยละ,,สำนักงานสถิติแห่งชาติ
2566,สุราษฎร์ธานี,ร้อยละของค่าใช้จ่ายต่อรายได้,ลูกจ้าง,คนงานด้านการขนส่งและงานพื้นฐาน,98.76,ร้อยละ,,สำนักงานสถิติแห่งชาติ
2566,สุราษฎร์ธานี,ร้อยละของค่าใช้จ่ายต่อรายได้,ลูกจ้าง,เสมียนพนักงานขายและให้บริการ,91.29,ร้อยละ,,สำนักงานสถิติแห่งชาติ
2566,สุราษฎร์ธานี,ร้อยละของค่าใช้จ่ายต่อรายได้,ลูกจ้าง,ผู้ปฏิบัติงานในกระบวนการผลิตก่อสร้างและเหมืองแร่,84.07,ร้อยละ,,สำนักงานสถิติแห่งชาติ
2566,สุราษฎร์ธานี,ร้อยละของค่าใช้จ่ายต่อรายได้,ผู้ไม่ได้ปฏิบัติงานเชิงเศรษฐกิจ,ผู้ไม่ได้ปฏิบัติงานเชิงเศรษฐกิจ,85.94,ร้อยละ,,สำนักงานสถิติแห่งชาติ
2566,ระนอง,รายได้ทั้งสิ้นต่อเดือน,รวมทั้งสิ้น,รวมทั้งสิ้น,26739.00,บาท,,สำนักงานสถิติแห่งชาติ
2566,ระนอง,รายได้ทั้งสิ้นต่อเดือน,ผู้ถือครองทำการเกษตร/เพาะเลี้ยง,ปลูกพืช/เลี้ยงสัตว์/เพาะเลี้ยง_ส่วนใหญ่เป็นเจ้าของที่ดิน,31824.00,บาท,,สำนักงานสถิติแห่งชาติ
2566,ระนอง,รายได้ทั้งสิ้นต่อเดือน,ผู้ถือครองทำการเกษตร/เพาะเลี้ยง,ปลูกพืช/เลี้ยงสัตว์/เพาะเลี้ยง_ส่วนใหญ่เช่าที่ดิน/ทำฟรี,.00,บาท,"ศูนย์ยกกำลังดับเบิลยู หมายถึง ข้อมูลจากการสำรวจตัวอย่างมีค่าเป็น 0",สำนักงานสถิติแห่งชาติ
2566,ระนอง,รายได้ทั้งสิ้นต่อเดือน,ผู้ถือครองทำการเกษตร/เพาะเลี้ยง,ประมงป่าไม้ล่าสัตว์หาของป่าบริการทางการเกษตร,15258.00,บาท,,สำนักงานสถิติแห่งชาติ
2566,ระนอง,รายได้ทั้งสิ้นต่อเดือน,ผู้ประกอบธุรกิจของตนเองที่ไม่ใช่การเกษตร,ผู้ประกอบธุรกิจของตนเองที่ไม่ใช่การเกษตร,39451.00,บาท,,สำนักงานสถิติแห่งชาติ
2566,ระนอง,รายได้ทั้งสิ้นต่อเดือน,ลูกจ้าง,ผู้จัดการนักวิชาการและผู้ปฏิบัติงานวิชาชีพ,43855.00,บาท,,สำนักงานสถิติแห่งชาติ
2566,ระนอง,รายได้ทั้งสิ้นต่อเดือน,ลูกจ้าง,คนงานเกษตรป่าไม้และประมง,14333.00,บาท,,สำนักงานสถิติแห่งชาติ
2566,ระนอง,รายได้ทั้งสิ้นต่อเดือน,ลูกจ้าง,คนงานด้านการขนส่งและงานพื้นฐาน,19437.00,บาท,,สำนักงานสถิติแห่งชาติ
2566,ระนอง,รายได้ทั้งสิ้นต่อเดือน,ลูกจ้าง,เสมียนพนักงานขายและให้บริการ,25058.00,บาท,,สำนักงานสถิติแห่งชาติ
2566,ระนอง,รายได้ทั้งสิ้นต่อเดือน,ลูกจ้าง,ผู้ปฏิบัติงานในกระบวนการผลิตก่อสร้างและเหมืองแร่,18948.00,บาท,,สำนักงานสถิติแห่งชาติ
2566,ระนอง,รายได้ทั้งสิ้นต่อเดือน,ผู้ไม่ได้ปฏิบัติงานเชิงเศรษฐกิจ,ผู้ไม่ได้ปฏิบัติงานเชิงเศรษฐกิจ,17483.00,บาท,,สำนักงานสถิติแห่งชาติ
2566,ระนอง,ค่าใช้จ่ายทั้งสิ้นต่อเดือน,รวมทั้งสิ้น,รวมทั้งสิ้น,21433.00,บาท,,สำนักงานสถิติแห่งชาติ
2566,ระนอง,ค่าใช้จ่ายทั้งสิ้นต่อเดือน,ผู้ถือครองทำการเกษตร/เพาะเลี้ยง,ปลูกพืช/เลี้ยงสัตว์/เพาะเลี้ยง_ส่วนใหญ่เป็นเจ้าของที่ดิน,20990.00,บาท,,สำนักงานสถิติแห่งชาติ
2566,ระนอง,ค่าใช้จ่ายทั้งสิ้นต่อเดือน,ผู้ถือครองทำการเกษตร/เพาะเลี้ยง,ปลูกพืช/เลี้ยงสัตว์/เพาะเลี้ยง_ส่วนใหญ่เช่าที่ดิน/ทำฟรี,.00,บาท,"ศูนย์ยกกำลังดับเบิลยู หมายถึง ข้อมูลจากการสำรวจตัวอย่างมีค่าเป็น 0",สำนักงานสถิติแห่งชาติ
2566,ระนอง,ค่าใช้จ่ายทั้งสิ้นต่อเดือน,ผู้ถือครองทำการเกษตร/เพาะเลี้ยง,ประมงป่าไม้ล่าสัตว์หาของป่าบริการทางการเกษตร,15504.00,บาท,,สำนักงานสถิติแห่งชาติ
2566,ระนอง,ค่าใช้จ่ายทั้งสิ้นต่อเดือน,ผู้ประกอบธุรกิจของตนเองที่ไม่ใช่การเกษตร,ผู้ประกอบธุรกิจของตนเองที่ไม่ใช่การเกษตร,26558.00,บาท,,สำนักงานสถิติแห่งชาติ
2566,ระนอง,ค่าใช้จ่ายทั้งสิ้นต่อเดือน,ลูกจ้าง,ผู้จัดการนักวิชาการและผู้ปฏิบัติงานวิชาชีพ,34571.00,บาท,,สำนักงานสถิติแห่งชาติ
2566,ระนอง,ค่าใช้จ่ายทั้งสิ้นต่อเดือน,ลูกจ้าง,คนงานเกษตรป่าไม้และประมง,13449.00,บาท,,สำนักงานสถิติแห่งชาติ
2566,ระนอง,ค่าใช้จ่ายทั้งสิ้นต่อเดือน,ลูกจ้าง,คนงานด้านการขนส่งและงานพื้นฐาน,16772.00,บาท,,สำนักงานสถิติแห่งชาติ
2566,ระนอง,ค่าใช้จ่ายทั้งสิ้นต่อเดือน,ลูกจ้าง,เสมียนพนักงานขายและให้บริการ,23457.00,บาท,,สำนักงานสถิติแห่งชาติ
2566,ระนอง,ค่าใช้จ่ายทั้งสิ้นต่อเดือน,ลูกจ้าง,ผู้ปฏิบัติงานในกระบวนการผลิตก่อสร้างและเหมืองแร่,16905.00,บาท,,สำนักงานสถิติแห่งชาติ
2566,ระนอง,ค่าใช้จ่ายทั้งสิ้นต่อเดือน,ผู้ไม่ได้ปฏิบัติงานเชิงเศรษฐกิจ,ผู้ไม่ได้ปฏิบัติงานเชิงเศรษฐกิจ,18213.00,บาท,,สำนักงานสถิติแห่งชาติ
2566,ระนอง,หนี้สินเฉลี่ยต่อครัวเรือนทั้งสิ้น,รวมทั้งสิ้น,รวมทั้งสิ้น,146796.00,บาท,,สำนักงานสถิติแห่งชาติ
2566,ระนอง,หนี้สินเฉลี่ยต่อครัวเรือนทั้งสิ้น,ผู้ถือครองทำการเกษตร/เพาะเลี้ยง,ปลูกพืช/เลี้ยงสัตว์/เพาะเลี้ยง_ส่วนใหญ่เป็นเจ้าของที่ดิน,159386.00,บาท,,สำนักงานสถิติแห่งชาติ
2566,ระนอง,หนี้สินเฉลี่ยต่อครัวเรือนทั้งสิ้น,ผู้ถือครองทำการเกษตร/เพาะเลี้ยง,ประมงป่าไม้ล่าสัตว์หาของป่าบริการทางการเกษตร,81210.00,บาท,,สำนักงานสถิติแห่งชาติ
2566,ระนอง,หนี้สินเฉลี่ยต่อครัวเรือนทั้งสิ้น,ผู้ถือครองทำการเกษตร/เพาะเลี้ยง,ปลูกพืช/เลี้ยงสัตว์/เพาะเลี้ยง_ส่วนใหญ่เช่าที่ดิน/ทำฟรี,.00,บาท,"ศูนย์ยกกำลังดับเบิลยู หมายถึง ข้อมูลจากการสำรวจตัวอย่างมีค่าเป็น 0",สำนักงานสถิติแห่งชาติ
2566,ระนอง,หนี้สินเฉลี่ยต่อครัวเรือนทั้งสิ้น,ผู้ประกอบธุรกิจของตนเองที่ไม่ใช่การเกษตร,ผู้ประกอบธุรกิจของตนเองที่ไม่ใช่การเกษตร,182610.00,บาท,,สำนักงานสถิติแห่งชาติ
2566,ระนอง,หนี้สินเฉลี่ยต่อครัวเรือนทั้งสิ้น,ลูกจ้าง,ผู้จัดการนักวิชาการและผู้ปฏิบัติงานวิชาชีพ,458373.00,บาท,,สำนักงานสถิติแห่งชาติ
2566,ระนอง,หนี้สินเฉลี่ยต่อครัวเรือนทั้งสิ้น,ลูกจ้าง,คนงานเกษตรป่าไม้และประมง,10296.00,บาท,,สำนักงานสถิติแห่งชาติ
2566,ระนอง,หนี้สินเฉลี่ยต่อครัวเรือนทั้งสิ้น,ลูกจ้าง,คนงานด้านการขนส่งและงานพื้นฐาน,30692.00,บาท,,สำนักงานสถิติแห่งชาติ
2566,ระนอง,หนี้สินเฉลี่ยต่อครัวเรือนทั้งสิ้น,ลูกจ้าง,เสมียนพนักงานขายและให้บริการ,206061.00,บาท,,สำนักงานสถิติแห่งชาติ
2566,ระนอง,หนี้สินเฉลี่ยต่อครัวเรือนทั้งสิ้น,ลูกจ้าง,ผู้ปฏิบัติงานในกระบวนการผลิตก่อสร้างและเหมืองแร่,30851.00,บาท,,สำนักงานสถิติแห่งชาติ
2566,ระนอง,หนี้สินเฉลี่ยต่อครัวเรือนทั้งสิ้น,ผู้ไม่ได้ปฏิบัติงานเชิงเศรษฐกิจ,ผู้ไม่ได้ปฏิบัติงานเชิงเศรษฐกิจ,75128.00,บาท,,สำนักงานสถิติแห่งชาติ
2566,ระนอง,ร้อยละของค่าใช้จ่ายต่อรายได้,รวมทั้งสิ้น,รวมทั้งสิ้น,80.16,ร้อยละ,,สำนักงานสถิติแห่งชาติ
2566,ระนอง,ร้อยละของค่าใช้จ่ายต่อรายได้,ผู้ถือครองทำการเกษตร/เพาะเลี้ยง,ปลูกพืช/เลี้ยงสัตว์/เพาะเลี้ยง_ส่วนใหญ่เป็นเจ้าของที่ดิน,65.96,ร้อยละ,,สำนักงานสถิติแห่งชาติ
2566,ระนอง,ร้อยละของค่าใช้จ่ายต่อรายได้,ผู้ถือครองทำการเกษตร/เพาะเลี้ยง,ปลูกพืช/เลี้ยงสัตว์/เพาะเลี้ยง_ส่วนใหญ่เช่าที่ดิน/ทำฟรี,.00,ร้อยละ,"ศูนย์จุดศูนย์ศูนย์ยกกำลังดับเบิลยู หมายถึง ข้อมูลจากการสำรวจตัวอย่างมีค่าเป็น 0",สำนักงานสถิติแห่งชาติ
2566,ระนอง,ร้อยละของค่าใช้จ่ายต่อรายได้,ผู้ถือครองทำการเกษตร/เพาะเลี้ยง,ประมงป่าไม้ล่าสัตว์หาของป่าบริการทางการเกษตร,101.62,ร้อยละ,,สำนักงานสถิติแห่งชาติ
2566,ระนอง,ร้อยละของค่าใช้จ่ายต่อรายได้,ผู้ประกอบธุรกิจของตนเองที่ไม่ใช่การเกษตร,ผู้ประกอบธุรกิจของตนเองที่ไม่ใช่การเกษตร,67.32,ร้อยละ,,สำนักงานสถิติแห่งชาติ
2566,ระนอง,ร้อยละของค่าใช้จ่ายต่อรายได้,ลูกจ้าง,ผู้จัดการนักวิชาการและผู้ปฏิบัติงานวิชาชีพ,78.83,ร้อยละ,,สำนักงานสถิติแห่งชาติ
2566,ระนอง,ร้อยละของค่าใช้จ่ายต่อรายได้,ลูกจ้าง,คนงานเกษตรป่าไม้และประมง,93.84,ร้อยละ,,สำนักงานสถิติแห่งชาติ
2566,ระนอง,ร้อยละของค่าใช้จ่ายต่อรายได้,ลูกจ้าง,คนงานด้านการขนส่งและงานพื้นฐาน,86.29,ร้อยละ,,สำนักงานสถิติแห่งชาติ
2566,ระนอง,ร้อยละของค่าใช้จ่ายต่อรายได้,ลูกจ้าง,เสมียนพนักงานขายและให้บริการ,93.61,ร้อยละ,,สำนักงานสถิติแห่งชาติ
2566,ระนอง,ร้อยละของค่าใช้จ่ายต่อรายได้,ลูกจ้าง,ผู้ปฏิบัติงานในกระบวนการผลิตก่อสร้างและเหมืองแร่,89.22,ร้อยละ,,สำนักงานสถิติแห่งชาติ
2566,ระนอง,ร้อยละของค่าใช้จ่ายต่อรายได้,ผู้ไม่ได้ปฏิบัติงานเชิงเศรษฐกิจ,ผู้ไม่ได้ปฏิบัติงานเชิงเศรษฐกิจ,104.17,ร้อยละ,,สำนักงานสถิติแห่งชาติ
2566,ชุมพร,รายได้ทั้งสิ้นต่อเดือน,รวมทั้งสิ้น,รวมทั้งสิ้น,32324.00,บาท,,สำนักงานสถิติแห่งชาติ
2566,ชุมพร,รายได้ทั้งสิ้นต่อเดือน,ผู้ถือครองทำการเกษตร/เพาะเลี้ยง,ปลูกพืช/เลี้ยงสัตว์/เพาะเลี้ยง_ส่วนใหญ่เป็นเจ้าของที่ดิน,38437.00,บาท,,สำนักงานสถิติแห่งชาติ
2566,ชุมพร,รายได้ทั้งสิ้นต่อเดือน,ผู้ถือครองทำการเกษตร/เพาะเลี้ยง,ปลูกพืช/เลี้ยงสัตว์/เพาะเลี้ยง_ส่วนใหญ่เช่าที่ดิน/ทำฟรี,.00,บาท,"ศูนย์ยกกำลังดับเบิลยู หมายถึง ข้อมูลจากการสำรวจตัวอย่างมีค่าเป็น 0",สำนักงานสถิติแห่งชาติ
2566,ชุมพร,รายได้ทั้งสิ้นต่อเดือน,ผู้ถือครองทำการเกษตร/เพาะเลี้ยง,ประมงป่าไม้ล่าสัตว์หาของป่าบริการทางการเกษตร,29977.00,บาท,,สำนักงานสถิติแห่งชาติ
2566,ชุมพร,รายได้ทั้งสิ้นต่อเดือน,ผู้ประกอบธุรกิจของตนเองที่ไม่ใช่การเกษตร,ผู้ประกอบธุรกิจของตนเองที่ไม่ใช่การเกษตร,49226.00,บาท,,สำนักงานสถิติแห่งชาติ
2566,ชุมพร,รายได้ทั้งสิ้นต่อเดือน,ลูกจ้าง,ผู้จัดการนักวิชาการและผู้ปฏิบัติงานวิชาชีพ,45099.00,บาท,,สำนักงานสถิติแห่งชาติ
2566,ชุมพร,รายได้ทั้งสิ้นต่อเดือน,ลูกจ้าง,คนงานเกษตรป่าไม้และประมง,16442.00,บาท,,สำนักงานสถิติแห่งชาติ
2566,ชุมพร,รายได้ทั้งสิ้นต่อเดือน,ลูกจ้าง,คนงานด้านการขนส่งและงานพื้นฐาน,21182.00,บาท,,สำนักงานสถิติแห่งชาติ
2566,ชุมพร,รายได้ทั้งสิ้นต่อเดือน,ลูกจ้าง,เสมียนพนักงานขายและให้บริการ,24056.00,บาท,,สำนักงานสถิติแห่งชาติ
2566,ชุมพร,รายได้ทั้งสิ้นต่อเดือน,ลูกจ้าง,ผู้ปฏิบัติงานในกระบวนการผลิตก่อสร้างและเหมืองแร่,20155.00,บาท,,สำนักงานสถิติแห่งชาติ
2566,ชุมพร,รายได้ทั้งสิ้นต่อเดือน,ผู้ไม่ได้ปฏิบัติงานเชิงเศรษฐกิจ,ผู้ไม่ได้ปฏิบัติงานเชิงเศรษฐกิจ,22269.00,บาท,,สำนักงานสถิติแห่งชาติ
2566,ชุมพร,ค่าใช้จ่ายทั้งสิ้นต่อเดือน,รวมทั้งสิ้น,รวมทั้งสิ้น,23736.00,บาท,,สำนักงานสถิติแห่งชาติ
2566,ชุมพร,ค่าใช้จ่ายทั้งสิ้นต่อเดือน,ผู้ถือครองทำการเกษตร/เพาะเลี้ยง,ปลูกพืช/เลี้ยงสัตว์/เพาะเลี้ยง_ส่วนใหญ่เป็นเจ้าของที่ดิน,23819.00,บาท,,สำนักงานสถิติแห่งชาติ
2566,ชุมพร,ค่าใช้จ่ายทั้งสิ้นต่อเดือน,ผู้ถือครองทำการเกษตร/เพาะเลี้ยง,ปลูกพืช/เลี้ยงสัตว์/เพาะเลี้ยง_ส่วนใหญ่เช่าที่ดิน/ทำฟรี,.00,บาท,"ศูนย์ยกกำลังดับเบิลยู หมายถึง ข้อมูลจากการสำรวจตัวอย่างมีค่าเป็น 0",สำนักงานสถิติแห่งชาติ
2566,ชุมพร,ค่าใช้จ่ายทั้งสิ้นต่อเดือน,ผู้ถือครองทำการเกษตร/เพาะเลี้ยง,ประมงป่าไม้ล่าสัตว์หาของป่าบริการทางการเกษตร,28043.00,บาท,,สำนักงานสถิติแห่งชาติ
2566,ชุมพร,ค่าใช้จ่ายทั้งสิ้นต่อเดือน,ผู้ประกอบธุรกิจของตนเองที่ไม่ใช่การเกษตร,ผู้ประกอบธุรกิจของตนเองที่ไม่ใช่การเกษตร,31163.00,บาท,,สำนักงานสถิติแห่งชาติ
2566,ชุมพร,ค่าใช้จ่ายทั้งสิ้นต่อเดือน,ลูกจ้าง,ผู้จัดการนักวิชาการและผู้ปฏิบัติงานวิชาชีพ,34680.00,บาท,,สำนักงานสถิติแห่งชาติ
2566,ชุมพร,ค่าใช้จ่ายทั้งสิ้นต่อเดือน,ลูกจ้าง,คนงานเกษตรป่าไม้และประมง,15032.00,บาท,,สำนักงานสถิติแห่งชาติ
2566,ชุมพร,ค่าใช้จ่ายทั้งสิ้นต่อเดือน,ลูกจ้าง,คนงานด้านการขนส่งและงานพื้นฐาน,16879.00,บาท,,สำนักงานสถิติแห่งชาติ
2566,ชุมพร,ค่าใช้จ่ายทั้งสิ้นต่อเดือน,ลูกจ้าง,เสมียนพนักงานขายและให้บริการ,22353.00,บาท,,สำนักงานสถิติแห่งชาติ
2566,ชุมพร,ค่าใช้จ่ายทั้งสิ้นต่อเดือน,ลูกจ้าง,ผู้ปฏิบัติงานในกระบวนการผลิตก่อสร้างและเหมืองแร่,18993.00,บาท,,สำนักงานสถิติแห่งชาติ
2566,ชุมพร,ค่าใช้จ่ายทั้งสิ้นต่อเดือน,ผู้ไม่ได้ปฏิบัติงานเชิงเศรษฐกิจ,ผู้ไม่ได้ปฏิบัติงานเชิงเศรษฐกิจ,21799.00,บาท,,สำนักงานสถิติแห่งชาติ
2566,ชุมพร,หนี้สินเฉลี่ยต่อครัวเรือนทั้งสิ้น,รวมทั้งสิ้น,รวมทั้งสิ้น,135501.00,บาท,,สำนักงานสถิติแห่งชาติ
2566,ชุมพร,หนี้สินเฉลี่ยต่อครัวเรือนทั้งสิ้น,ผู้ถือครองทำการเกษตร/เพาะเลี้ยง,ปลูกพืช/เลี้ยงสัตว์/เพาะเลี้ยง_ส่วนใหญ่เป็นเจ้าของที่ดิน,153329.00,บาท,,สำนักงานสถิติแห่งชาติ
2566,ชุมพร,หนี้สินเฉลี่ยต่อครัวเรือนทั้งสิ้น,ผู้ถือครองทำการเกษตร/เพาะเลี้ยง,ปลูกพืช/เลี้ยงสัตว์/เพาะเลี้ยง_ส่วนใหญ่เช่าที่ดิน/ทำฟรี,.00,บาท,"ศูนย์ยกกำลังดับเบิลยู หมายถึง ข้อมูลจากการสำรวจตัวอย่างมีค่าเป็น 0",สำนักงานสถิติแห่งชาติ
2566,ชุมพร,หนี้สินเฉลี่ยต่อครัวเรือนทั้งสิ้น,ผู้ถือครองทำการเกษตร/เพาะเลี้ยง,ประมงป่าไม้ล่าสัตว์หาของป่าบริการทางการเกษตร,134958.00,บาท,,สำนักงานสถิติแห่งชาติ
2566,ชุมพร,หนี้สินเฉลี่ยต่อครัวเรือนทั้งสิ้น,ผู้ประกอบธุรกิจของตนเองที่ไม่ใช่การเกษตร,ผู้ประกอบธุรกิจของตนเองที่ไม่ใช่การเกษตร,168790.00,บาท,,สำนักงานสถิติแห่งชาติ
2566,ชุมพร,หนี้สินเฉลี่ยต่อครัวเรือนทั้งสิ้น,ลูกจ้าง,ผู้จัดการนักวิชาการและผู้ปฏิบัติงานวิชาชีพ,298617.00,บาท,,สำนักงานสถิติแห่งชาติ
2566,ชุมพร,หนี้สินเฉลี่ยต่อครัวเรือนทั้งสิ้น,ลูกจ้าง,คนงานเกษตรป่าไม้และประมง,22396.00,บาท,,สำนักงานสถิติแห่งชาติ
2566,ชุมพร,หนี้สินเฉลี่ยต่อครัวเรือนทั้งสิ้น,ลูกจ้าง,คนงานด้านการขนส่งและงานพื้นฐาน,18425.00,บาท,,สำนักงานสถิติแห่งชาติ
2566,ชุมพร,หนี้สินเฉลี่ยต่อครัวเรือนทั้งสิ้น,ลูกจ้าง,เสมียนพนักงานขายและให้บริการ,136477.00,บาท,,สำนักงานสถิติแห่งชาติ
2566,ชุมพร,หนี้สินเฉลี่ยต่อครัวเรือนทั้งสิ้น,ลูกจ้าง,ผู้ปฏิบัติงานในกระบวนการผลิตก่อสร้างและเหมืองแร่,69102.00,บาท,,สำนักงานสถิติแห่งชาติ
2566,ชุมพร,หนี้สินเฉลี่ยต่อครัวเรือนทั้งสิ้น,ผู้ไม่ได้ปฏิบัติงานเชิงเศรษฐกิจ,ผู้ไม่ได้ปฏิบัติงานเชิงเศรษฐกิจ,138888.00,บาท,,สำนักงานสถิติแห่งชาติ
2566,ชุมพร,ร้อยละของค่าใช้จ่ายต่อรายได้,รวมทั้งสิ้น,รวมทั้งสิ้น,73.43,ร้อยละ,,สำนักงานสถิติแห่งชาติ
2566,ชุมพร,ร้อยละของค่าใช้จ่ายต่อรายได้,ผู้ถือครองทำการเกษตร/เพาะเลี้ยง,ปลูกพืช/เลี้ยงสัตว์/เพาะเลี้ยง_ส่วนใหญ่เป็นเจ้าของที่ดิน,61.97,ร้อยละ,,สำนักงานสถิติแห่งชาติ
2566,ชุมพร,ร้อยละของค่าใช้จ่ายต่อรายได้,ผู้ถือครองทำการเกษตร/เพาะเลี้ยง,ปลูกพืช/เลี้ยงสัตว์/เพาะเลี้ยง_ส่วนใหญ่เช่าที่ดิน/ทำฟรี,.00,ร้อยละ,"ศูนย์จุดศูนย์ศูนย์ยกกำลังดับเบิลยู หมายถึง ข้อมูลจากการสำรวจตัวอย่างมีค่าเป็น 0",สำนักงานสถิติแห่งชาติ
2566,ชุมพร,ร้อยละของค่าใช้จ่ายต่อรายได้,ผู้ถือครองทำการเกษตร/เพาะเลี้ยง,ประมงป่าไม้ล่าสัตว์หาของป่าบริการทางการเกษตร,93.55,ร้อยละ,,สำนักงานสถิติแห่งชาติ
2566,ชุมพร,ร้อยละของค่าใช้จ่ายต่อรายได้,ผู้ประกอบธุรกิจของตนเองที่ไม่ใช่การเกษตร,ผู้ประกอบธุรกิจของตนเองที่ไม่ใช่การเกษตร,63.31,ร้อยละ,,สำนักงานสถิติแห่งชาติ
2566,ชุมพร,ร้อยละของค่าใช้จ่ายต่อรายได้,ลูกจ้าง,ผู้จัดการนักวิชาการและผู้ปฏิบัติงานวิชาชีพ,76.90,ร้อยละ,,สำนักงานสถิติแห่งชาติ
2566,ชุมพร,ร้อยละของค่าใช้จ่ายต่อรายได้,ลูกจ้าง,คนงานเกษตรป่าไม้และประมง,91.42,ร้อยละ,,สำนักงานสถิติแห่งชาติ
2566,ชุมพร,ร้อยละของค่าใช้จ่ายต่อรายได้,ลูกจ้าง,คนงานด้านการขนส่งและงานพื้นฐาน,79.68,ร้อยละ,,สำนักงานสถิติแห่งชาติ
2566,ชุมพร,ร้อยละของค่าใช้จ่ายต่อรายได้,ลูกจ้าง,เสมียนพนักงานขายและให้บริการ,92.92,ร้อยละ,,สำนักงานสถิติแห่งชาติ
2566,ชุมพร,ร้อยละของค่าใช้จ่ายต่อรายได้,ลูกจ้าง,ผู้ปฏิบัติงานในกระบวนการผลิตก่อสร้างและเหมืองแร่,94.23,ร้อยละ,,สำนักงานสถิติแห่งชาติ
2566,ชุมพร,ร้อยละของค่าใช้จ่ายต่อรายได้,ผู้ไม่ได้ปฏิบัติงานเชิงเศรษฐกิจ,ผู้ไม่ได้ปฏิบัติงานเชิงเศรษฐกิจ,97.89,ร้อยละ,,สำนักงานสถิติแห่งชาติ
2566,สงขลา,รายได้ทั้งสิ้นต่อเดือน,รวมทั้งสิ้น,รวมทั้งสิ้น,23933.00,บาท,,สำนักงานสถิติแห่งชาติ
2566,สงขลา,รายได้ทั้งสิ้นต่อเดือน,ผู้ถือครองทำการเกษตร/เพาะเลี้ยง,ปลูกพืช/เลี้ยงสัตว์/เพาะเลี้ยง_ส่วนใหญ่เป็นเจ้าของที่ดิน,24296.00,บาท,,สำนักงานสถิติแห่งชาติ
2566,สงขลา,รายได้ทั้งสิ้นต่อเดือน,ผู้ถือครองทำการเกษตร/เพาะเลี้ยง,ปลูกพืช/เลี้ยงสัตว์/เพาะเลี้ยง_ส่วนใหญ่เช่าที่ดิน/ทำฟรี,23367.00,บาท,,สำนักงานสถิติแห่งชาติ
2566,สงขลา,รายได้ทั้งสิ้นต่อเดือน,ผู้ถือครองทำการเกษตร/เพาะเลี้ยง,ประมงป่าไม้ล่าสัตว์หาของป่าบริการทางการเกษตร,17685.00,บาท,,สำนักงานสถิติแห่งชาติ
2566,สงขลา,รายได้ทั้งสิ้นต่อเดือน,ผู้ประกอบธุรกิจของตนเองที่ไม่ใช่การเกษตร,ผู้ประกอบธุรกิจของตนเองที่ไม่ใช่การเกษตร,29431.00,บาท,,สำนักงานสถิติแห่งชาติ
2566,สงขลา,รายได้ทั้งสิ้นต่อเดือน,ลูกจ้าง,ผู้จัดการนักวิชาการและผู้ปฏิบัติงานวิชาชีพ,37779.00,บาท,,สำนักงานสถิติแห่งชาติ
2566,สงขลา,รายได้ทั้งสิ้นต่อเดือน,ลูกจ้าง,คนงานเกษตรป่าไม้และประมง,13647.00,บาท,,สำนักงานสถิติแห่งชาติ
2566,สงขลา,รายได้ทั้งสิ้นต่อเดือน,ลูกจ้าง,คนงานด้านการขนส่งและงานพื้นฐาน,18741.00,บาท,,สำนักงานสถิติแห่งชาติ
2566,สงขลา,รายได้ทั้งสิ้นต่อเดือน,ลูกจ้าง,เสมียนพนักงานขายและให้บริการ,25470.00,บาท,,สำนักงานสถิติแห่งชาติ
2566,สงขลา,รายได้ทั้งสิ้นต่อเดือน,ลูกจ้าง,ผู้ปฏิบัติงานในกระบวนการผลิตก่อสร้างและเหมืองแร่,22415.00,บาท,,สำนักงานสถิติแห่งชาติ
2566,สงขลา,รายได้ทั้งสิ้นต่อเดือน,ผู้ไม่ได้ปฏิบัติงานเชิงเศรษฐกิจ,ผู้ไม่ได้ปฏิบัติงานเชิงเศรษฐกิจ,19438.00,บาท,,สำนักงานสถิติแห่งชาติ
2566,สงขลา,ค่าใช้จ่ายทั้งสิ้นต่อเดือน,รวมทั้งสิ้น,รวมทั้งสิ้น,21547.00,บาท,,สำนักงานสถิติแห่งชาติ
2566,สงขลา,ค่าใช้จ่ายทั้งสิ้นต่อเดือน,ผู้ถือครองทำการเกษตร/เพาะเลี้ยง,ปลูกพืช/เลี้ยงสัตว์/เพาะเลี้ยง_ส่วนใหญ่เป็นเจ้าของที่ดิน,18744.00,บาท,,สำนักงานสถิติแห่งชาติ
2566,สงขลา,ค่าใช้จ่ายทั้งสิ้นต่อเดือน,ผู้ถือครองทำการเกษตร/เพาะเลี้ยง,ปลูกพืช/เลี้ยงสัตว์/เพาะเลี้ยง_ส่วนใหญ่เช่าที่ดิน/ทำฟรี,20409.00,บาท,,สำนักงานสถิติแห่งชาติ
2566,สงขลา,ค่าใช้จ่ายทั้งสิ้นต่อเดือน,ผู้ถือครองทำการเกษตร/เพาะเลี้ยง,ประมงป่าไม้ล่าสัตว์หาของป่าบริการทางการเกษตร,17118.00,บาท,,สำนักงานสถิติแห่งชาติ
2566,สงขลา,ค่าใช้จ่ายทั้งสิ้นต่อเดือน,ผู้ประกอบธุรกิจของตนเองที่ไม่ใช่การเกษตร,ผู้ประกอบธุรกิจของตนเองที่ไม่ใช่การเกษตร,27614.00,บาท,,สำนักงานสถิติแห่งชาติ
2566,สงขลา,ค่าใช้จ่ายทั้งสิ้นต่อเดือน,ลูกจ้าง,ผู้จัดการนักวิชาการและผู้ปฏิบัติงานวิชาชีพ,34115.00,บาท,,สำนักงานสถิติแห่งชาติ
2566,สงขลา,ค่าใช้จ่ายทั้งสิ้นต่อเดือน,ลูกจ้าง,คนงานเกษตรป่าไม้และประมง,14025.00,บาท,,สำนักงานสถิติแห่งชาติ
2566,สงขลา,ค่าใช้จ่ายทั้งสิ้นต่อเดือน,ลูกจ้าง,คนงานด้านการขนส่งและงานพื้นฐาน,17853.00,บาท,,สำนักงานสถิติแห่งชาติ
2566,สงขลา,ค่าใช้จ่ายทั้งสิ้นต่อเดือน,ลูกจ้าง,เสมียนพนักงานขายและให้บริการ,23331.00,บาท,,สำนักงานสถิติแห่งชาติ
2566,สงขลา,ค่าใช้จ่ายทั้งสิ้นต่อเดือน,ลูกจ้าง,ผู้ปฏิบัติงานในกระบวนการผลิตก่อสร้างและเหมืองแร่,20171.00,บาท,,สำนักงานสถิติแห่งชาติ
2566,สงขลา,ค่าใช้จ่ายทั้งสิ้นต่อเดือน,ผู้ไม่ได้ปฏิบัติงานเชิงเศรษฐกิจ,ผู้ไม่ได้ปฏิบัติงานเชิงเศรษฐกิจ,16654.00,บาท,,สำนักงานสถิติแห่งชาติ
2566,สงขลา,หนี้สินเฉลี่ยต่อครัวเรือนทั้งสิ้น,รวมทั้งสิ้น,รวมทั้งสิ้น,227079.00,บาท,,สำนักงานสถิติแห่งชาติ
2566,สงขลา,หนี้สินเฉลี่ยต่อครัวเรือนทั้งสิ้น,ผู้ถือครองทำการเกษตร/เพาะเลี้ยง,ปลูกพืช/เลี้ยงสัตว์/เพาะเลี้ยง_ส่วนใหญ่เป็นเจ้าของที่ดิน,65854.00,บาท,,สำนักงานสถิติแห่งชาติ
2566,สงขลา,หนี้สินเฉลี่ยต่อครัวเรือนทั้งสิ้น,ผู้ถือครองทำการเกษตร/เพาะเลี้ยง,ปลูกพืช/เลี้ยงสัตว์/เพาะเลี้ยง_ส่วนใหญ่เช่าที่ดิน/ทำฟรี,3980.00,บาท,,สำนักงานสถิติแห่งชาติ
2566,สงขลา,หนี้สินเฉลี่ยต่อครัวเรือนทั้งสิ้น,ผู้ถือครองทำการเกษตร/เพาะเลี้ยง,ประมงป่าไม้ล่าสัตว์หาของป่าบริการทางการเกษตร,112390.00,บาท,,สำนักงานสถิติแห่งชาติ
2566,สงขลา,หนี้สินเฉลี่ยต่อครัวเรือนทั้งสิ้น,ผู้ประกอบธุรกิจของตนเองที่ไม่ใช่การเกษตร,ผู้ประกอบธุรกิจของตนเองที่ไม่ใช่การเกษตร,711663.00,บาท,,สำนักงานสถิติแห่งชาติ
2566,สงขลา,หนี้สินเฉลี่ยต่อครัวเรือนทั้งสิ้น,ลูกจ้าง,ผู้จัดการนักวิชาการและผู้ปฏิบัติงานวิชาชีพ,494503.00,บาท,,สำนักงานสถิติแห่งชาติ
2566,สงขลา,หนี้สินเฉลี่ยต่อครัวเรือนทั้งสิ้น,ลูกจ้าง,คนงานเกษตรป่าไม้และประมง,52769.00,บาท,,สำนักงานสถิติแห่งชาติ
2566,สงขลา,หนี้สินเฉลี่ยต่อครัวเรือนทั้งสิ้น,ลูกจ้าง,คนงานด้านการขนส่งและงานพื้นฐาน,98985.00,บาท,,สำนักงานสถิติแห่งชาติ
2566,สงขลา,หนี้สินเฉลี่ยต่อครัวเรือนทั้งสิ้น,ลูกจ้าง,เสมียนพนักงานขายและให้บริการ,231748.00,บาท,,สำนักงานสถิติแห่งชาติ
2566,สงขลา,หนี้สินเฉลี่ยต่อครัวเรือนทั้งสิ้น,ลูกจ้าง,ผู้ปฏิบัติงานในกระบวนการผลิตก่อสร้างและเหมืองแร่,87828.00,บาท,,สำนักงานสถิติแห่งชาติ
2566,สงขลา,หนี้สินเฉลี่ยต่อครัวเรือนทั้งสิ้น,ผู้ไม่ได้ปฏิบัติงานเชิงเศรษฐกิจ,ผู้ไม่ได้ปฏิบัติงานเชิงเศรษฐกิจ,26981.00,บาท,,สำนักงานสถิติแห่งชาติ
2566,สงขลา,ร้อยละของค่าใช้จ่ายต่อรายได้,รวมทั้งสิ้น,รวมทั้งสิ้น,90.03,ร้อยละ,,สำนักงานสถิติแห่งชาติ
2566,สงขลา,ร้อยละของค่าใช้จ่ายต่อรายได้,ผู้ถือครองทำการเกษตร/เพาะเลี้ยง,ปลูกพืช/เลี้ยงสัตว์/เพาะเลี้ยง_ส่วนใหญ่เป็นเจ้าของที่ดิน,77.15,ร้อยละ,,สำนักงานสถิติแห่งชาติ
2566,สงขลา,ร้อยละของค่าใช้จ่ายต่อรายได้,ผู้ถือครองทำการเกษตร/เพาะเลี้ยง,ปลูกพืช/เลี้ยงสัตว์/เพาะเลี้ยง_ส่วนใหญ่เช่าที่ดิน/ทำฟรี,87.34,ร้อยละ,,สำนักงานสถิติแห่งชาติ
2566,สงขลา,ร้อยละของค่าใช้จ่ายต่อรายได้,ผู้ถือครองทำการเกษตร/เพาะเลี้ยง,ประมงป่าไม้ล่าสัตว์หาของป่าบริการทางการเกษตร,96.79,ร้อยละ,,สำนักงานสถิติแห่งชาติ
2566,สงขลา,ร้อยละของค่าใช้จ่ายต่อรายได้,ผู้ประกอบธุรกิจของตนเองที่ไม่ใช่การเกษตร,ผู้ประกอบธุรกิจของตนเองที่ไม่ใช่การเกษตร,93.83,ร้อยละ,,สำนักงานสถิติแห่งชาติ
2566,สงขลา,ร้อยละของค่าใช้จ่ายต่อรายได้,ลูกจ้าง,ผู้จัดการนักวิชาการและผู้ปฏิบัติงานวิชาชีพ,90.30,ร้อยละ,,สำนักงานสถิติแห่งชาติ
2566,สงขลา,ร้อยละของค่าใช้จ่ายต่อรายได้,ลูกจ้าง,คนงานเกษตรป่าไม้และประมง,102.77,ร้อยละ,,สำนักงานสถิติแห่งชาติ
2566,สงขลา,ร้อยละของค่าใช้จ่ายต่อรายได้,ลูกจ้าง,คนงานด้านการขนส่งและงานพื้นฐาน,95.26,ร้อยละ,,สำนักงานสถิติแห่งชาติ
2566,สงขลา,ร้อยละของค่าใช้จ่ายต่อรายได้,ลูกจ้าง,เสมียนพนักงานขายและให้บริการ,91.60,ร้อยละ,,สำนักงานสถิติแห่งชาติ
2566,สงขลา,ร้อยละของค่าใช้จ่ายต่อรายได้,ลูกจ้าง,ผู้ปฏิบัติงานในกระบวนการผลิตก่อสร้างและเหมืองแร่,89.99,ร้อยละ,,สำนักงานสถิติแห่งชาติ
2566,สงขลา,ร้อยละของค่าใช้จ่ายต่อรายได้,ผู้ไม่ได้ปฏิบัติงานเชิงเศรษฐกิจ,ผู้ไม่ได้ปฏิบัติงานเชิงเศรษฐกิจ,85.68,ร้อยละ,,สำนักงานสถิติแห่งชาติ
2566,สตูล,รายได้ทั้งสิ้นต่อเดือน,รวมทั้งสิ้น,รวมทั้งสิ้น,23448.00,บาท,,สำนักงานสถิติแห่งชาติ
2566,สตูล,รายได้ทั้งสิ้นต่อเดือน,ผู้ถือครองทำการเกษตร/เพาะเลี้ยง,ปลูกพืช/เลี้ยงสัตว์/เพาะเลี้ยง_ส่วนใหญ่เป็นเจ้าของที่ดิน,19285.00,บาท,,สำนักงานสถิติแห่งชาติ
2566,สตูล,รายได้ทั้งสิ้นต่อเดือน,ผู้ถือครองทำการเกษตร/เพาะเลี้ยง,ปลูกพืช/เลี้ยงสัตว์/เพาะเลี้ยง_ส่วนใหญ่เช่าที่ดิน/ทำฟรี,28839.00,บาท,,สำนักงานสถิติแห่งชาติ
2566,สตูล,รายได้ทั้งสิ้นต่อเดือน,ผู้ถือครองทำการเกษตร/เพาะเลี้ยง,ประมงป่าไม้ล่าสัตว์หาของป่าบริการทางการเกษตร,14519.00,บาท,,สำนักงานสถิติแห่งชาติ
2566,สตูล,รายได้ทั้งสิ้นต่อเดือน,ผู้ประกอบธุรกิจของตนเองที่ไม่ใช่การเกษตร,ผู้ประกอบธุรกิจของตนเองที่ไม่ใช่การเกษตร,34103.00,บาท,,สำนักงานสถิติแห่งชาติ
2566,สตูล,รายได้ทั้งสิ้นต่อเดือน,ลูกจ้าง,ผู้จัดการนักวิชาการและผู้ปฏิบัติงานวิชาชีพ,40281.00,บาท,,สำนักงานสถิติแห่งชาติ
2566,สตูล,รายได้ทั้งสิ้นต่อเดือน,ลูกจ้าง,คนงานเกษตรป่าไม้และประมง,13762.00,บาท,,สำนักงานสถิติแห่งชาติ
2566,สตูล,รายได้ทั้งสิ้นต่อเดือน,ลูกจ้าง,คนงานด้านการขนส่งและงานพื้นฐาน,13778.00,บาท,,สำนักงานสถิติแห่งชาติ
2566,สตูล,รายได้ทั้งสิ้นต่อเดือน,ลูกจ้าง,เสมียนพนักงานขายและให้บริการ,21703.00,บาท,,สำนักงานสถิติแห่งชาติ
2566,สตูล,รายได้ทั้งสิ้นต่อเดือน,ลูกจ้าง,ผู้ปฏิบัติงานในกระบวนการผลิตก่อสร้างและเหมืองแร่,18349.00,บาท,,สำนักงานสถิติแห่งชาติ
2566,สตูล,รายได้ทั้งสิ้นต่อเดือน,ผู้ไม่ได้ปฏิบัติงานเชิงเศรษฐกิจ,ผู้ไม่ได้ปฏิบัติงานเชิงเศรษฐกิจ,17289.00,บาท,,สำนักงานสถิติแห่งชาติ
2566,สตูล,ค่าใช้จ่ายทั้งสิ้นต่อเดือน,รวมทั้งสิ้น,รวมทั้งสิ้น,19379.00,บาท,,สำนักงานสถิติแห่งชาติ
2566,สตูล,ค่าใช้จ่ายทั้งสิ้นต่อเดือน,ผู้ถือครองทำการเกษตร/เพาะเลี้ยง,ปลูกพืช/เลี้ยงสัตว์/เพาะเลี้ยง_ส่วนใหญ่เป็นเจ้าของที่ดิน,18581.00,บาท,,สำนักงานสถิติแห่งชาติ
2566,สตูล,ค่าใช้จ่ายทั้งสิ้นต่อเดือน,ผู้ถือครองทำการเกษตร/เพาะเลี้ยง,ปลูกพืช/เลี้ยงสัตว์/เพาะเลี้ยง_ส่วนใหญ่เช่าที่ดิน/ทำฟรี,24232.00,บาท,,สำนักงานสถิติแห่งชาติ
2566,สตูล,ค่าใช้จ่ายทั้งสิ้นต่อเดือน,ผู้ถือครองทำการเกษตร/เพาะเลี้ยง,ประมงป่าไม้ล่าสัตว์หาของป่าบริการทางการเกษตร,16644.00,บาท,,สำนักงานสถิติแห่งชาติ
2566,สตูล,ค่าใช้จ่ายทั้งสิ้นต่อเดือน,ผู้ประกอบธุรกิจของตนเองที่ไม่ใช่การเกษตร,ผู้ประกอบธุรกิจของตนเองที่ไม่ใช่การเกษตร,22541.00,บาท,,สำนักงานสถิติแห่งชาติ
2566,สตูล,ค่าใช้จ่ายทั้งสิ้นต่อเดือน,ลูกจ้าง,ผู้จัดการนักวิชาการและผู้ปฏิบัติงานวิชาชีพ,32524.00,บาท,,สำนักงานสถิติแห่งชาติ
2566,สตูล,ค่าใช้จ่ายทั้งสิ้นต่อเดือน,ลูกจ้าง,คนงานเกษตรป่าไม้และประมง,14087.00,บาท,,สำนักงานสถิติแห่งชาติ
2566,สตูล,ค่าใช้จ่ายทั้งสิ้นต่อเดือน,ลูกจ้าง,คนงานด้านการขนส่งและงานพื้นฐาน,12625.00,บาท,,สำนักงานสถิติแห่งชาติ
2566,สตูล,ค่าใช้จ่ายทั้งสิ้นต่อเดือน,ลูกจ้าง,เสมียนพนักงานขายและให้บริการ,17510.00,บาท,,สำนักงานสถิติแห่งชาติ
2566,สตูล,ค่าใช้จ่ายทั้งสิ้นต่อเดือน,ลูกจ้าง,ผู้ปฏิบัติงานในกระบวนการผลิตก่อสร้างและเหมืองแร่,16931.00,บาท,,สำนักงานสถิติแห่งชาติ
2566,สตูล,ค่าใช้จ่ายทั้งสิ้นต่อเดือน,ผู้ไม่ได้ปฏิบัติงานเชิงเศรษฐกิจ,ผู้ไม่ได้ปฏิบัติงานเชิงเศรษฐกิจ,14556.00,บาท,,สำนักงานสถิติแห่งชาติ
2566,สตูล,หนี้สินเฉลี่ยต่อครัวเรือนทั้งสิ้น,รวมทั้งสิ้น,รวมทั้งสิ้น,166946.00,บาท,,สำนักงานสถิติแห่งชาติ
2566,สตูล,หนี้สินเฉลี่ยต่อครัวเรือนทั้งสิ้น,ผู้ถือครองทำการเกษตร/เพาะเลี้ยง,ปลูกพืช/เลี้ยงสัตว์/เพาะเลี้ยง_ส่วนใหญ่เป็นเจ้าของที่ดิน,259892.00,บาท,,สำนักงานสถิติแห่งชาติ
2566,สตูล,หนี้สินเฉลี่ยต่อครัวเรือนทั้งสิ้น,ผู้ถือครองทำการเกษตร/เพาะเลี้ยง,ปลูกพืช/เลี้ยงสัตว์/เพาะเลี้ยง_ส่วนใหญ่เช่าที่ดิน/ทำฟรี,940932.00,บาท,,สำนักงานสถิติแห่งชาติ
2566,สตูล,หนี้สินเฉลี่ยต่อครัวเรือนทั้งสิ้น,ผู้ถือครองทำการเกษตร/เพาะเลี้ยง,ประมงป่าไม้ล่าสัตว์หาของป่าบริการทางการเกษตร,79526.00,บาท,,สำนักงานสถิติแห่งชาติ
2566,สตูล,หนี้สินเฉลี่ยต่อครัวเรือนทั้งสิ้น,ผู้ประกอบธุรกิจของตนเองที่ไม่ใช่การเกษตร,ผู้ประกอบธุรกิจของตนเองที่ไม่ใช่การเกษตร,237290.00,บาท,,สำนักงานสถิติแห่งชาติ
2566,สตูล,หนี้สินเฉลี่ยต่อครัวเรือนทั้งสิ้น,ลูกจ้าง,ผู้จัดการนักวิชาการและผู้ปฏิบัติงานวิชาชีพ,269129.00,บาท,,สำนักงานสถิติแห่งชาติ
2566,สตูล,หนี้สินเฉลี่ยต่อครัวเรือนทั้งสิ้น,ลูกจ้าง,คนงานเกษตรป่าไม้และประมง,52515.00,บาท,,สำนักงานสถิติแห่งชาติ
2566,สตูล,หนี้สินเฉลี่ยต่อครัวเรือนทั้งสิ้น,ลูกจ้าง,คนงานด้านการขนส่งและงานพื้นฐาน,42417.00,บาท,,สำนักงานสถิติแห่งชาติ
2566,สตูล,หนี้สินเฉลี่ยต่อครัวเรือนทั้งสิ้น,ลูกจ้าง,เสมียนพนักงานขายและให้บริการ,114915.00,บาท,,สำนักงานสถิติแห่งชาติ
2566,สตูล,หนี้สินเฉลี่ยต่อครัวเรือนทั้งสิ้น,ลูกจ้าง,ผู้ปฏิบัติงานในกระบวนการผลิตก่อสร้างและเหมืองแร่,67636.00,บาท,,สำนักงานสถิติแห่งชาติ
2566,สตูล,หนี้สินเฉลี่ยต่อครัวเรือนทั้งสิ้น,ผู้ไม่ได้ปฏิบัติงานเชิงเศรษฐกิจ,ผู้ไม่ได้ปฏิบัติงานเชิงเศรษฐกิจ,82097.00,บาท,,สำนักงานสถิติแห่งชาติ
2566,สตูล,ร้อยละของค่าใช้จ่ายต่อรายได้,รวมทั้งสิ้น,รวมทั้งสิ้น,82.64,ร้อยละ,,สำนักงานสถิติแห่งชาติ
2566,สตูล,ร้อยละของค่าใช้จ่ายต่อรายได้,ผู้ถือครองทำการเกษตร/เพาะเลี้ยง,ปลูกพืช/เลี้ยงสัตว์/เพาะเลี้ยง_ส่วนใหญ่เป็นเจ้าของที่ดิน,96.35,ร้อยละ,,สำนักงานสถิติแห่งชาติ
2566,สตูล,ร้อยละของค่าใช้จ่ายต่อรายได้,ผู้ถือครองทำการเกษตร/เพาะเลี้ยง,ปลูกพืช/เลี้ยงสัตว์/เพาะเลี้ยง_ส่วนใหญ่เช่าที่ดิน/ทำฟรี,84.02,ร้อยละ,,สำนักงานสถิติแห่งชาติ
2566,สตูล,ร้อยละของค่าใช้จ่ายต่อรายได้,ผู้ถือครองทำการเกษตร/เพาะเลี้ยง,ประมงป่าไม้ล่าสัตว์หาของป่าบริการทางการเกษตร,114.63,ร้อยละ,,สำนักงานสถิติแห่งชาติ
2566,สตูล,ร้อยละของค่าใช้จ่ายต่อรายได้,ผู้ประกอบธุรกิจของตนเองที่ไม่ใช่การเกษตร,ผู้ประกอบธุรกิจของตนเองที่ไม่ใช่การเกษตร,66.10,ร้อยละ,,สำนักงานสถิติแห่งชาติ
2566,สตูล,ร้อยละของค่าใช้จ่ายต่อรายได้,ลูกจ้าง,ผู้จัดการนักวิชาการและผู้ปฏิบัติงานวิชาชีพ,80.74,ร้อยละ,,สำนักงานสถิติแห่งชาติ
2566,สตูล,ร้อยละของค่าใช้จ่ายต่อรายได้,ลูกจ้าง,คนงานเกษตรป่าไม้และประมง,102.36,ร้อยละ,,สำนักงานสถิติแห่งชาติ
2566,สตูล,ร้อยละของค่าใช้จ่ายต่อรายได้,ลูกจ้าง,คนงานด้านการขนส่งและงานพื้นฐาน,91.63,ร้อยละ,,สำนักงานสถิติแห่งชาติ
2566,สตูล,ร้อยละของค่าใช้จ่ายต่อรายได้,ลูกจ้าง,เสมียนพนักงานขายและให้บริการ,80.68,ร้อยละ,,สำนักงานสถิติแห่งชาติ
2566,สตูล,ร้อยละของค่าใช้จ่ายต่อรายได้,ลูกจ้าง,ผู้ปฏิบัติงานในกระบวนการผลิตก่อสร้างและเหมืองแร่,92.27,ร้อยละ,,สำนักงานสถิติแห่งชาติ
2566,สตูล,ร้อยละของค่าใช้จ่ายต่อรายได้,ผู้ไม่ได้ปฏิบัติงานเชิงเศรษฐกิจ,ผู้ไม่ได้ปฏิบัติงานเชิงเศรษฐกิจ,84.19,ร้อยละ,,สำนักงานสถิติแห่งชาติ
2566,ตรัง,รายได้ทั้งสิ้นต่อเดือน,รวมทั้งสิ้น,รวมทั้งสิ้น,28288.00,บาท,,สำนักงานสถิติแห่งชาติ
2566,ตรัง,รายได้ทั้งสิ้นต่อเดือน,ผู้ถือครองทำการเกษตร/เพาะเลี้ยง,ปลูกพืช/เลี้ยงสัตว์/เพาะเลี้ยง_ส่วนใหญ่เป็นเจ้าของที่ดิน,28238.00,บาท,,สำนักงานสถิติแห่งชาติ
2566,ตรัง,รายได้ทั้งสิ้นต่อเดือน,ผู้ถือครองทำการเกษตร/เพาะเลี้ยง,ปลูกพืช/เลี้ยงสัตว์/เพาะเลี้ยง_ส่วนใหญ่เช่าที่ดิน/ทำฟรี,.00,บาท,"ศูนย์ยกกำลังดับเบิลยู หมายถึง ข้อมูลจากการสำรวจตัวอย่างมีค่าเป็น 0",สำนักงานสถิติแห่งชาติ
2566,ตรัง,รายได้ทั้งสิ้นต่อเดือน,ผู้ถือครองทำการเกษตร/เพาะเลี้ยง,ประมงป่าไม้ล่าสัตว์หาของป่าบริการทางการเกษตร,19662.00,บาท,,สำนักงานสถิติแห่งชาติ
2566,ตรัง,รายได้ทั้งสิ้นต่อเดือน,ผู้ประกอบธุรกิจของตนเองที่ไม่ใช่การเกษตร,ผู้ประกอบธุรกิจของตนเองที่ไม่ใช่การเกษตร,38894.00,บาท,,สำนักงานสถิติแห่งชาติ
2566,ตรัง,รายได้ทั้งสิ้นต่อเดือน,ลูกจ้าง,ผู้จัดการนักวิชาการและผู้ปฏิบัติงานวิชาชีพ,50217.00,บาท,,สำนักงานสถิติแห่งชาติ
2566,ตรัง,รายได้ทั้งสิ้นต่อเดือน,ลูกจ้าง,คนงานเกษตรป่าไม้และประมง,15554.00,บาท,,สำนักงานสถิติแห่งชาติ
2566,ตรัง,รายได้ทั้งสิ้นต่อเดือน,ลูกจ้าง,คนงานด้านการขนส่งและงานพื้นฐาน,16793.00,บาท,,สำนักงานสถิติแห่งชาติ
2566,ตรัง,รายได้ทั้งสิ้นต่อเดือน,ลูกจ้าง,เสมียนพนักงานขายและให้บริการ,27302.00,บาท,,สำนักงานสถิติแห่งชาติ
2566,ตรัง,รายได้ทั้งสิ้นต่อเดือน,ลูกจ้าง,ผู้ปฏิบัติงานในกระบวนการผลิตก่อสร้างและเหมืองแร่,21299.00,บาท,,สำนักงานสถิติแห่งชาติ
2566,ตรัง,รายได้ทั้งสิ้นต่อเดือน,ผู้ไม่ได้ปฏิบัติงานเชิงเศรษฐกิจ,ผู้ไม่ได้ปฏิบัติงานเชิงเศรษฐกิจ,21639.00,บาท,,สำนักงานสถิติแห่งชาติ
2566,ตรัง,ค่าใช้จ่ายทั้งสิ้นต่อเดือน,รวมทั้งสิ้น,รวมทั้งสิ้น,22376.00,บาท,,สำนักงานสถิติแห่งชาติ
2566,ตรัง,ค่าใช้จ่ายทั้งสิ้นต่อเดือน,ผู้ถือครองทำการเกษตร/เพาะเลี้ยง,ปลูกพืช/เลี้ยงสัตว์/เพาะเลี้ยง_ส่วนใหญ่เป็นเจ้าของที่ดิน,23030.00,บาท,,สำนักงานสถิติแห่งชาติ
2566,ตรัง,ค่าใช้จ่ายทั้งสิ้นต่อเดือน,ผู้ถือครองทำการเกษตร/เพาะเลี้ยง,ประมงป่าไม้ล่าสัตว์หาของป่าบริการทางการเกษตร,14366.00,บาท,,สำนักงานสถิติแห่งชาติ
2566,ตรัง,ค่าใช้จ่ายทั้งสิ้นต่อเดือน,ผู้ประกอบธุรกิจของตนเองที่ไม่ใช่การเกษตร,ผู้ประกอบธุรกิจของตนเองที่ไม่ใช่การเกษตร,26702.00,บาท,,สำนักงานสถิติแห่งชาติ
2566,ตรัง,ค่าใช้จ่ายทั้งสิ้นต่อเดือน,ลูกจ้าง,ผู้จัดการนักวิชาการและผู้ปฏิบัติงานวิชาชีพ,34899.00,บาท,,สำนักงานสถิติแห่งชาติ
2566,ตรัง,ค่าใช้จ่ายทั้งสิ้นต่อเดือน,ผู้ถือครองทำการเกษตร/เพาะเลี้ยง,ปลูกพืช/เลี้ยงสัตว์/เพาะเลี้ยง_ส่วนใหญ่เช่าที่ดิน/ทำฟรี,.00,บาท,"ศูนย์ยกกำลังดับเบิลยู หมายถึง ข้อมูลจากการสำรวจตัวอย่างมีค่าเป็น 0",สำนักงานสถิติแห่งชาติ
2566,ตรัง,ค่าใช้จ่ายทั้งสิ้นต่อเดือน,ลูกจ้าง,คนงานเกษตรป่าไม้และประมง,14637.00,บาท,,สำนักงานสถิติแห่งชาติ
2566,ตรัง,ค่าใช้จ่ายทั้งสิ้นต่อเดือน,ลูกจ้าง,คนงานด้านการขนส่งและงานพื้นฐาน,13478.00,บาท,,สำนักงานสถิติแห่งชาติ
2566,ตรัง,ค่าใช้จ่ายทั้งสิ้นต่อเดือน,ลูกจ้าง,เสมียนพนักงานขายและให้บริการ,24255.00,บาท,,สำนักงานสถิติแห่งชาติ
2566,ตรัง,ค่าใช้จ่ายทั้งสิ้นต่อเดือน,ลูกจ้าง,ผู้ปฏิบัติงานในกระบวนการผลิตก่อสร้างและเหมืองแร่,19839.00,บาท,,สำนักงานสถิติแห่งชาติ
2566,ตรัง,ค่าใช้จ่ายทั้งสิ้นต่อเดือน,ผู้ไม่ได้ปฏิบัติงานเชิงเศรษฐกิจ,ผู้ไม่ได้ปฏิบัติงานเชิงเศรษฐกิจ,18959.00,บาท,,สำนักงานสถิติแห่งชาติ
2566,ตรัง,หนี้สินเฉลี่ยต่อครัวเรือนทั้งสิ้น,รวมทั้งสิ้น,รวมทั้งสิ้น,198008.00,บาท,,สำนักงานสถิติแห่งชาติ
2566,ตรัง,หนี้สินเฉลี่ยต่อครัวเรือนทั้งสิ้น,ผู้ถือครองทำการเกษตร/เพาะเลี้ยง,ปลูกพืช/เลี้ยงสัตว์/เพาะเลี้ยง_ส่วนใหญ่เป็นเจ้าของที่ดิน,139598.00,บาท,,สำนักงานสถิติแห่งชาติ
2566,ตรัง,หนี้สินเฉลี่ยต่อครัวเรือนทั้งสิ้น,ผู้ถือครองทำการเกษตร/เพาะเลี้ยง,ปลูกพืช/เลี้ยงสัตว์/เพาะเลี้ยง_ส่วนใหญ่เช่าที่ดิน/ทำฟรี,.00,บาท,"ศูนย์ยกกำลังดับเบิลยู หมายถึง ข้อมูลจากการสำรวจตัวอย่างมีค่าเป็น 0",สำนักงานสถิติแห่งชาติ
2566,ตรัง,หนี้สินเฉลี่ยต่อครัวเรือนทั้งสิ้น,ผู้ถือครองทำการเกษตร/เพาะเลี้ยง,ประมงป่าไม้ล่าสัตว์หาของป่าบริการทางการเกษตร,88545.00,บาท,,สำนักงานสถิติแห่งชาติ
2566,ตรัง,หนี้สินเฉลี่ยต่อครัวเรือนทั้งสิ้น,ผู้ประกอบธุรกิจของตนเองที่ไม่ใช่การเกษตร,ผู้ประกอบธุรกิจของตนเองที่ไม่ใช่การเกษตร,336616.00,บาท,,สำนักงานสถิติแห่งชาติ
2566,ตรัง,หนี้สินเฉลี่ยต่อครัวเรือนทั้งสิ้น,ลูกจ้าง,ผู้จัดการนักวิชาการและผู้ปฏิบัติงานวิชาชีพ,308740.00,บาท,,สำนักงานสถิติแห่งชาติ
2566,ตรัง,หนี้สินเฉลี่ยต่อครัวเรือนทั้งสิ้น,ลูกจ้าง,คนงานเกษตรป่าไม้และประมง,38009.00,บาท,,สำนักงานสถิติแห่งชาติ
2566,ตรัง,หนี้สินเฉลี่ยต่อครัวเรือนทั้งสิ้น,ลูกจ้าง,คนงานด้านการขนส่งและงานพื้นฐาน,64092.00,บาท,,สำนักงานสถิติแห่งชาติ
2566,ตรัง,หนี้สินเฉลี่ยต่อครัวเรือนทั้งสิ้น,ลูกจ้าง,เสมียนพนักงานขายและให้บริการ,265493.00,บาท,,สำนักงานสถิติแห่งชาติ
2566,ตรัง,หนี้สินเฉลี่ยต่อครัวเรือนทั้งสิ้น,ลูกจ้าง,ผู้ปฏิบัติงานในกระบวนการผลิตก่อสร้างและเหมืองแร่,80327.00,บาท,,สำนักงานสถิติแห่งชาติ
2566,ตรัง,หนี้สินเฉลี่ยต่อครัวเรือนทั้งสิ้น,ผู้ไม่ได้ปฏิบัติงานเชิงเศรษฐกิจ,ผู้ไม่ได้ปฏิบัติงานเชิงเศรษฐกิจ,215228.00,บาท,,สำนักงานสถิติแห่งชาติ
2566,ตรัง,ร้อยละของค่าใช้จ่ายต่อรายได้,รวมทั้งสิ้น,รวมทั้งสิ้น,79.10,ร้อยละ,,สำนักงานสถิติแห่งชาติ
2566,ตรัง,ร้อยละของค่าใช้จ่ายต่อรายได้,ผู้ถือครองทำการเกษตร/เพาะเลี้ยง,ปลูกพืช/เลี้ยงสัตว์/เพาะเลี้ยง_ส่วนใหญ่เป็นเจ้าของที่ดิน,81.56,ร้อยละ,,สำนักงานสถิติแห่งชาติ
2566,ตรัง,ร้อยละของค่าใช้จ่ายต่อรายได้,ผู้ถือครองทำการเกษตร/เพาะเลี้ยง,ปลูกพืช/เลี้ยงสัตว์/เพาะเลี้ยง_ส่วนใหญ่เช่าที่ดิน/ทำฟรี,.00,ร้อยละ,"ศูนย์จุดศูนย์ศูนย์ยกกำลังดับเบิลยู หมายถึง ข้อมูลจากการสำรวจตัวอย่างมีค่าเป็น 0",สำนักงานสถิติแห่งชาติ
2566,ตรัง,ร้อยละของค่าใช้จ่ายต่อรายได้,ผู้ถือครองทำการเกษตร/เพาะเลี้ยง,ประมงป่าไม้ล่าสัตว์หาของป่าบริการทางการเกษตร,73.06,ร้อยละ,,สำนักงานสถิติแห่งชาติ
2566,ตรัง,ร้อยละของค่าใช้จ่ายต่อรายได้,ผู้ประกอบธุรกิจของตนเองที่ไม่ใช่การเกษตร,ผู้ประกอบธุรกิจของตนเองที่ไม่ใช่การเกษตร,68.65,ร้อยละ,,สำนักงานสถิติแห่งชาติ
2566,ตรัง,ร้อยละของค่าใช้จ่ายต่อรายได้,ลูกจ้าง,ผู้จัดการนักวิชาการและผู้ปฏิบัติงานวิชาชีพ,69.50,ร้อยละ,,สำนักงานสถิติแห่งชาติ
2566,ตรัง,ร้อยละของค่าใช้จ่ายต่อรายได้,ลูกจ้าง,คนงานเกษตรป่าไม้และประมง,94.10,ร้อยละ,,สำนักงานสถิติแห่งชาติ
2566,ตรัง,ร้อยละของค่าใช้จ่ายต่อรายได้,ลูกจ้าง,คนงานด้านการขนส่งและงานพื้นฐาน,80.26,ร้อยละ,,สำนักงานสถิติแห่งชาติ
2566,ตรัง,ร้อยละของค่าใช้จ่ายต่อรายได้,ลูกจ้าง,เสมียนพนักงานขายและให้บริการ,88.84,ร้อยละ,,สำนักงานสถิติแห่งชาติ
2566,ตรัง,ร้อยละของค่าใช้จ่ายต่อรายได้,ลูกจ้าง,ผู้ปฏิบัติงานในกระบวนการผลิตก่อสร้างและเหมืองแร่,93.15,ร้อยละ,,สำนักงานสถิติแห่งชาติ
2566,ตรัง,ร้อยละของค่าใช้จ่ายต่อรายได้,ผู้ไม่ได้ปฏิบัติงานเชิงเศรษฐกิจ,ผู้ไม่ได้ปฏิบัติงานเชิงเศรษฐกิจ,87.61,ร้อยละ,,สำนักงานสถิติแห่งชาติ
2566,พัทลุง,รายได้ทั้งสิ้นต่อเดือน,รวมทั้งสิ้น,รวมทั้งสิ้น,26290.00,บาท,,สำนักงานสถิติแห่งชาติ
2566,พัทลุง,รายได้ทั้งสิ้นต่อเดือน,ผู้ถือครองทำการเกษตร/เพาะเลี้ยง,ปลูกพืช/เลี้ยงสัตว์/เพาะเลี้ยง_ส่วนใหญ่เป็นเจ้าของที่ดิน,17058.00,บาท,,สำนักงานสถิติแห่งชาติ
2566,พัทลุง,รายได้ทั้งสิ้นต่อเดือน,ผู้ถือครองทำการเกษตร/เพาะเลี้ยง,ปลูกพืช/เลี้ยงสัตว์/เพาะเลี้ยง_ส่วนใหญ่เช่าที่ดิน/ทำฟรี,19864.00,บาท,,สำนักงานสถิติแห่งชาติ
2566,พัทลุง,รายได้ทั้งสิ้นต่อเดือน,ผู้ถือครองทำการเกษตร/เพาะเลี้ยง,ประมงป่าไม้ล่าสัตว์หาของป่าบริการทางการเกษตร,22341.00,บาท,,สำนักงานสถิติแห่งชาติ
2566,พัทลุง,รายได้ทั้งสิ้นต่อเดือน,ผู้ประกอบธุรกิจของตนเองที่ไม่ใช่การเกษตร,ผู้ประกอบธุรกิจของตนเองที่ไม่ใช่การเกษตร,33144.00,บาท,,สำนักงานสถิติแห่งชาติ
2566,พัทลุง,รายได้ทั้งสิ้นต่อเดือน,ลูกจ้าง,ผู้จัดการนักวิชาการและผู้ปฏิบัติงานวิชาชีพ,50387.00,บาท,,สำนักงานสถิติแห่งชาติ
2566,พัทลุง,รายได้ทั้งสิ้นต่อเดือน,ลูกจ้าง,คนงานเกษตรป่าไม้และประมง,16727.00,บาท,,สำนักงานสถิติแห่งชาติ
2566,พัทลุง,รายได้ทั้งสิ้นต่อเดือน,ลูกจ้าง,คนงานด้านการขนส่งและงานพื้นฐาน,16213.00,บาท,,สำนักงานสถิติแห่งชาติ
2566,พัทลุง,รายได้ทั้งสิ้นต่อเดือน,ลูกจ้าง,เสมียนพนักงานขายและให้บริการ,29498.00,บาท,,สำนักงานสถิติแห่งชาติ
2566,พัทลุง,รายได้ทั้งสิ้นต่อเดือน,ลูกจ้าง,ผู้ปฏิบัติงานในกระบวนการผลิตก่อสร้างและเหมืองแร่,21501.00,บาท,,สำนักงานสถิติแห่งชาติ
2566,พัทลุง,รายได้ทั้งสิ้นต่อเดือน,ผู้ไม่ได้ปฏิบัติงานเชิงเศรษฐกิจ,ผู้ไม่ได้ปฏิบัติงานเชิงเศรษฐกิจ,20630.00,บาท,,สำนักงานสถิติแห่งชาติ
2566,พัทลุง,ค่าใช้จ่ายทั้งสิ้นต่อเดือน,รวมทั้งสิ้น,รวมทั้งสิ้น,22620.00,บาท,,สำนักงานสถิติแห่งชาติ
2566,พัทลุง,ค่าใช้จ่ายทั้งสิ้นต่อเดือน,ผู้ถือครองทำการเกษตร/เพาะเลี้ยง,ปลูกพืช/เลี้ยงสัตว์/เพาะเลี้ยง_ส่วนใหญ่เป็นเจ้าของที่ดิน,27256.00,บาท,,สำนักงานสถิติแห่งชาติ
2566,พัทลุง,ค่าใช้จ่ายทั้งสิ้นต่อเดือน,ผู้ถือครองทำการเกษตร/เพาะเลี้ยง,ปลูกพืช/เลี้ยงสัตว์/เพาะเลี้ยง_ส่วนใหญ่เช่าที่ดิน/ทำฟรี,15993.00,บาท,,สำนักงานสถิติแห่งชาติ
2566,พัทลุง,ค่าใช้จ่ายทั้งสิ้นต่อเดือน,ผู้ถือครองทำการเกษตร/เพาะเลี้ยง,ประมงป่าไม้ล่าสัตว์หาของป่าบริการทางการเกษตร,18249.00,บาท,,สำนักงานสถิติแห่งชาติ
2566,พัทลุง,ค่าใช้จ่ายทั้งสิ้นต่อเดือน,ผู้ประกอบธุรกิจของตนเองที่ไม่ใช่การเกษตร,ผู้ประกอบธุรกิจของตนเองที่ไม่ใช่การเกษตร,24575.00,บาท,,สำนักงานสถิติแห่งชาติ
2566,พัทลุง,ค่าใช้จ่ายทั้งสิ้นต่อเดือน,ลูกจ้าง,ผู้จัดการนักวิชาการและผู้ปฏิบัติงานวิชาชีพ,33899.00,บาท,,สำนักงานสถิติแห่งชาติ
2566,พัทลุง,ค่าใช้จ่ายทั้งสิ้นต่อเดือน,ลูกจ้าง,คนงานเกษตรป่าไม้และประมง,16877.00,บาท,,สำนักงานสถิติแห่งชาติ
2566,พัทลุง,ค่าใช้จ่ายทั้งสิ้นต่อเดือน,ลูกจ้าง,คนงานด้านการขนส่งและงานพื้นฐาน,18069.00,บาท,,สำนักงานสถิติแห่งชาติ
2566,พัทลุง,ค่าใช้จ่ายทั้งสิ้นต่อเดือน,ลูกจ้าง,เสมียนพนักงานขายและให้บริการ,25457.00,บาท,,สำนักงานสถิติแห่งชาติ
2566,พัทลุง,ค่าใช้จ่ายทั้งสิ้นต่อเดือน,ลูกจ้าง,ผู้ปฏิบัติงานในกระบวนการผลิตก่อสร้างและเหมืองแร่,16752.00,บาท,,สำนักงานสถิติแห่งชาติ
2566,พัทลุง,ค่าใช้จ่ายทั้งสิ้นต่อเดือน,ผู้ไม่ได้ปฏิบัติงานเชิงเศรษฐกิจ,ผู้ไม่ได้ปฏิบัติงานเชิงเศรษฐกิจ,15750.00,บาท,,สำนักงานสถิติแห่งชาติ
2566,พัทลุง,หนี้สินเฉลี่ยต่อครัวเรือนทั้งสิ้น,รวมทั้งสิ้น,รวมทั้งสิ้น,254471.00,บาท,,สำนักงานสถิติแห่งชาติ
2566,พัทลุง,หนี้สินเฉลี่ยต่อครัวเรือนทั้งสิ้น,ผู้ถือครองทำการเกษตร/เพาะเลี้ยง,ปลูกพืช/เลี้ยงสัตว์/เพาะเลี้ยง_ส่วนใหญ่เป็นเจ้าของที่ดิน,175128.00,บาท,,สำนักงานสถิติแห่งชาติ
2566,พัทลุง,หนี้สินเฉลี่ยต่อครัวเรือนทั้งสิ้น,ผู้ถือครองทำการเกษตร/เพาะเลี้ยง,ปลูกพืช/เลี้ยงสัตว์/เพาะเลี้ยง_ส่วนใหญ่เช่าที่ดิน/ทำฟรี,142516.00,บาท,,สำนักงานสถิติแห่งชาติ
2566,พัทลุง,หนี้สินเฉลี่ยต่อครัวเรือนทั้งสิ้น,ผู้ถือครองทำการเกษตร/เพาะเลี้ยง,ประมงป่าไม้ล่าสัตว์หาของป่าบริการทางการเกษตร,224855.00,บาท,,สำนักงานสถิติแห่งชาติ
2566,พัทลุง,หนี้สินเฉลี่ยต่อครัวเรือนทั้งสิ้น,ผู้ประกอบธุรกิจของตนเองที่ไม่ใช่การเกษตร,ผู้ประกอบธุรกิจของตนเองที่ไม่ใช่การเกษตร,321693.00,บาท,,สำนักงานสถิติแห่งชาติ
2566,พัทลุง,หนี้สินเฉลี่ยต่อครัวเรือนทั้งสิ้น,ลูกจ้าง,ผู้จัดการนักวิชาการและผู้ปฏิบัติงานวิชาชีพ,542139.00,บาท,,สำนักงานสถิติแห่งชาติ
2566,พัทลุง,หนี้สินเฉลี่ยต่อครัวเรือนทั้งสิ้น,ลูกจ้าง,คนงานเกษตรป่าไม้และประมง,130211.00,บาท,,สำนักงานสถิติแห่งชาติ
2566,พัทลุง,หนี้สินเฉลี่ยต่อครัวเรือนทั้งสิ้น,ลูกจ้าง,คนงานด้านการขนส่งและงานพื้นฐาน,400000.00,บาท,,สำนักงานสถิติแห่งชาติ
2566,พัทลุง,หนี้สินเฉลี่ยต่อครัวเรือนทั้งสิ้น,ลูกจ้าง,เสมียนพนักงานขายและให้บริการ,330448.00,บาท,,สำนักงานสถิติแห่งชาติ
2566,พัทลุง,หนี้สินเฉลี่ยต่อครัวเรือนทั้งสิ้น,ลูกจ้าง,ผู้ปฏิบัติงานในกระบวนการผลิตก่อสร้างและเหมืองแร่,114335.00,บาท,,สำนักงานสถิติแห่งชาติ
2566,พัทลุง,หนี้สินเฉลี่ยต่อครัวเรือนทั้งสิ้น,ผู้ไม่ได้ปฏิบัติงานเชิงเศรษฐกิจ,ผู้ไม่ได้ปฏิบัติงานเชิงเศรษฐกิจ,190732.00,บาท,,สำนักงานสถิติแห่งชาติ
2566,พัทลุง,ร้อยละของค่าใช้จ่ายต่อรายได้,รวมทั้งสิ้น,รวมทั้งสิ้น,86.04,ร้อยละ,,สำนักงานสถิติแห่งชาติ
2566,พัทลุง,ร้อยละของค่าใช้จ่ายต่อรายได้,ผู้ถือครองทำการเกษตร/เพาะเลี้ยง,ปลูกพืช/เลี้ยงสัตว์/เพาะเลี้ยง_ส่วนใหญ่เป็นเจ้าของที่ดิน,159.79,ร้อยละ,,สำนักงานสถิติแห่งชาติ
2566,พัทลุง,ร้อยละของค่าใช้จ่ายต่อรายได้,ผู้ถือครองทำการเกษตร/เพาะเลี้ยง,ปลูกพืช/เลี้ยงสัตว์/เพาะเลี้ยง_ส่วนใหญ่เช่าที่ดิน/ทำฟรี,80.51,ร้อยละ,,สำนักงานสถิติแห่งชาติ
2566,พัทลุง,ร้อยละของค่าใช้จ่ายต่อรายได้,ผู้ถือครองทำการเกษตร/เพาะเลี้ยง,ประมงป่าไม้ล่าสัตว์หาของป่าบริการทางการเกษตร,81.68,ร้อยละ,,สำนักงานสถิติแห่งชาติ
2566,พัทลุง,ร้อยละของค่าใช้จ่ายต่อรายได้,ผู้ประกอบธุรกิจของตนเองที่ไม่ใช่การเกษตร,ผู้ประกอบธุรกิจของตนเองที่ไม่ใช่การเกษตร,74.15,ร้อยละ,,สำนักงานสถิติแห่งชาติ
2566,พัทลุง,ร้อยละของค่าใช้จ่ายต่อรายได้,ลูกจ้าง,ผู้จัดการนักวิชาการและผู้ปฏิบัติงานวิชาชีพ,67.28,ร้อยละ,,สำนักงานสถิติแห่งชาติ
2566,พัทลุง,ร้อยละของค่าใช้จ่ายต่อรายได้,ลูกจ้าง,คนงานเกษตรป่าไม้และประมง,100.90,ร้อยละ,,สำนักงานสถิติแห่งชาติ
2566,พัทลุง,ร้อยละของค่าใช้จ่ายต่อรายได้,ลูกจ้าง,คนงานด้านการขนส่งและงานพื้นฐาน,111.44,ร้อยละ,,สำนักงานสถิติแห่งชาติ
2566,พัทลุง,ร้อยละของค่าใช้จ่ายต่อรายได้,ลูกจ้าง,เสมียนพนักงานขายและให้บริการ,86.30,ร้อยละ,,สำนักงานสถิติแห่งชาติ
2566,พัทลุง,ร้อยละของค่าใช้จ่ายต่อรายได้,ลูกจ้าง,ผู้ปฏิบัติงานในกระบวนการผลิตก่อสร้างและเหมืองแร่,77.92,ร้อยละ,,สำนักงานสถิติแห่งชาติ
2566,พัทลุง,ร้อยละของค่าใช้จ่ายต่อรายได้,ผู้ไม่ได้ปฏิบัติงานเชิงเศรษฐกิจ,ผู้ไม่ได้ปฏิบัติงานเชิงเศรษฐกิจ,76.35,ร้อยละ,,สำนักงานสถิติแห่งชาติ
2566,ปัตตานี,รายได้ทั้งสิ้นต่อเดือน,รวมทั้งสิ้น,รวมทั้งสิ้น,19777.00,บาท,,สำนักงานสถิติแห่งชาติ
2566,ปัตตานี,รายได้ทั้งสิ้นต่อเดือน,ผู้ถือครองทำการเกษตร/เพาะเลี้ยง,ปลูกพืช/เลี้ยงสัตว์/เพาะเลี้ยง_ส่วนใหญ่เป็นเจ้าของที่ดิน,9440.00,บาท,,สำนักงานสถิติแห่งชาติ
2566,ปัตตานี,รายได้ทั้งสิ้นต่อเดือน,ผู้ถือครองทำการเกษตร/เพาะเลี้ยง,ปลูกพืช/เลี้ยงสัตว์/เพาะเลี้ยง_ส่วนใหญ่เช่าที่ดิน/ทำฟรี,20819.00,บาท,,สำนักงานสถิติแห่งชาติ
2566,ปัตตานี,รายได้ทั้งสิ้นต่อเดือน,ผู้ถือครองทำการเกษตร/เพาะเลี้ยง,ประมงป่าไม้ล่าสัตว์หาของป่าบริการทางการเกษตร,27179.00,บาท,,สำนักงานสถิติแห่งชาติ
2566,ปัตตานี,รายได้ทั้งสิ้นต่อเดือน,ผู้ประกอบธุรกิจของตนเองที่ไม่ใช่การเกษตร,ผู้ประกอบธุรกิจของตนเองที่ไม่ใช่การเกษตร,22112.00,บาท,,สำนักงานสถิติแห่งชาติ
2566,ปัตตานี,รายได้ทั้งสิ้นต่อเดือน,ลูกจ้าง,ผู้จัดการนักวิชาการและผู้ปฏิบัติงานวิชาชีพ,36944.00,บาท,,สำนักงานสถิติแห่งชาติ
2566,ปัตตานี,รายได้ทั้งสิ้นต่อเดือน,ลูกจ้าง,คนงานเกษตรป่าไม้และประมง,12547.00,บาท,,สำนักงานสถิติแห่งชาติ
2566,ปัตตานี,รายได้ทั้งสิ้นต่อเดือน,ลูกจ้าง,คนงานด้านการขนส่งและงานพื้นฐาน,14379.00,บาท,,สำนักงานสถิติแห่งชาติ
2566,ปัตตานี,รายได้ทั้งสิ้นต่อเดือน,ลูกจ้าง,เสมียนพนักงานขายและให้บริการ,21969.00,บาท,,สำนักงานสถิติแห่งชาติ
2566,ปัตตานี,รายได้ทั้งสิ้นต่อเดือน,ลูกจ้าง,ผู้ปฏิบัติงานในกระบวนการผลิตก่อสร้างและเหมืองแร่,16663.00,บาท,,สำนักงานสถิติแห่งชาติ
2566,ปัตตานี,รายได้ทั้งสิ้นต่อเดือน,ผู้ไม่ได้ปฏิบัติงานเชิงเศรษฐกิจ,ผู้ไม่ได้ปฏิบัติงานเชิงเศรษฐกิจ,11174.00,บาท,,สำนักงานสถิติแห่งชาติ
2566,ปัตตานี,ค่าใช้จ่ายทั้งสิ้นต่อเดือน,รวมทั้งสิ้น,รวมทั้งสิ้น,17540.00,บาท,,สำนักงานสถิติแห่งชาติ
2566,ปัตตานี,ค่าใช้จ่ายทั้งสิ้นต่อเดือน,ผู้ถือครองทำการเกษตร/เพาะเลี้ยง,ปลูกพืช/เลี้ยงสัตว์/เพาะเลี้ยง_ส่วนใหญ่เป็นเจ้าของที่ดิน,11645.00,บาท,,สำนักงานสถิติแห่งชาติ
2566,ปัตตานี,ค่าใช้จ่ายทั้งสิ้นต่อเดือน,ผู้ถือครองทำการเกษตร/เพาะเลี้ยง,ปลูกพืช/เลี้ยงสัตว์/เพาะเลี้ยง_ส่วนใหญ่เช่าที่ดิน/ทำฟรี,12665.00,บาท,,สำนักงานสถิติแห่งชาติ
2566,ปัตตานี,ค่าใช้จ่ายทั้งสิ้นต่อเดือน,ผู้ถือครองทำการเกษตร/เพาะเลี้ยง,ประมงป่าไม้ล่าสัตว์หาของป่าบริการทางการเกษตร,17674.00,บาท,,สำนักงานสถิติแห่งชาติ
2566,ปัตตานี,ค่าใช้จ่ายทั้งสิ้นต่อเดือน,ผู้ประกอบธุรกิจของตนเองที่ไม่ใช่การเกษตร,ผู้ประกอบธุรกิจของตนเองที่ไม่ใช่การเกษตร,19763.00,บาท,,สำนักงานสถิติแห่งชาติ
2566,ปัตตานี,ค่าใช้จ่ายทั้งสิ้นต่อเดือน,ลูกจ้าง,ผู้จัดการนักวิชาการและผู้ปฏิบัติงานวิชาชีพ,28938.00,บาท,,สำนักงานสถิติแห่งชาติ
2566,ปัตตานี,ค่าใช้จ่ายทั้งสิ้นต่อเดือน,ลูกจ้าง,คนงานเกษตรป่าไม้และประมง,11723.00,บาท,,สำนักงานสถิติแห่งชาติ
2566,ปัตตานี,ค่าใช้จ่ายทั้งสิ้นต่อเดือน,ลูกจ้าง,คนงานด้านการขนส่งและงานพื้นฐาน,13347.00,บาท,,สำนักงานสถิติแห่งชาติ
2566,ปัตตานี,ค่าใช้จ่ายทั้งสิ้นต่อเดือน,ลูกจ้าง,เสมียนพนักงานขายและให้บริการ,19637.00,บาท,,สำนักงานสถิติแห่งชาติ
2566,ปัตตานี,ค่าใช้จ่ายทั้งสิ้นต่อเดือน,ลูกจ้าง,ผู้ปฏิบัติงานในกระบวนการผลิตก่อสร้างและเหมืองแร่,16410.00,บาท,,สำนักงานสถิติแห่งชาติ
2566,ปัตตานี,ค่าใช้จ่ายทั้งสิ้นต่อเดือน,ผู้ไม่ได้ปฏิบัติงานเชิงเศรษฐกิจ,ผู้ไม่ได้ปฏิบัติงานเชิงเศรษฐกิจ,10272.00,บาท,,สำนักงานสถิติแห่งชาติ
2566,ปัตตานี,หนี้สินเฉลี่ยต่อครัวเรือนทั้งสิ้น,รวมทั้งสิ้น,รวมทั้งสิ้น,120445.00,บาท,,สำนักงานสถิติแห่งชาติ
2566,ปัตตานี,หนี้สินเฉลี่ยต่อครัวเรือนทั้งสิ้น,ผู้ถือครองทำการเกษตร/เพาะเลี้ยง,ปลูกพืช/เลี้ยงสัตว์/เพาะเลี้ยง_ส่วนใหญ่เป็นเจ้าของที่ดิน,39914.00,บาท,,สำนักงานสถิติแห่งชาติ
2566,ปัตตานี,หนี้สินเฉลี่ยต่อครัวเรือนทั้งสิ้น,ผู้ถือครองทำการเกษตร/เพาะเลี้ยง,ปลูกพืช/เลี้ยงสัตว์/เพาะเลี้ยง_ส่วนใหญ่เช่าที่ดิน/ทำฟรี,19600.00,บาท,,สำนักงานสถิติแห่งชาติ
2566,ปัตตานี,หนี้สินเฉลี่ยต่อครัวเรือนทั้งสิ้น,ผู้ถือครองทำการเกษตร/เพาะเลี้ยง,ประมงป่าไม้ล่าสัตว์หาของป่าบริการทางการเกษตร,220551.00,บาท,,สำนักงานสถิติแห่งชาติ
2566,ปัตตานี,หนี้สินเฉลี่ยต่อครัวเรือนทั้งสิ้น,ผู้ประกอบธุรกิจของตนเองที่ไม่ใช่การเกษตร,ผู้ประกอบธุรกิจของตนเองที่ไม่ใช่การเกษตร,124263.00,บาท,,สำนักงานสถิติแห่งชาติ
2566,ปัตตานี,หนี้สินเฉลี่ยต่อครัวเรือนทั้งสิ้น,ลูกจ้าง,ผู้จัดการนักวิชาการและผู้ปฏิบัติงานวิชาชีพ,479924.00,บาท,,สำนักงานสถิติแห่งชาติ
2566,ปัตตานี,หนี้สินเฉลี่ยต่อครัวเรือนทั้งสิ้น,ลูกจ้าง,คนงานเกษตรป่าไม้และประมง,17214.00,บาท,,สำนักงานสถิติแห่งชาติ
2566,ปัตตานี,หนี้สินเฉลี่ยต่อครัวเรือนทั้งสิ้น,ลูกจ้าง,คนงานด้านการขนส่งและงานพื้นฐาน,13359.00,บาท,,สำนักงานสถิติแห่งชาติ
2566,ปัตตานี,หนี้สินเฉลี่ยต่อครัวเรือนทั้งสิ้น,ลูกจ้าง,เสมียนพนักงานขายและให้บริการ,118367.00,บาท,,สำนักงานสถิติแห่งชาติ
2566,ปัตตานี,หนี้สินเฉลี่ยต่อครัวเรือนทั้งสิ้น,ลูกจ้าง,ผู้ปฏิบัติงานในกระบวนการผลิตก่อสร้างและเหมืองแร่,23530.00,บาท,,สำนักงานสถิติแห่งชาติ
2566,ปัตตานี,หนี้สินเฉลี่ยต่อครัวเรือนทั้งสิ้น,ผู้ไม่ได้ปฏิบัติงานเชิงเศรษฐกิจ,ผู้ไม่ได้ปฏิบัติงานเชิงเศรษฐกิจ,25413.00,บาท,,สำนักงานสถิติแห่งชาติ
2566,ปัตตานี,ร้อยละของค่าใช้จ่ายต่อรายได้,รวมทั้งสิ้น,รวมทั้งสิ้น,88.69,ร้อยละ,,สำนักงานสถิติแห่งชาติ
2566,ปัตตานี,ร้อยละของค่าใช้จ่ายต่อรายได้,ผู้ถือครองทำการเกษตร/เพาะเลี้ยง,ปลูกพืช/เลี้ยงสัตว์/เพาะเลี้ยง_ส่วนใหญ่เป็นเจ้าของที่ดิน,123.36,ร้อยละ,,สำนักงานสถิติแห่งชาติ
2566,ปัตตานี,ร้อยละของค่าใช้จ่ายต่อรายได้,ผู้ถือครองทำการเกษตร/เพาะเลี้ยง,ปลูกพืช/เลี้ยงสัตว์/เพาะเลี้ยง_ส่วนใหญ่เช่าที่ดิน/ทำฟรี,60.83,ร้อยละ,,สำนักงานสถิติแห่งชาติ
2566,ปัตตานี,ร้อยละของค่าใช้จ่ายต่อรายได้,ผู้ถือครองทำการเกษตร/เพาะเลี้ยง,ประมงป่าไม้ล่าสัตว์หาของป่าบริการทางการเกษตร,65.03,ร้อยละ,,สำนักงานสถิติแห่งชาติ
2566,ปัตตานี,ร้อยละของค่าใช้จ่ายต่อรายได้,ผู้ประกอบธุรกิจของตนเองที่ไม่ใช่การเกษตร,ผู้ประกอบธุรกิจของตนเองที่ไม่ใช่การเกษตร,89.38,ร้อยละ,,สำนักงานสถิติแห่งชาติ
2566,ปัตตานี,ร้อยละของค่าใช้จ่ายต่อรายได้,ลูกจ้าง,ผู้จัดการนักวิชาการและผู้ปฏิบัติงานวิชาชีพ,78.33,ร้อยละ,,สำนักงานสถิติแห่งชาติ
2566,ปัตตานี,ร้อยละของค่าใช้จ่ายต่อรายได้,ลูกจ้าง,คนงานเกษตรป่าไม้และประมง,93.43,ร้อยละ,,สำนักงานสถิติแห่งชาติ
2566,ปัตตานี,ร้อยละของค่าใช้จ่ายต่อรายได้,ลูกจ้าง,คนงานด้านการขนส่งและงานพื้นฐาน,92.83,ร้อยละ,,สำนักงานสถิติแห่งชาติ
2566,ปัตตานี,ร้อยละของค่าใช้จ่ายต่อรายได้,ลูกจ้าง,เสมียนพนักงานขายและให้บริการ,89.39,ร้อยละ,,สำนักงานสถิติแห่งชาติ
2566,ปัตตานี,ร้อยละของค่าใช้จ่ายต่อรายได้,ลูกจ้าง,ผู้ปฏิบัติงานในกระบวนการผลิตก่อสร้างและเหมืองแร่,98.48,ร้อยละ,,สำนักงานสถิติแห่งชาติ
2566,ปัตตานี,ร้อยละของค่าใช้จ่ายต่อรายได้,ผู้ไม่ได้ปฏิบัติงานเชิงเศรษฐกิจ,ผู้ไม่ได้ปฏิบัติงานเชิงเศรษฐกิจ,91.93,ร้อยละ,,สำนักงานสถิติแห่งชาติ
2566,ยะลา,รายได้ทั้งสิ้นต่อเดือน,รวมทั้งสิ้น,รวมทั้งสิ้น,26759.00,บาท,,สำนักงานสถิติแห่งชาติ
2566,ยะลา,รายได้ทั้งสิ้นต่อเดือน,ผู้ถือครองทำการเกษตร/เพาะเลี้ยง,ปลูกพืช/เลี้ยงสัตว์/เพาะเลี้ยง_ส่วนใหญ่เป็นเจ้าของที่ดิน,19243.00,บาท,,สำนักงานสถิติแห่งชาติ
2566,ยะลา,รายได้ทั้งสิ้นต่อเดือน,ผู้ถือครองทำการเกษตร/เพาะเลี้ยง,ปลูกพืช/เลี้ยงสัตว์/เพาะเลี้ยง_ส่วนใหญ่เช่าที่ดิน/ทำฟรี,8645.00,บาท,,สำนักงานสถิติแห่งชาติ
2566,ยะลา,รายได้ทั้งสิ้นต่อเดือน,ผู้ถือครองทำการเกษตร/เพาะเลี้ยง,ประมงป่าไม้ล่าสัตว์หาของป่าบริการทางการเกษตร,.00,บาท,"ศูนย์ยกกำลังดับเบิลยู หมายถึง ข้อมูลจากการสำรวจตัวอย่างมีค่าเป็น 0",สำนักงานสถิติแห่งชาติ
2566,ยะลา,รายได้ทั้งสิ้นต่อเดือน,ผู้ประกอบธุรกิจของตนเองที่ไม่ใช่การเกษตร,ผู้ประกอบธุรกิจของตนเองที่ไม่ใช่การเกษตร,51466.00,บาท,,สำนักงานสถิติแห่งชาติ
2566,ยะลา,รายได้ทั้งสิ้นต่อเดือน,ลูกจ้าง,ผู้จัดการนักวิชาการและผู้ปฏิบัติงานวิชาชีพ,45703.00,บาท,,สำนักงานสถิติแห่งชาติ
2566,ยะลา,รายได้ทั้งสิ้นต่อเดือน,ลูกจ้าง,คนงานเกษตรป่าไม้และประมง,12634.00,บาท,,สำนักงานสถิติแห่งชาติ
2566,ยะลา,รายได้ทั้งสิ้นต่อเดือน,ลูกจ้าง,คนงานด้านการขนส่งและงานพื้นฐาน,14905.00,บาท,,สำนักงานสถิติแห่งชาติ
2566,ยะลา,รายได้ทั้งสิ้นต่อเดือน,ลูกจ้าง,เสมียนพนักงานขายและให้บริการ,21646.00,บาท,,สำนักงานสถิติแห่งชาติ
2566,ยะลา,รายได้ทั้งสิ้นต่อเดือน,ลูกจ้าง,ผู้ปฏิบัติงานในกระบวนการผลิตก่อสร้างและเหมืองแร่,19434.00,บาท,,สำนักงานสถิติแห่งชาติ
2566,ยะลา,รายได้ทั้งสิ้นต่อเดือน,ผู้ไม่ได้ปฏิบัติงานเชิงเศรษฐกิจ,ผู้ไม่ได้ปฏิบัติงานเชิงเศรษฐกิจ,21482.00,บาท,,สำนักงานสถิติแห่งชาติ
2566,ยะลา,ค่าใช้จ่ายทั้งสิ้นต่อเดือน,รวมทั้งสิ้น,รวมทั้งสิ้น,19030.00,บาท,,สำนักงานสถิติแห่งชาติ
2566,ยะลา,ค่าใช้จ่ายทั้งสิ้นต่อเดือน,ผู้ถือครองทำการเกษตร/เพาะเลี้ยง,ปลูกพืช/เลี้ยงสัตว์/เพาะเลี้ยง_ส่วนใหญ่เป็นเจ้าของที่ดิน,16499.00,บาท,,สำนักงานสถิติแห่งชาติ
2566,ยะลา,ค่าใช้จ่ายทั้งสิ้นต่อเดือน,ผู้ถือครองทำการเกษตร/เพาะเลี้ยง,ปลูกพืช/เลี้ยงสัตว์/เพาะเลี้ยง_ส่วนใหญ่เช่าที่ดิน/ทำฟรี,7923.00,บาท,,สำนักงานสถิติแห่งชาติ
2566,ยะลา,ค่าใช้จ่ายทั้งสิ้นต่อเดือน,ผู้ถือครองทำการเกษตร/เพาะเลี้ยง,ประมงป่าไม้ล่าสัตว์หาของป่าบริการทางการเกษตร,.00,บาท,"ศูนย์ยกกำลังดับเบิลยู หมายถึง ข้อมูลจากการสำรวจตัวอย่างมีค่าเป็น 0",สำนักงานสถิติแห่งชาติ
2566,ยะลา,ค่าใช้จ่ายทั้งสิ้นต่อเดือน,ผู้ประกอบธุรกิจของตนเองที่ไม่ใช่การเกษตร,ผู้ประกอบธุรกิจของตนเองที่ไม่ใช่การเกษตร,23291.00,บาท,,สำนักงานสถิติแห่งชาติ
2566,ยะลา,ค่าใช้จ่ายทั้งสิ้นต่อเดือน,ลูกจ้าง,ผู้จัดการนักวิชาการและผู้ปฏิบัติงานวิชาชีพ,33295.00,บาท,,สำนักงานสถิติแห่งชาติ
2566,ยะลา,ค่าใช้จ่ายทั้งสิ้นต่อเดือน,ลูกจ้าง,คนงานเกษตรป่าไม้และประมง,12795.00,บาท,,สำนักงานสถิติแห่งชาติ
2566,ยะลา,ค่าใช้จ่ายทั้งสิ้นต่อเดือน,ลูกจ้าง,คนงานด้านการขนส่งและงานพื้นฐาน,11881.00,บาท,,สำนักงานสถิติแห่งชาติ
2566,ยะลา,ค่าใช้จ่ายทั้งสิ้นต่อเดือน,ลูกจ้าง,เสมียนพนักงานขายและให้บริการ,18273.00,บาท,,สำนักงานสถิติแห่งชาติ
2566,ยะลา,ค่าใช้จ่ายทั้งสิ้นต่อเดือน,ลูกจ้าง,ผู้ปฏิบัติงานในกระบวนการผลิตก่อสร้างและเหมืองแร่,15992.00,บาท,,สำนักงานสถิติแห่งชาติ
2566,ยะลา,ค่าใช้จ่ายทั้งสิ้นต่อเดือน,ผู้ไม่ได้ปฏิบัติงานเชิงเศรษฐกิจ,ผู้ไม่ได้ปฏิบัติงานเชิงเศรษฐกิจ,16272.00,บาท,,สำนักงานสถิติแห่งชาติ
2566,ยะลา,หนี้สินเฉลี่ยต่อครัวเรือนทั้งสิ้น,รวมทั้งสิ้น,รวมทั้งสิ้น,133721.00,บาท,,สำนักงานสถิติแห่งชาติ
2566,ยะลา,หนี้สินเฉลี่ยต่อครัวเรือนทั้งสิ้น,ผู้ถือครองทำการเกษตร/เพาะเลี้ยง,ปลูกพืช/เลี้ยงสัตว์/เพาะเลี้ยง_ส่วนใหญ่เป็นเจ้าของที่ดิน,59142.00,บาท,,สำนักงานสถิติแห่งชาติ
2566,ยะลา,หนี้สินเฉลี่ยต่อครัวเรือนทั้งสิ้น,ผู้ถือครองทำการเกษตร/เพาะเลี้ยง,ปลูกพืช/เลี้ยงสัตว์/เพาะเลี้ยง_ส่วนใหญ่เช่าที่ดิน/ทำฟรี,.00,บาท,"ศูนย์ยกกำลังดับเบิลยู หมายถึง ข้อมูลจากการสำรวจตัวอย่างมีค่าเป็น 0",สำนักงานสถิติแห่งชาติ
2566,ยะลา,หนี้สินเฉลี่ยต่อครัวเรือนทั้งสิ้น,ผู้ถือครองทำการเกษตร/เพาะเลี้ยง,ประมงป่าไม้ล่าสัตว์หาของป่าบริการทางการเกษตร,.00,บาท,"ศูนย์ยกกำลังดับเบิลยู หมายถึง ข้อมูลจากการสำรวจตัวอย่างมีค่าเป็น 0",สำนักงานสถิติแห่งชาติ
2566,ยะลา,หนี้สินเฉลี่ยต่อครัวเรือนทั้งสิ้น,ผู้ประกอบธุรกิจของตนเองที่ไม่ใช่การเกษตร,ผู้ประกอบธุรกิจของตนเองที่ไม่ใช่การเกษตร,307688.00,บาท,,สำนักงานสถิติแห่งชาติ
2566,ยะลา,หนี้สินเฉลี่ยต่อครัวเรือนทั้งสิ้น,ลูกจ้าง,ผู้จัดการนักวิชาการและผู้ปฏิบัติงานวิชาชีพ,360741.00,บาท,,สำนักงานสถิติแห่งชาติ
2566,ยะลา,หนี้สินเฉลี่ยต่อครัวเรือนทั้งสิ้น,ลูกจ้าง,คนงานเกษตรป่าไม้และประมง,23095.00,บาท,,สำนักงานสถิติแห่งชาติ
2566,ยะลา,หนี้สินเฉลี่ยต่อครัวเรือนทั้งสิ้น,ลูกจ้าง,คนงานด้านการขนส่งและงานพื้นฐาน,991.00,บาท,,สำนักงานสถิติแห่งชาติ
2566,ยะลา,หนี้สินเฉลี่ยต่อครัวเรือนทั้งสิ้น,ลูกจ้าง,เสมียนพนักงานขายและให้บริการ,106012.00,บาท,,สำนักงานสถิติแห่งชาติ
2566,ยะลา,หนี้สินเฉลี่ยต่อครัวเรือนทั้งสิ้น,ลูกจ้าง,ผู้ปฏิบัติงานในกระบวนการผลิตก่อสร้างและเหมืองแร่,79145.00,บาท,,สำนักงานสถิติแห่งชาติ
2566,ยะลา,หนี้สินเฉลี่ยต่อครัวเรือนทั้งสิ้น,ผู้ไม่ได้ปฏิบัติงานเชิงเศรษฐกิจ,ผู้ไม่ได้ปฏิบัติงานเชิงเศรษฐกิจ,69024.00,บาท,,สำนักงานสถิติแห่งชาติ
2566,ยะลา,ร้อยละของค่าใช้จ่ายต่อรายได้,รวมทั้งสิ้น,รวมทั้งสิ้น,71.12,ร้อยละ,,สำนักงานสถิติแห่งชาติ
2566,ยะลา,ร้อยละของค่าใช้จ่ายต่อรายได้,ผู้ถือครองทำการเกษตร/เพาะเลี้ยง,ปลูกพืช/เลี้ยงสัตว์/เพาะเลี้ยง_ส่วนใหญ่เป็นเจ้าของที่ดิน,85.74,ร้อยละ,,สำนักงานสถิติแห่งชาติ
2566,ยะลา,ร้อยละของค่าใช้จ่ายต่อรายได้,ผู้ถือครองทำการเกษตร/เพาะเลี้ยง,ปลูกพืช/เลี้ยงสัตว์/เพาะเลี้ยง_ส่วนใหญ่เช่าที่ดิน/ทำฟรี,91.65,ร้อยละ,,สำนักงานสถิติแห่งชาติ
2566,ยะลา,ร้อยละของค่าใช้จ่ายต่อรายได้,ผู้ถือครองทำการเกษตร/เพาะเลี้ยง,ประมงป่าไม้ล่าสัตว์หาของป่าบริการทางการเกษตร,.00,ร้อยละ,"ศูนย์จุดศูนย์ศูนย์ยกกำลังดับเบิลยู หมายถึง ข้อมูลจากการสำรวจตัวอย่างมีค่าเป็น 0",สำนักงานสถิติแห่งชาติ
2566,ยะลา,ร้อยละของค่าใช้จ่ายต่อรายได้,ผู้ประกอบธุรกิจของตนเองที่ไม่ใช่การเกษตร,ผู้ประกอบธุรกิจของตนเองที่ไม่ใช่การเกษตร,45.26,ร้อยละ,,สำนักงานสถิติแห่งชาติ
2566,ยะลา,ร้อยละของค่าใช้จ่ายต่อรายได้,ลูกจ้าง,ผู้จัดการนักวิชาการและผู้ปฏิบัติงานวิชาชีพ,72.85,ร้อยละ,,สำนักงานสถิติแห่งชาติ
2566,ยะลา,ร้อยละของค่าใช้จ่ายต่อรายได้,ลูกจ้าง,คนงานเกษตรป่าไม้และประมง,101.28,ร้อยละ,,สำนักงานสถิติแห่งชาติ
2566,ยะลา,ร้อยละของค่าใช้จ่ายต่อรายได้,ลูกจ้าง,คนงานด้านการขนส่งและงานพื้นฐาน,79.71,ร้อยละ,,สำนักงานสถิติแห่งชาติ
2566,ยะลา,ร้อยละของค่าใช้จ่ายต่อรายได้,ลูกจ้าง,เสมียนพนักงานขายและให้บริการ,84.42,ร้อยละ,,สำนักงานสถิติแห่งชาติ
2566,ยะลา,ร้อยละของค่าใช้จ่ายต่อรายได้,ลูกจ้าง,ผู้ปฏิบัติงานในกระบวนการผลิตก่อสร้างและเหมืองแร่,82.29,ร้อยละ,,สำนักงานสถิติแห่งชาติ
2566,ยะลา,ร้อยละของค่าใช้จ่ายต่อรายได้,ผู้ไม่ได้ปฏิบัติงานเชิงเศรษฐกิจ,ผู้ไม่ได้ปฏิบัติงานเชิงเศรษฐกิจ,75.75,ร้อยละ,,สำนักงานสถิติแห่งชาติ
2566,นราธิวาส,รายได้ทั้งสิ้นต่อเดือน,รวมทั้งสิ้น,รวมทั้งสิ้น,18333.00,บาท,,สำนักงานสถิติแห่งชาติ
2566,นราธิวาส,รายได้ทั้งสิ้นต่อเดือน,ผู้ถือครองทำการเกษตร/เพาะเลี้ยง,ปลูกพืช/เลี้ยงสัตว์/เพาะเลี้ยง_ส่วนใหญ่เป็นเจ้าของที่ดิน,6756.00,บาท,,สำนักงานสถิติแห่งชาติ
2566,นราธิวาส,รายได้ทั้งสิ้นต่อเดือน,ผู้ประกอบธุรกิจของตนเองที่ไม่ใช่การเกษตร,ผู้ประกอบธุรกิจของตนเองที่ไม่ใช่การเกษตร,21175.00,บาท,,สำนักงานสถิติแห่งชาติ
2566,นราธิวาส,รายได้ทั้งสิ้นต่อเดือน,ลูกจ้าง,ผู้จัดการนักวิชาการและผู้ปฏิบัติงานวิชาชีพ,46864.00,บาท,,สำนักงานสถิติแห่งชาติ
2566,นราธิวาส,รายได้ทั้งสิ้นต่อเดือน,ลูกจ้าง,คนงานเกษตรป่าไม้และประมง,7938.00,บาท,,สำนักงานสถิติแห่งชาติ
2566,นราธิวาส,รายได้ทั้งสิ้นต่อเดือน,ลูกจ้าง,คนงานด้านการขนส่งและงานพื้นฐาน,14300.00,บาท,,สำนักงานสถิติแห่งชาติ
2566,นราธิวาส,รายได้ทั้งสิ้นต่อเดือน,ลูกจ้าง,เสมียนพนักงานขายและให้บริการ,17376.00,บาท,,สำนักงานสถิติแห่งชาติ
2566,นราธิวาส,รายได้ทั้งสิ้นต่อเดือน,ผู้ถือครองทำการเกษตร/เพาะเลี้ยง,ปลูกพืช/เลี้ยงสัตว์/เพาะเลี้ยง_ส่วนใหญ่เช่าที่ดิน/ทำฟรี,.00,บาท,"ศูนย์ยกกำลังดับเบิลยู หมายถึง ข้อมูลจากการสำรวจตัวอย่างมีค่าเป็น 0",สำนักงานสถิติแห่งชาติ
2566,นราธิวาส,รายได้ทั้งสิ้นต่อเดือน,ผู้ถือครองทำการเกษตร/เพาะเลี้ยง,ประมงป่าไม้ล่าสัตว์หาของป่าบริการทางการเกษตร,.00,บาท,"ศูนย์ยกกำลังดับเบิลยู หมายถึง ข้อมูลจากการสำรวจตัวอย่างมีค่าเป็น 0",สำนักงานสถิติแห่งชาติ
2566,นราธิวาส,รายได้ทั้งสิ้นต่อเดือน,ลูกจ้าง,ผู้ปฏิบัติงานในกระบวนการผลิตก่อสร้างและเหมืองแร่,15359.00,บาท,,สำนักงานสถิติแห่งชาติ
2566,นราธิวาส,รายได้ทั้งสิ้นต่อเดือน,ผู้ไม่ได้ปฏิบัติงานเชิงเศรษฐกิจ,ผู้ไม่ได้ปฏิบัติงานเชิงเศรษฐกิจ,9882.00,บาท,,สำนักงานสถิติแห่งชาติ
2566,นราธิวาส,ค่าใช้จ่ายทั้งสิ้นต่อเดือน,รวมทั้งสิ้น,รวมทั้งสิ้น,17638.00,บาท,,สำนักงานสถิติแห่งชาติ
2566,นราธิวาส,ค่าใช้จ่ายทั้งสิ้นต่อเดือน,ผู้ถือครองทำการเกษตร/เพาะเลี้ยง,ปลูกพืช/เลี้ยงสัตว์/เพาะเลี้ยง_ส่วนใหญ่เป็นเจ้าของที่ดิน,13069.00,บาท,,สำนักงานสถิติแห่งชาติ
2566,นราธิวาส,ค่าใช้จ่ายทั้งสิ้นต่อเดือน,ผู้ถือครองทำการเกษตร/เพาะเลี้ยง,ปลูกพืช/เลี้ยงสัตว์/เพาะเลี้ยง_ส่วนใหญ่เช่าที่ดิน/ทำฟรี,.00,บาท,"ศูนย์ยกกำลังดับเบิลยู หมายถึง ข้อมูลจากการสำรวจตัวอย่างมีค่าเป็น 0",สำนักงานสถิติแห่งชาติ
2566,นราธิวาส,ค่าใช้จ่ายทั้งสิ้นต่อเดือน,ผู้ถือครองทำการเกษตร/เพาะเลี้ยง,ประมงป่าไม้ล่าสัตว์หาของป่าบริการทางการเกษตร,.00,บาท,"ศูนย์ยกกำลังดับเบิลยู หมายถึง ข้อมูลจากการสำรวจตัวอย่างมีค่าเป็น 0",สำนักงานสถิติแห่งชาติ
2566,นราธิวาส,ค่าใช้จ่ายทั้งสิ้นต่อเดือน,ผู้ประกอบธุรกิจของตนเองที่ไม่ใช่การเกษตร,ผู้ประกอบธุรกิจของตนเองที่ไม่ใช่การเกษตร,21639.00,บาท,,สำนักงานสถิติแห่งชาติ
2566,นราธิวาส,ค่าใช้จ่ายทั้งสิ้นต่อเดือน,ลูกจ้าง,ผู้จัดการนักวิชาการและผู้ปฏิบัติงานวิชาชีพ,35715.00,บาท,,สำนักงานสถิติแห่งชาติ
2566,นราธิวาส,ค่าใช้จ่ายทั้งสิ้นต่อเดือน,ลูกจ้าง,คนงานเกษตรป่าไม้และประมง,10523.00,บาท,,สำนักงานสถิติแห่งชาติ
2566,นราธิวาส,ค่าใช้จ่ายทั้งสิ้นต่อเดือน,ลูกจ้าง,คนงานด้านการขนส่งและงานพื้นฐาน,13704.00,บาท,,สำนักงานสถิติแห่งชาติ
2566,นราธิวาส,ค่าใช้จ่ายทั้งสิ้นต่อเดือน,ลูกจ้าง,เสมียนพนักงานขายและให้บริการ,16917.00,บาท,,สำนักงานสถิติแห่งชาติ
2566,นราธิวาส,ค่าใช้จ่ายทั้งสิ้นต่อเดือน,ลูกจ้าง,ผู้ปฏิบัติงานในกระบวนการผลิตก่อสร้างและเหมืองแร่,15416.00,บาท,,สำนักงานสถิติแห่งชาติ
2566,นราธิวาส,ค่าใช้จ่ายทั้งสิ้นต่อเดือน,ผู้ไม่ได้ปฏิบัติงานเชิงเศรษฐกิจ,ผู้ไม่ได้ปฏิบัติงานเชิงเศรษฐกิจ,10812.00,บาท,,สำนักงานสถิติแห่งชาติ
2566,นราธิวาส,หนี้สินเฉลี่ยต่อครัวเรือนทั้งสิ้น,รวมทั้งสิ้น,รวมทั้งสิ้น,68281.00,บาท,,สำนักงานสถิติแห่งชาติ
2566,นราธิวาส,หนี้สินเฉลี่ยต่อครัวเรือนทั้งสิ้น,ผู้ถือครองทำการเกษตร/เพาะเลี้ยง,ปลูกพืช/เลี้ยงสัตว์/เพาะเลี้ยง_ส่วนใหญ่เป็นเจ้าของที่ดิน,36695.00,บาท,,สำนักงานสถิติแห่งชาติ
2566,นราธิวาส,หนี้สินเฉลี่ยต่อครัวเรือนทั้งสิ้น,ผู้ถือครองทำการเกษตร/เพาะเลี้ยง,ปลูกพืช/เลี้ยงสัตว์/เพาะเลี้ยง_ส่วนใหญ่เช่าที่ดิน/ทำฟรี,.00,บาท,"ศูนย์ยกกำลังดับเบิลยู หมายถึง ข้อมูลจากการสำรวจตัวอย่างมีค่าเป็น 0",สำนักงานสถิติแห่งชาติ
2566,นราธิวาส,หนี้สินเฉลี่ยต่อครัวเรือนทั้งสิ้น,ผู้ถือครองทำการเกษตร/เพาะเลี้ยง,ประมงป่าไม้ล่าสัตว์หาของป่าบริการทางการเกษตร,.00,บาท,"ศูนย์ยกกำลังดับเบิลยู หมายถึง ข้อมูลจากการสำรวจตัวอย่างมีค่าเป็น 0",สำนักงานสถิติแห่งชาติ
2566,นราธิวาส,หนี้สินเฉลี่ยต่อครัวเรือนทั้งสิ้น,ผู้ประกอบธุรกิจของตนเองที่ไม่ใช่การเกษตร,ผู้ประกอบธุรกิจของตนเองที่ไม่ใช่การเกษตร,115549.00,บาท,,สำนักงานสถิติแห่งชาติ
2566,นราธิวาส,หนี้สินเฉลี่ยต่อครัวเรือนทั้งสิ้น,ลูกจ้าง,ผู้จัดการนักวิชาการและผู้ปฏิบัติงานวิชาชีพ,260203.00,บาท,,สำนักงานสถิติแห่งชาติ
2566,นราธิวาส,หนี้สินเฉลี่ยต่อครัวเรือนทั้งสิ้น,ลูกจ้าง,คนงานเกษตรป่าไม้และประมง,6418.00,บาท,,สำนักงานสถิติแห่งชาติ
2566,นราธิวาส,หนี้สินเฉลี่ยต่อครัวเรือนทั้งสิ้น,ลูกจ้าง,คนงานด้านการขนส่งและงานพื้นฐาน,21228.00,บาท,,สำนักงานสถิติแห่งชาติ
2566,นราธิวาส,หนี้สินเฉลี่ยต่อครัวเรือนทั้งสิ้น,ลูกจ้าง,เสมียนพนักงานขายและให้บริการ,41233.00,บาท,,สำนักงานสถิติแห่งชาติ
2566,นราธิวาส,หนี้สินเฉลี่ยต่อครัวเรือนทั้งสิ้น,ลูกจ้าง,ผู้ปฏิบัติงานในกระบวนการผลิตก่อสร้างและเหมืองแร่,20256.00,บาท,,สำนักงานสถิติแห่งชาติ
2566,นราธิวาส,หนี้สินเฉลี่ยต่อครัวเรือนทั้งสิ้น,ผู้ไม่ได้ปฏิบัติงานเชิงเศรษฐกิจ,ผู้ไม่ได้ปฏิบัติงานเชิงเศรษฐกิจ,19552.00,บาท,,สำนักงานสถิติแห่งชาติ
2566,นราธิวาส,ร้อยละของค่าใช้จ่ายต่อรายได้,รวมทั้งสิ้น,รวมทั้งสิ้น,96.21,ร้อยละ,,สำนักงานสถิติแห่งชาติ
2566,นราธิวาส,ร้อยละของค่าใช้จ่ายต่อรายได้,ผู้ถือครองทำการเกษตร/เพาะเลี้ยง,ปลูกพืช/เลี้ยงสัตว์/เพาะเลี้ยง_ส่วนใหญ่เป็นเจ้าของที่ดิน,193.43,ร้อยละ,,สำนักงานสถิติแห่งชาติ
2566,นราธิวาส,ร้อยละของค่าใช้จ่ายต่อรายได้,ผู้ถือครองทำการเกษตร/เพาะเลี้ยง,ปลูกพืช/เลี้ยงสัตว์/เพาะเลี้ยง_ส่วนใหญ่เช่าที่ดิน/ทำฟรี,.00,ร้อยละ,"ศูนย์จุดศูนย์ศูนย์ยกกำลังดับเบิลยู หมายถึง ข้อมูลจากการสำรวจตัวอย่างมีค่าเป็น 0",สำนักงานสถิติแห่งชาติ
2566,นราธิวาส,ร้อยละของค่าใช้จ่ายต่อรายได้,ผู้ถือครองทำการเกษตร/เพาะเลี้ยง,ประมงป่าไม้ล่าสัตว์หาของป่าบริการทางการเกษตร,.00,ร้อยละ,"ศูนย์จุดศูนย์ศูนย์ยกกำลังดับเบิลยู หมายถึง ข้อมูลจากการสำรวจตัวอย่างมีค่าเป็น 0",สำนักงานสถิติแห่งชาติ
2566,นราธิวาส,ร้อยละของค่าใช้จ่ายต่อรายได้,ผู้ประกอบธุรกิจของตนเองที่ไม่ใช่การเกษตร,ผู้ประกอบธุรกิจของตนเองที่ไม่ใช่การเกษตร,102.19,ร้อยละ,,สำนักงานสถิติแห่งชาติ
2566,นราธิวาส,ร้อยละของค่าใช้จ่ายต่อรายได้,ลูกจ้าง,ผู้จัดการนักวิชาการและผู้ปฏิบัติงานวิชาชีพ,76.21,ร้อยละ,,สำนักงานสถิติแห่งชาติ
2566,นราธิวาส,ร้อยละของค่าใช้จ่ายต่อรายได้,ลูกจ้าง,คนงานเกษตรป่าไม้และประมง,132.56,ร้อยละ,,สำนักงานสถิติแห่งชาติ
2566,นราธิวาส,ร้อยละของค่าใช้จ่ายต่อรายได้,ลูกจ้าง,คนงานด้านการขนส่งและงานพื้นฐาน,95.84,ร้อยละ,,สำนักงานสถิติแห่งชาติ
2566,นราธิวาส,ร้อยละของค่าใช้จ่ายต่อรายได้,ลูกจ้าง,เสมียนพนักงานขายและให้บริการ,97.36,ร้อยละ,,สำนักงานสถิติแห่งชาติ
2566,นราธิวาส,ร้อยละของค่าใช้จ่ายต่อรายได้,ลูกจ้าง,ผู้ปฏิบัติงานในกระบวนการผลิตก่อสร้างและเหมืองแร่,100.37,ร้อยละ,,สำนักงานสถิติแห่งชาติ
2566,นราธิวาส,ร้อยละของค่าใช้จ่ายต่อรายได้,ผู้ไม่ได้ปฏิบัติงานเชิงเศรษฐกิจ,ผู้ไม่ได้ปฏิบัติงานเชิงเศรษฐกิจ,109.41,ร้อยละ,,สำนักงานสถิติแห่งชาติ
